brand,model,car_number,size,occupancy,branch_id
Audi,A6,WAUDFAFL2EN968597,17.97,3,144.36
Ford,F150,YV1960AS6A1061221,16.0,5,191.6
Ford,Courier,1D7CE2BK3AS589713,17.48,3,120.35
Mazda,MX-5,WBA6B4C52DD271737,14.2,6,88.92
Infiniti,QX,JTHBL5EF2D5437984,12.37,2,106.16
Nissan,Altima,JTHBW1GG7F2489721,13.77,6,186.66
Dodge,Durango,KNALN4D77F5098126,13.74,7,90.13
GMC,Savana 1500,5J8TB3H3XFL527706,17.73,2,134.37
Volkswagen,Touareg,WAULC68E42A307365,15.11,4,192.05
Jeep,Cherokee,1D4PU4GK2BW951983,16.81,7,132.21
Mercedes-Benz,CL-Class,3N1AB6AP7CL815075,11.84,4,77.45
Ford,Escort,WBADN63431G843197,14.92,6,55.65
Isuzu,VehiCROSS,WAUFL44D93N260133,12.32,7,153.8
Acura,TSX,1FTSE3EL8AD032538,10.36,6,66.93
Toyota,RAV4,2HNYD18885H395579,11.65,4,124.75
Mitsubishi,Diamante,1G6AE5SX3D0254145,14.24,5,190.38
Hyundai,Genesis Coupe,5N1AN0NWXFN702899,10.68,5,158.67
Pontiac,Bonneville,3FA6P0LU8ER358660,13.2,7,79.7
Pontiac,LeMans,WAUED54B91N542914,16.44,3,100.45
Toyota,Sienna,2G61R5S3XD9733704,16.48,3,176.24
Hummer,H1,WBA3B5G55FN088932,13.1,2,192.0
Volvo,XC90,WAUWG94F39N142333,12.4,6,196.26
Pontiac,Grand Prix,JN1CV6FEXDM299602,14.5,4,152.22
Lotus,Esprit,WA1CFBFP4DA301781,13.87,4,172.81
Saab,9-3,WBAEA53538C807367,11.68,3,70.13
Dodge,Viper RT/10,1FTSW3B5XAE147624,13.81,7,199.95
Honda,Element,JH4DC53825S212951,11.53,2,188.87
Saab,900,3C4PDDGG4ET421856,13.43,6,164.16
Volkswagen,Jetta,KNAGG4A87A5388402,12.85,3,192.54
Isuzu,Hombre Space,WAULT58EX5A763868,10.78,7,125.82
Toyota,RAV4,1FTWF3C59AE641778,11.55,4,62.34
Scion,xD,19UYA41733A701909,16.76,4,141.76
Nissan,Versa,SCFEBBBC6AG606397,12.35,7,95.49
Pontiac,Trans Sport,WUARL48H05K824854,12.85,7,125.02
Toyota,Solara,1N6AA0CJ4EN849738,16.84,2,64.52
Chevrolet,Beretta,2FMDK3AC5AB809119,16.39,3,66.85
GMC,Yukon,JN8AF5MR1DT863570,11.3,2,85.59
Mitsubishi,Galant,1GYS3AEF3DR675422,15.62,5,140.45
Jeep,Cherokee,1N4AA5AP6CC838889,11.12,4,91.95
Mercedes-Benz,SL-Class,3VW507AT8FM296086,13.47,5,135.37
Chevrolet,Blazer,19UUA66254A379881,10.83,5,59.73
Chevrolet,Cruze,4JGBB9FB8AA691205,12.94,7,167.26
Chevrolet,Silverado 3500,JH4DC54863S167119,17.79,4,78.03
Toyota,Matrix,1G4GE5G30FF058284,17.02,2,84.28
Dodge,Ram 3500 Club,1FTSW3A50AE884946,16.68,6,53.45
Chevrolet,HHR,WAULD64BX4N847307,11.46,2,167.73
Chevrolet,Monte Carlo,JTHKD5BH0D2583188,10.5,3,179.23
Mazda,Mazdaspeed 3,SCBCU8ZA0AC638280,13.86,4,197.63
Acura,NSX,WAUAGAFD5EN670229,12.95,4,179.77
Plymouth,Grand Voyager,1FAHP3CN5AW353183,10.01,7,66.58
Mercedes-Benz,CL-Class,WBA3V9C5XF5960218,12.03,4,184.66
Buick,Special,KMHGH4JF9BU910397,16.71,4,178.0
Volvo,V70,WAUKH98E08A075063,17.07,2,190.04
Chevrolet,Cavalier,5GAEV23708J062498,16.34,4,164.16
Chevrolet,Corvette,5N1AT2MLXFC066652,15.03,4,108.09
Lincoln,MKX,5GAKRCED0CJ142716,16.07,2,54.8
Suzuki,SJ,1G4HD57278U727342,11.61,3,62.16
Land Rover,Range Rover,YV4902NCXF1813531,14.5,3,199.29
Aston Martin,V8 Vantage,5BZAF0AA6EN570346,17.83,5,137.4
Volkswagen,rio,1FTWW3B5XAE616423,11.43,3,66.64
Nissan,Titan,3G5DA03L27S731897,10.09,2,134.79
Land Rover,Range Rover,WA1WKBFP3CA935770,10.4,7,120.09
Volkswagen,GTI,4A37L3ET0AE892438,10.64,5,161.14
Pontiac,Bonneville,1C4RDJEG7DC719421,14.22,3,150.81
Ford,Ranger,WAUGFAFR0DA464198,13.97,6,56.64
Ford,Mustang,WBADR63402G857290,11.33,6,100.54
Porsche,Cayenne,1N6AA0CJXEN609982,13.32,3,71.23
Hyundai,Azera,1FTEW1E85AK914577,10.47,2,50.91
Isuzu,Ascender,WAUBFAFL4CN211348,13.57,2,167.95
Honda,Ridgeline,WBA6B2C59ED879647,10.61,2,115.0
Audi,Cabriolet,5XYZT3LBXDG325669,10.44,5,54.28
Bentley,Continental GTC,1GYFK43579R142982,14.82,2,166.65
Cadillac,Eldorado,JN8AE2KPXD9850400,15.11,7,177.53
Buick,Park Avenue,5GAKRBKD8DJ104280,15.83,6,84.91
Ford,E350,KNAFX6A81F5308591,13.46,5,132.58
Mercedes-Benz,300D,WAUVT58E45A409983,17.08,3,172.44
Ford,Escort,WBAVD33536K259126,17.34,6,79.12
Volvo,C70,WAUKF78E87A002063,10.19,2,161.18
Buick,Electra,WAULT64B42N550484,12.29,2,161.02
Hyundai,Azera,WVWDB7AJ8EW189948,12.73,6,118.51
Pontiac,GTO,1N4AA5AP1EC797798,10.5,3,106.55
Pontiac,Sunbird,3VWPG3AG0AM634119,10.36,2,195.37
Ford,Explorer Sport Trac,1GKS1CE0XER149278,12.08,7,142.82
Saturn,Relay,SALAB2V64FA243877,11.89,5,71.45
GMC,Sierra Hybrid,WBA3R5C52FF077575,13.0,2,150.65
Lincoln,Aviator,1G6DL5E34C0620804,14.28,3,115.08
Chevrolet,S10,WBA3B9G57FN607311,12.33,2,119.08
Oldsmobile,Ciera,1G6ET12932B307347,15.25,2,108.51
Toyota,Tacoma,JN1AY1AR6DM744865,11.09,2,116.19
Ford,Mustang,19UYA42523A567374,15.19,3,95.37
Pontiac,Safari,SAJWA4HA2EM474187,12.77,3,198.47
Honda,Accord,1G4HP52K14U512502,13.97,4,148.76
Nissan,Quest,WAUJT58E62A380075,16.68,6,74.57
Bentley,Continental Flying Spur,WAUGFBFC8EN320121,13.43,5,116.99
Acura,Integra,WVGEG9BP3CD364471,17.53,2,131.48
Mitsubishi,Galant,5NPDH4AE9FH843525,11.98,5,193.53
Chevrolet,APV,19VDE2E50DE250699,16.45,7,84.26
Toyota,Avalon,1FTNS1EWXAD960971,16.84,4,75.51
Dodge,Ram 3500,JN1CV6FE2BM691986,14.12,7,99.18
Toyota,Sienna,1G6DV57V480411823,13.83,7,184.25
Chevrolet,Blazer,19UUA65664A305549,14.63,5,68.7
Audi,5000S,1G4GA5GR7DF291012,14.27,2,148.24
Land Rover,Range Rover,1N6AA0CA5AN038797,16.16,3,84.28
Chevrolet,Traverse,SAJWA4DB2EL481337,13.48,5,77.8
Honda,Civic,WBAPM73519A841705,15.53,7,182.89
Buick,Regal,SCFEBBAK4BG295725,13.93,3,50.95
Ford,Escort,WBAVC53588F770664,12.12,5,129.05
Chevrolet,Equinox,1G6DM5EYXB0175492,16.49,2,104.16
Ford,Expedition,3GYVKLEF3AG650138,10.78,7,144.79
Ford,Festiva,5UXZV8C58D0780087,15.08,6,151.58
Mercedes-Benz,M-Class,WBANU53578C114292,11.43,5,124.36
Audi,S4,1FMEU3BE5AU911884,11.05,4,50.77
Mercedes-Benz,Sprinter 2500,5N1AZ2MG4FN816987,14.53,2,75.62
Chrysler,300M,WAUKG78E16A935086,13.62,3,53.77
Pontiac,6000,2CTALBEW8A6218608,15.0,6,177.88
Plymouth,Breeze,1C3CDZBG7DN639392,12.3,5,183.83
Mazda,Mazdaspeed6,2G4WB55K721325923,11.89,2,190.1
Mitsubishi,Mirage,WAUVT54B12N145654,16.7,4,193.17
Ford,Flex,JN1BJ0HP6DM507851,12.31,3,122.08
Lexus,RX,5TDDK3DC1BS365966,13.07,5,114.91
Nissan,240SX,JHMZF1D64ES803253,17.33,7,50.87
Fiat,Nuova 500,WAUXL68E44A084877,10.72,2,121.02
Chevrolet,Impala,SCFEBBBK4EG168251,16.83,7,155.6
Audi,Q7,5N1AR1NB2AC144607,14.01,4,165.64
Saab,9-5,SAJWA4GB3EL297293,14.83,3,98.0
Lincoln,Continental,KMHDB8AE6CU053279,14.87,7,161.13
Plymouth,Fury,WBSVA93568E985426,16.34,4,104.52
Kia,Optima,WBA3B3C51DJ732845,17.32,6,102.01
Eagle,Vision,WAULT68EX2A060420,17.1,4,81.4
BMW,Z4 M Roadster,WAUDG74F75N201339,12.29,7,76.16
Mazda,Tribute,5J8TB182X9A922903,10.82,2,69.38
Ford,Th!nk,SAJWA4GC7EM212944,13.33,6,141.74
GMC,Sonoma,WAUKG78E56A215712,16.03,5,68.99
Suzuki,X-90,4T3BA3BB6AU575965,16.74,7,145.28
Chrysler,Sebring,1FTEW1CMXDF303974,11.53,5,137.98
Pontiac,Vibe,3D4PH5FV6AT860368,14.14,7,120.67
Plymouth,Grand Voyager,2T1BU4EE6CC014021,15.29,7,59.85
Oldsmobile,Achieva,5UXFA13565L607190,12.51,6,60.26
Toyota,Camry,JTDKN3DP1E3628433,10.95,3,112.86
Subaru,Brat,4T1BF3EK8BU573948,12.49,2,138.38
GMC,Savana 2500,WBAWB33578P685207,15.99,5,65.0
Mitsubishi,Eclipse,WAUHFAFL0CN446243,16.77,3,87.32
Ford,Explorer Sport Trac,1G6AZ5SX7F0323183,15.66,4,55.45
Volkswagen,Golf,KMHDB8AE4BU470494,15.35,3,188.45
Audi,Allroad,2G61V5S84F9324298,16.34,4,190.15
Mazda,B-Series,1N6AA0EC6EN968583,17.22,5,83.53
Toyota,Camry,JH4DC44531S051079,13.98,7,66.14
Pontiac,Firebird,JTJBARBZ4F2056958,13.26,4,56.03
Chevrolet,Silverado 1500,WA1C8BFP8FA102925,15.13,7,160.51
Hyundai,Accent,WAUMFAFL7AA334493,12.46,3,158.42
BMW,M3,WBSWD93508P290942,15.37,4,146.94
Chevrolet,1500,5UXFE83578L451548,15.06,2,140.6
Subaru,Legacy,WAUKH74F28N318013,15.29,6,116.43
Volvo,XC90,JH4DC53862C288713,12.32,5,81.69
Infiniti,Q,WP0AA2A96FS572343,12.92,6,128.32
Nissan,Pathfinder,1FTSW2B51AE960568,11.5,7,166.78
Lincoln,Town Car,1N4AB7AP9DN235451,16.89,4,134.06
Jeep,Wrangler,WBAEV53475K239590,11.04,5,130.86
Lincoln,Navigator,4T1BF3EK5AU859108,10.68,4,160.71
Toyota,Sienna,JH4CL969X5C211936,11.07,7,101.0
Lincoln,Continental,SCBBR93W89C725413,17.78,5,59.24
Ford,F150,5J6TF3H30CL185594,12.49,6,153.62
Cadillac,Escalade EXT,1HGCP2F38AA280091,13.31,7,74.21
Dodge,D150 Club,JN8AZ1MU7DW009475,11.73,2,63.75
Porsche,911,1D7RE5GKXBS036661,14.17,4,120.46
Nissan,Maxima,WAUKD98P07A430874,15.79,4,189.49
Ford,F-Series Super Duty,3VWML7AJXBM781616,16.86,4,172.27
Suzuki,SJ,SCBZB25EX1C730079,17.34,2,142.3
Pontiac,G5,WAUEF78E26A381248,10.49,7,197.79
Toyota,Echo,WBXPA93485W000270,13.0,4,88.9
Mitsubishi,3000GT,WDBSK7AA5BF763603,12.91,6,158.67
Cadillac,STS-V,WAUEH78E96A407600,15.46,6,70.71
Dodge,Ram 2500,WAULT58E74A024889,16.83,6,65.82
Buick,Roadmaster,1N6AA0EC4FN687433,12.71,2,81.56
MINI,Cooper,WP1AA2A22BL119534,17.84,5,188.46
Ford,E150,JTHBB1BA7B2946620,11.95,4,151.69
GMC,1500,WBAWC7C56AE628938,15.89,6,86.7
Kia,Spectra,5GNRNHEE0A8746009,13.27,3,94.58
Mitsubishi,Pajero,JH4NA21683T745520,13.63,6,139.17
Volkswagen,New Beetle,WBAVB175X6N576162,13.14,3,80.44
Dodge,Ram Van B350,WAUVC58E73A304965,13.49,4,67.95
Dodge,Intrepid,1FTSW3B59AE271139,17.61,4,189.06
Mazda,Familia,19XFA1E34AE121297,17.53,7,108.32
Ford,Taurus,SALFR2BG3DH588742,17.53,5,195.48
Chevrolet,Suburban 1500,JA4AS2AW5BU984667,13.99,2,53.58
Hyundai,Tiburon,VNKJTUD39FA154837,14.11,2,77.35
Hyundai,Santa Fe,1G6AE5SX1E0383132,15.13,6,139.4
Chrysler,Crossfire Roadster,WUALNAFG3EN718972,17.21,6,142.17
Toyota,Celica,1N4AL2AP4BC241747,11.48,4,98.0
Spyker,C8,JN8AS5MTXCW691429,15.33,6,102.34
Nissan,Xterra,1GYEK63N76R007343,14.52,2,70.25
Chevrolet,Corvette,1G6AG5RX7E0128663,13.77,4,82.78
Infiniti,QX56,2T1BURHEXFC649546,13.01,7,95.75
Nissan,Frontier,WBANE53537B107521,12.54,3,133.6
Audi,A4,WAUEH78E38A245448,14.64,6,146.94
Volkswagen,Jetta,WP0CA2A87DS524539,10.39,5,79.7
Suzuki,Grand Vitara,1HGCR6F32EA846382,17.92,5,86.44
Lexus,LS,1G6DN57S550290303,10.03,7,151.81
Infiniti,J,3GYFNCEY8BS253116,11.18,5,135.0
Dodge,Ram 2500 Club,WAUAT48H04K951755,11.15,6,119.3
Maserati,Spyder,5GAKVAED3CJ068689,10.98,2,182.38
Ford,E250,WBALZ3C55CC660336,14.52,2,67.22
Chevrolet,3500,WBA4B3C57FD293818,17.95,4,91.71
Land Rover,Freelander,JH4CU25659C959852,15.45,4,105.93
Saab,9-5,3VW8S7AT0FM600051,14.37,6,150.53
Pontiac,Grand Am,WBA3A9G51FN423629,12.93,7,57.54
Ford,Ranger,1D4PT2GK4AW447120,12.32,5,93.53
Jaguar,XK Series,WAUGFAFC2EN393186,13.97,5,82.88
Ford,F-Series,3GTU2YEJ7DG680962,13.57,6,130.3
Infiniti,J,WAUBF78E38A178889,10.96,4,148.74
Audi,RS 4,TRUTX28N411389697,17.26,6,148.6
Ford,Ranger,5N1AA0NCXEN847165,12.73,2,50.54
Acura,SLX,WBAEU33495P457668,13.71,4,167.85
Pontiac,G3,JTHFF2C21F2670377,12.28,7,148.83
Audi,A8,5NPDH4AE8BH871794,14.31,7,50.35
Mercury,Tracer,KL4CJASB8FB567112,15.71,2,176.94
Mitsubishi,Galant,5N1AT2ML1FC270269,10.81,6,91.04
Mazda,Tribute,WBAUN93588V097071,12.31,7,111.09
Chevrolet,S10,1N6AA0EJ8FN175463,14.65,6,95.87
Chrysler,PT Cruiser,SCBDU3ZA3CC344852,12.82,7,91.59
Acura,TL,1GYEC63N96R135354,17.42,4,54.13
Isuzu,Trooper,WBAXH5C59DD342294,13.43,6,60.46
Chevrolet,Cruze,1FTMF1CW6AK392927,11.37,4,135.77
Mercury,Villager,1G4HF57919U805980,12.37,6,162.6
Mazda,RX-7,WAUSF78K09A835980,17.38,3,97.42
Mitsubishi,Chariot,1G6AS5S30F0598802,16.95,4,197.6
Saturn,Sky,WBA3D5C51FK185949,16.8,5,134.16
Hyundai,Elantra,WBAWL73588P468091,14.7,7,102.14
Lincoln,LS,WA1YD54B73N285720,14.02,4,89.96
Oldsmobile,Achieva,WA1CMAFP1FA268502,10.24,2,116.33
Mercedes-Benz,SLK-Class,WAULC68E45A473048,10.15,7,174.96
Mercury,Grand Marquis,JA32X8HWXCU716606,16.52,3,83.37
Ford,E-Series,5TDDK3DC9DS178154,15.15,6,154.32
Chevrolet,Avalanche 1500,WA1MKBFP3AA026982,17.96,2,77.04
Chevrolet,Express 3500,WBAPM7C53AE323785,16.5,6,168.52
Mazda,Miata MX-5,1N6AD0CW9FN352690,15.53,2,179.24
GMC,Sierra,2B3CA2CV5AH133221,15.12,2,117.39
Honda,CR-V,WBAYA8C50DC746486,11.79,6,100.35
Chevrolet,Express 2500,JTDBT4K35A1923259,15.78,3,163.86
GMC,Yukon XL 1500,WDDPK4HA3DF730040,17.51,5,95.86
Mazda,RX-8,1YVHZ8BH0A5310433,16.55,4,163.53
Buick,Century,WBA3K5C5XFK643879,17.88,4,88.17
Cadillac,Escalade EXT,1FTWF3C5XAE043022,17.8,2,72.25
Mercedes-Benz,G-Class,1G6KE57Y34U669318,17.99,7,50.05
Dodge,Grand Caravan,3D7TT2HTXAG837985,16.95,6,112.98
Land Rover,Defender 90,WBAEV334X2K774106,14.23,7,63.21
Ford,E250,JN1AZ4EH9DM843664,14.75,3,117.2
Scion,xB,JN1BY1AR6FM473863,16.27,4,119.14
Buick,Rendezvous,SALAF2D44AA987444,17.02,3,144.76
Honda,Prelude,WBAGH83411D441521,13.11,4,99.71
Dodge,Ram 3500 Club,19XFB4F29DE212641,11.21,6,161.06
Land Rover,Freelander,1G6DC1E39D0030737,10.95,3,165.99
Pontiac,Bonneville,3N1CE2CP5FL156939,15.03,4,67.64
McLaren,MP4-12C,2G4WY55J821361867,10.41,6,91.32
Dodge,Dakota Club,WAUWFAFR0CA110661,16.45,5,86.28
Mercury,Mountaineer,WAUSFAFL6CA894984,12.27,4,100.85
Hyundai,Santa Fe,1VWAH7A39DC640143,15.38,7,170.1
Hummer,H1,1C3CCBAB2DN903828,11.38,5,101.77
Porsche,944,WBAET37473N826923,10.44,6,190.45
Mitsubishi,Pajero,3VW1K7AJ8FM966078,12.76,2,103.96
Nissan,Altima,TRUUT28N451968551,11.22,3,129.14
Land Rover,Range Rover Evoque,5FNYF3H20BB898158,16.94,4,147.61
Dodge,Stratus,1G6DL67A380083075,14.21,6,186.84
Chevrolet,Express 3500,3C3CFFAR9CT484774,11.14,4,172.27
Ford,E-Series,WAULF78K89A876832,11.18,5,198.41
Subaru,Impreza,WAUBC48H66K579247,14.44,4,133.26
Honda,Civic,WAUCFAFC2EN390383,12.92,7,94.21
Volkswagen,Golf,SAJWA8JH2EM099996,10.84,4,136.74
Buick,Park Avenue,WAUDF78E28A409936,16.14,2,191.29
Toyota,Corolla,1GYS3BEF9DR017562,16.0,2,52.09
Volkswagen,New Beetle,JH4KB16647C643625,16.32,3,142.04
Ford,Explorer,WBAPH53589A017628,17.37,4,155.42
Scion,tC,WAUJT68E85A597895,14.89,2,156.78
Honda,S2000,1G6DA8EY6B0334034,11.0,6,133.03
Acura,NSX,1FTKR1AD5AP884755,16.93,7,170.4
Audi,S4,1G6DA67V190848830,16.57,2,193.73
Mercedes-Benz,SLK-Class,1G6KD57Y25U958985,14.78,3,91.32
Ford,F-Series,WAUEL74F56N207349,11.05,5,66.85
Chevrolet,Impala,2HNYD18281H167085,17.43,5,108.32
Oldsmobile,88,WAUKD98P67A384323,15.98,4,137.67
Subaru,Leone,1FTFW1E88AK597284,13.83,2,170.67
Subaru,Outback,1G6KD54Y85U548535,16.04,6,128.97
Nissan,Altima,WBXPC93547W952463,11.54,2,92.81
Ford,LTD Crown Victoria,1FTWX3B56AE873382,17.58,5,97.79
Chrysler,Sebring,JHMFA3F23AS634246,15.35,5,125.62
Ford,Contour,1J4PN2GK8BW342423,17.85,6,152.5
Lexus,GS,WAULT68E35A413181,16.1,6,100.14
Mercedes-Benz,S-Class,4JGBB9FBXBA598462,13.15,4,130.64
Hyundai,Accent,WBAKB4C57CC558090,17.27,2,72.13
Hyundai,Equus,3N1BC1AP8AL383856,13.8,6,57.8
Volkswagen,GTI,1GKS1AE09CR810591,17.8,2,125.11
Kia,Sorento,4T1BD1EB3EU258442,16.2,4,176.9
Saturn,Relay,KNAGM4ADXB5764274,11.99,5,100.34
Chevrolet,Corvette,JTDKTUD36DD394890,12.22,2,56.55
Land Rover,Discovery,WAUKF98E37A316473,14.22,4,147.71
Dodge,Caravan,1N4AB7AP9EN393242,13.07,7,143.91
Ferrari,F430 Spider,WDDPK4HA2EF071286,13.55,2,151.47
Audi,100,1FTMF1E88AF173538,12.55,4,93.73
Chevrolet,Monte Carlo,1GYS4UKJ9FR445054,12.5,4,189.57
Toyota,Celica,WP0AA2A93CS079800,10.8,4,120.05
Chrysler,300M,5N1AA0NC1DN841396,14.77,6,172.51
Chevrolet,Corvette,1G6DM5EV3A0482622,17.33,2,103.97
Mazda,Protege,3C6JD6EP9CG725346,15.43,6,148.26
Acura,TL,4JGBF2FEXCA710054,13.2,3,191.57
Ford,Excursion,1D7RE3BK2AS788557,12.99,2,110.62
GMC,Sierra 2500,1GD02ZCGXDF931076,14.85,2,103.41
GMC,Sierra,WAUAH98E88A760200,10.69,3,142.55
GMC,Sierra 1500,1GYFK36249R081005,16.57,7,120.68
Volkswagen,Golf,1G6DL1E39C0140640,12.03,5,198.98
Mazda,Miata MX-5,3VW467AT4DM942019,13.12,7,132.49
GMC,Canyon,WBAPM5C53BA410213,10.28,3,186.0
Kia,Optima,1G6DJ1E32C0421572,11.36,7,70.3
Aston Martin,DBS,WBAWC33509P926703,11.3,4,120.69
GMC,2500,3GTXKYEJ1AG076252,16.09,4,156.45
Toyota,Celica,KMHTC6AD9EU906488,17.3,3,155.77
Acura,MDX,1D7CW5GK7AS545396,17.64,6,72.04
Mazda,Mazda5,19XFB4F22DE041280,14.49,4,175.83
Mazda,MPV,WP0AA2A80CS245391,16.44,3,146.8
Dodge,Magnum,5NPEB4AC1BH228319,16.88,6,135.77
Land Rover,Range Rover,WA1BY74L28D360352,13.33,4,166.87
Volvo,S60,2G4WB52K431228992,15.99,4,163.69
Audi,TT,WBAUN13508V053700,16.4,6,195.96
Chrysler,Concorde,WA1LFBFP0BA686303,15.05,3,116.99
Honda,CR-V,1FTSW3B5XAE765526,13.92,7,189.97
Pontiac,G6,WAULT68E13A060291,12.29,7,184.65
Chevrolet,Avalanche,5GAEV23D39J018146,16.54,5,187.77
Jeep,Commander,3C63DPKL1CG433173,13.23,3,196.91
Lexus,LX,WBSCL93451L703321,15.57,7,90.63
Dodge,Ram Wagon B150,1G4GB5ER8CF681891,13.46,4,119.13
Toyota,Camry Hybrid,WBA3B5C51EP456354,17.27,6,68.38
Chevrolet,Suburban 1500,1GD312CG8EF578202,14.4,2,181.71
Buick,Regal,3C6TD4DT7CG766988,15.8,2,100.01
Lexus,LX,3VWML7AJXEM127462,13.5,3,152.56
Ford,Escape,WAULD54B62N867688,13.98,5,73.94
Jeep,Grand Cherokee,WAURV78T38A155404,11.35,7,197.71
Ford,Explorer,JN1AJ0HP7BM631944,16.18,7,164.13
Nissan,NX,WAUUFAFH1BN168882,12.92,4,68.85
Land Rover,Freelander,5YMGZ0C55AL305447,15.55,4,191.87
GMC,Suburban 2500,5UXFB33563L106080,17.67,4,52.11
Buick,Century,5GADS13SX72408195,15.57,2,182.12
BMW,545,1G4HP54K02U821176,13.5,4,101.9
Ford,F150,5N1AR2MM8EC167405,10.67,6,104.1
Buick,LeSabre,JN8AZ2KRXBT541676,14.41,5,93.26
Mazda,Tribute,2FMHK6DT5AB698182,14.25,2,92.58
Jaguar,X-Type,3C4PDCAB4ET846873,10.99,5,58.57
Chevrolet,Suburban 1500,3C4PDCDG3DT443943,16.05,3,150.55
Volkswagen,Jetta,WUATNAFG9BN681616,12.46,2,52.9
Volvo,XC90,KMHHT6KD8BU516935,15.23,2,58.63
Mazda,Mazda3,WAUSH94F67N256528,15.71,3,97.08
Audi,200,5UXWX5C5XBL727317,13.22,7,151.74
GMC,2500 Club Coupe,1GYFC56209R309851,16.35,2,52.83
Mitsubishi,Truck,1FTWW3A51AE735141,15.41,3,159.12
BMW,M3,1D7CE3BK5AS143407,17.41,2,182.65
Pontiac,Grand Prix,JTDKN3DU2A0702041,15.65,5,92.04
Toyota,Tacoma,WAUAH78E86A367167,10.22,3,79.49
Chevrolet,Avalanche 1500,WAUJT54B33N846504,10.83,4,189.83
Dodge,Ram 2500 Club,1FTMF1EW6AK283767,15.55,7,85.75
Jaguar,S-Type,1FTEW1CM8BF387029,15.54,4,147.22
Porsche,911,WBANB535X7C516389,16.61,6,70.67
GMC,Vandura 1500,5J8TB3H51GL070187,14.63,5,94.76
Dodge,Ram 2500,1B3CB5HA1BD963844,12.53,7,178.16
Jaguar,XK,1B3AZ6JZ4AV345922,12.3,7,166.4
Ferrari,612 Scaglietti,WBAVB73517F219103,16.42,2,59.79
Suzuki,X-90,JM1CW2BL0E0974079,12.19,6,137.02
Chevrolet,Avalanche,WA1LFBFP3DA226748,16.2,7,86.15
Hyundai,Tucson,TRUTC28N761768311,13.78,7,120.69
Daewoo,Nubira,4USCK734X2L758633,12.95,5,175.95
Toyota,Supra,WAULF98K29N782434,16.85,2,135.44
Suzuki,Grand Vitara,1FTEW1C81AF207309,17.53,3,186.16
Lincoln,Mark VII,WDDUG7JB0EA925570,12.15,7,134.45
Mercedes-Benz,GL-Class,5J6TF2H5XDL153197,12.34,4,73.17
Chevrolet,Astro,WBAEH73404B657636,17.73,4,119.36
GMC,Sierra 1500,WBA3V9C53EP696469,11.06,7,152.39
Oldsmobile,Silhouette,SCBZK22E62C062299,11.03,6,113.0
Lexus,IS,WVGAV3AX0DW752850,15.35,4,113.61
Chevrolet,Suburban 1500,1FBSS3BL9AD746258,16.4,6,151.24
Lincoln,LS,3C6JD6DT4CG803952,15.36,4,139.99
Honda,Prelude,JH4CL968X6C170295,14.0,2,181.28
Cadillac,Escalade ESV,5FRYD3H42GB133479,16.82,4,188.36
Chevrolet,Cavalier,5N1AN0NU0EN341521,12.46,2,140.48
Pontiac,Chevette,2FMDK3GC9AB699375,16.79,4,103.8
Mitsubishi,Lancer Evolution,WBANB53507C158378,17.9,7,109.63
Audi,5000S,WAUDF78E85A397187,12.91,4,154.2
Daewoo,Lanos,JHMFA3F29BS320375,15.61,6,128.84
Honda,Passport,5J8TB4H55EL140955,17.12,6,137.85
Nissan,NV2500,4JGBF2FB1AA847550,11.97,5,191.89
Nissan,200SX,JTEBU4BF5EK599605,12.95,5,82.08
Mazda,Miata MX-5,WBAUC73598V191504,16.13,7,187.61
Chevrolet,Cavalier,KMHEC4A41BA785725,12.17,7,58.26
Acura,NSX,WAULF78K99A488363,10.47,2,138.49
Chrysler,Cirrus,JH4KA96554C020485,12.79,5,57.38
Volkswagen,Jetta,3VWPG3AG9AM180534,17.52,3,117.56
Pontiac,Fiero,1G6KP5ESXBU706094,14.12,4,172.64
BMW,X6,1VWAH7A32DC470028,11.18,6,68.03
Nissan,Sentra,KNAGM4ADXD5324705,14.33,7,132.96
Ford,Ranger,SCFFDABE7AG118389,17.4,7,65.5
Subaru,XT,SCBBR9ZA3CC872001,12.41,5,90.78
Mercedes-Benz,SLK-Class,WAUEFAFL6DA450163,10.41,7,132.28
Ford,F-Series,1G6AS5S32F0660166,16.37,5,175.02
Porsche,911,KM8JT3AF6FU688664,16.4,7,102.58
Pontiac,Aztek,ZHWGU5BZ2DL215323,12.06,4,82.04
Volkswagen,CC,1B3AZ6JZ5AV875431,14.88,2,195.64
Dodge,Dakota,WAUCFAFC7FN344033,11.75,2,143.86
Isuzu,Rodeo,JN8AZ1FY9EW948659,17.78,4,101.17
Mitsubishi,Mirage,WBAEJ13493A754100,15.81,5,193.55
Suzuki,Swift,5J8TB4H74GL460577,12.75,5,194.65
Chevrolet,Cavalier,3C6JD6BP6CG006138,14.11,5,66.83
Mitsubishi,Galant,JN1CV6AP3DM535760,15.51,4,115.03
Mercury,Monterey,WAUNF78P56A980517,14.37,3,75.5
Mitsubishi,Truck,2HNYD28259H103636,17.76,5,168.84
Toyota,Highlander,WBAGL63482D305844,16.2,3,100.56
Ford,Excursion,1C3CDFDH3ED778463,15.07,6,184.18
Audi,A3,1G4CU541X24102074,14.92,6,177.54
Buick,Rainier,JH4DC53093C580481,11.94,5,107.07
Subaru,Outback,WAUKH78E08A074838,12.07,2,79.53
Mazda,CX-9,WAUKH98E98A366757,11.47,5,113.02
Cadillac,STS,WBANF73537C614308,11.16,2,184.47
GMC,Savana 3500,WAUFEAFM4AA578333,15.86,2,66.96
Ford,Mustang,WAUJC58E02A479524,10.14,3,99.44
Oldsmobile,88,1D4PU6GX7AW117455,11.6,5,84.12
Oldsmobile,Bravada,SALAF2D41AA749616,13.65,5,99.2
Mercury,Mountaineer,1YVHZ8BA1A5311836,14.07,4,198.37
Dodge,Grand Caravan,1FTMF1CW1AF576391,10.38,7,64.35
Toyota,Camry,SALFR2BG4EH453044,13.82,6,98.06
GMC,Suburban 2500,1G6KD5EY7AU097638,11.29,7,109.88
Buick,Century,1GYS4JEF5CR254782,13.65,2,192.16
Dodge,Magnum,WAUEFBFL3BN106284,10.63,4,193.39
Ford,E150,1FTNF1E87AK168441,12.17,2,199.6
Chevrolet,Avalanche 1500,2C4JDGAG1CR152604,16.37,7,100.49
Mazda,626,WAUEG74F46N598529,10.36,3,70.48
Acura,TL,WA1DKBFP8BA294959,12.68,7,138.5
Volkswagen,GLI,WBAEV53443K811406,15.24,4,67.57
Porsche,911,WAUCFAFC8DN791922,17.23,3,154.9
Dodge,Ram Wagon B250,WAUSF98E28A395801,10.92,3,53.7
Volvo,XC60,1N4AL3AP3DC673142,17.71,4,78.19
BMW,745,WBA6B8C52ED817736,12.72,5,133.6
Chevrolet,Express 3500,1GKMCAE33AR514203,12.1,7,106.63
Oldsmobile,Alero,WAUBGAFC2CN365893,14.07,4,140.89
Hummer,H1,WA1VFAFL8DA913692,12.9,7,198.13
Ford,E250,1G6DL5EVXA0650274,13.04,4,167.73
Volkswagen,Passat,1FT7W2A65EE894757,10.65,3,78.47
Honda,Accord,2LMHJ5FK2FB486811,11.82,5,54.24
Chrysler,Town & Country,1N4AA5AP1AC610697,13.98,2,55.57
Ford,Focus,WBSBR93435P921301,16.33,4,198.85
GMC,Sierra 2500,WP0CA2A87CS984024,14.95,7,105.24
Chevrolet,Blazer,WAUWG74F29N856006,14.02,6,88.88
Cadillac,Fleetwood,2C3CDXGJ4EH417833,15.98,4,165.47
Toyota,Corolla,WAUBF78E48A715625,11.07,4,124.73
Nissan,Frontier,5UXFE43519L688031,15.21,4,60.81
Infiniti,I,1G6KD57Y87U642431,15.36,3,192.06
Chevrolet,Silverado,1G6DW677460179743,14.1,7,116.58
Toyota,RAV4,WAULT64B73N720371,17.35,6,129.87
Ford,Flex,WBANE53587B425859,17.89,7,198.29
Mitsubishi,Space,2HNYD28568H514634,17.43,2,165.11
Infiniti,G,1G6DN57P290359465,17.01,6,190.59
Acura,Legend,WAUDV74F68N751464,11.88,6,176.18
Hyundai,Veracruz,WA1MYAFEXAD277892,10.42,7,147.43
Pontiac,Firebird Formula,3C63DPKL6CG138943,11.74,7,54.24
Chevrolet,Colorado,1G6YX36D985740951,16.73,2,135.58
Mercedes-Benz,SLS-Class,WAUAFAFL1DN131647,11.15,4,92.37
Hyundai,XG350,1D7RW3BK1BS613568,11.58,2,170.22
Oldsmobile,Ciera,1FTEX1CM2BF055665,17.24,7,187.56
Mazda,MX-5,3GYFNGE34FS701725,16.99,5,58.33
Lexus,GS,WBALM5C50BE083261,12.04,7,187.55
Toyota,Solara,1GT010CG8CF849302,10.88,5,79.01
Dodge,Journey,2G4GP5EX0E9671917,14.97,4,178.01
BMW,3 Series,JN8AZ2KR7ET632411,15.35,6,91.39
Toyota,4Runner,WBAKN9C50ED910959,12.2,5,102.4
Nissan,Quest,KMHTC6AD0CU641568,17.2,5,148.18
Chevrolet,Corvair,WAUJC68E25A513960,16.02,5,194.01
Toyota,Corolla,2HKRM3H38FH441091,10.07,5,112.13
Mitsubishi,3000GT,5GNRNJEEXA8662481,13.8,5,92.82
Audi,S4,2G4WD582X71684454,14.64,3,92.59
Volkswagen,GTI,WAUFFBFL8CN741779,14.85,3,185.88
Mitsubishi,Eclipse,JN1AZ4EH1FM195787,11.11,4,153.3
Chevrolet,Monte Carlo,19XFA1E37BE021325,17.4,4,89.52
Mazda,B-Series Plus,2G61W5S87F9218196,14.01,5,100.88
Mazda,626,JTDJTUD31DD075957,14.4,6,113.25
Toyota,RAV4,WDDLJ9BB0FA618957,13.98,3,71.98
Volkswagen,Phaeton,2C3CDXGJ0CH757364,17.51,4,55.19
Buick,LeSabre,WAULC58E75A705815,16.78,4,51.48
Alfa Romeo,164,1FTKR1AD1BP393598,16.71,2,163.94
Chevrolet,Venture,WA1LGBFE6DD347333,14.44,5,130.53
Ford,Ranger,WBAKF5C51CE931008,13.02,3,162.48
Land Rover,Freelander,1C4RDHDG5FC064415,13.52,7,138.76
Mitsubishi,Mirage,JH4KB16507C280912,15.6,5,116.8
Volvo,XC90,WAUXL58E74A568195,13.96,3,192.21
Ford,Taurus,1FTEW1CM4DK359898,15.27,3,107.83
Acura,RL,2T1BURHE7FC011352,16.66,7,176.02
Pontiac,GTO,JN1BV7AP2FM241318,14.71,6,98.79
Pontiac,Grand Prix,1G4GH5G30CF340962,11.08,6,157.72
Pontiac,Torrent,JHMZE2H59ES583649,10.78,3,108.79
Toyota,T100 Xtra,WBAWL73547P987914,16.29,5,120.95
Maybach,62,JN1CV6AP3CM503745,11.59,7,163.33
Lexus,SC,2C3CDXBG6FH923774,14.25,7,139.39
Chevrolet,Tahoe,JM1NC2NF9E0050988,17.96,3,163.82
Pontiac,Firebird,5GAKRDED9CJ259510,15.28,4,51.53
Ford,Tempo,2B3CA3CV8AH806296,16.1,6,103.77
Jeep,Patriot,3GYFNDE33FS212179,13.08,4,140.1
Lexus,RX Hybrid,WAUEL94F86N725337,10.31,2,183.19
Dodge,Grand Caravan,5UXWX7C55EL915288,10.72,2,118.24
Lincoln,Navigator,5GADV33W87D614061,12.71,2,91.36
Ford,Crown Victoria,1G6DC8E58C0448926,14.49,2,106.28
MINI,Cooper Clubman,3C63DPGL6CG822948,16.51,3,114.81
Lincoln,Town Car,1G6DF5EYXB0633736,14.18,7,120.47
Jeep,Liberty,WBAXH5C54CD780140,14.8,4,91.87
Toyota,Celica,19UUA8F77CA822957,11.66,3,199.69
Ford,Taurus,WA1CV74L67D633059,12.61,6,148.06
Pontiac,GTO,1G4GD5EG9AF096579,11.04,5,140.13
Lexus,IS F,4USBT33565L419429,15.48,6,84.96
BMW,8 Series,1ZVBP8AN6A5721115,14.6,7,92.21
Hyundai,Entourage,SALVP2BG2EH497531,10.01,2,117.47
GMC,2500,1FTEX1CM4BF940157,12.77,6,77.52
Mercedes-Benz,SL-Class,WAUBGBFC2CN013533,10.14,3,93.32
Mercedes-Benz,500E,WAUSFBFL7AA331574,13.91,6,88.6
Subaru,Legacy,WAUDF78E28A561246,13.18,7,69.21
Mercedes-Benz,SLK-Class,3VWF17AT1FM021158,10.6,4,94.2
Subaru,Forester,WBAKG1C59CJ643590,14.34,3,176.12
Ford,Mustang,JTHBW1GG9E1952298,14.5,6,98.34
Audi,5000S,WAUEKAFB6BN202598,10.73,6,113.09
Honda,Odyssey,5N1AZ2MH3FN844949,16.74,4,106.97
Scion,tC,WAUXL68E44A641285,11.75,5,117.23
Chevrolet,Corvette,SALAG2D46BA535073,15.44,4,193.39
Subaru,Outback,1N6AD0CU7CC784314,14.86,2,90.12
Oldsmobile,Bravada,1FTSX2B56AE617316,16.79,3,92.2
Chevrolet,Bel Air,1FMEU8DE1AU665085,14.4,7,150.25
Infiniti,M,SCBGH3ZA3EC101434,10.42,4,123.12
GMC,Savana 2500,SALSF2D49DA456426,14.72,7,100.38
Honda,Civic,5N1BA0NC1FN873823,15.78,7,137.08
Chevrolet,Avalanche 2500,SAJWA6AT4F8273814,10.12,4,158.02
Mazda,Familia,SALAC2D40AA623756,12.83,6,185.17
Mercedes-Benz,R-Class,WAUEL74F66N042752,14.09,3,68.75
Subaru,Forester,2T1BU4EE7DC276146,14.9,3,72.73
Panoz,Esperante,SCFFDAAE3CG036616,11.9,6,153.72
Ford,Explorer,WBAFR9C56DD784479,15.13,6,62.36
Ford,Torino,19XFA1E84AE874825,14.07,3,161.27
Land Rover,Range Rover,2HNYD18985H289867,16.77,5,128.59
Acura,RL,5J8TB3H53FL504320,11.3,5,60.77
Infiniti,QX56,YV1982BW2A1003999,14.38,4,183.07
Volvo,S90,WAULL44E05N324591,12.69,5,153.06
Subaru,Justy,SCFBB03B88G504042,13.98,6,100.46
Scion,xB,1GYEE437290553683,11.76,3,166.28
Lincoln,Mark VIII,WBAWL1C53AP135221,11.44,6,69.7
Volkswagen,GTI,WAUHFAFL8FN009126,16.27,3,195.12
Chevrolet,3500,WBA3A9C51DF375451,11.66,7,154.14
Suzuki,SJ,WAUEH94F07N653200,12.15,4,84.8
Chevrolet,Cobalt,4USBU33537L615456,17.25,4,187.97
Pontiac,Trans Sport,2B3CK4CV5AH526760,17.82,2,172.42
Mercedes-Benz,M-Class,WAUWG94F19N822408,15.81,7,97.31
Ford,F250,3GYFNFE30CS290233,17.85,6,117.86
Ford,F250,WAUFFAFL2DN981552,14.46,7,199.57
Audi,80,19XFA1E51AE051761,10.3,5,147.63
Chevrolet,Cavalier,5N1CR2MM8EC909889,17.08,4,142.14
Honda,Accord,2HNYD2H43DH879032,14.97,4,86.32
Mazda,B-Series Plus,JH4KB2F6XCC241267,11.02,6,125.63
Acura,NSX,WBAFU7C59BD390152,10.79,4,179.97
Mazda,RX-7,1G4GA5ERXDF001011,14.7,2,81.1
BMW,Z4 M,JN1CV6EK9EM137095,17.76,3,191.59
GMC,Envoy XUV,WDDGF4HB4CR409148,14.74,6,135.92
Volkswagen,CC,JTEBU4BF3AK997518,16.75,3,194.01
Buick,Roadmaster,5FNYF3H21CB540357,15.69,3,177.5
Toyota,Matrix,1FMJK1H5XEE912965,11.8,3,150.48
Mitsubishi,Lancer,WBADN53411G075813,15.41,7,159.09
Porsche,911,WBAEU33464P209232,15.14,4,133.89
BMW,5 Series,2C4RDGCG4DR967431,12.3,3,68.95
Mercedes-Benz,SLR McLaren,JH4CU2E87DC422801,14.22,4,94.79
Mazda,Tribute,WAUXL68E74A584905,16.1,5,60.18
Cadillac,Escalade,5TFCY5F19CX114254,10.89,4,73.01
Dodge,Ram 1500 Club,WAUPN44E57N550740,14.2,5,81.84
Nissan,300ZX,WAULT54B03N320274,14.3,5,90.81
Honda,Element,3C3CFFER8FT642634,13.45,2,138.33
Dodge,Dakota,WAUKFAFL1DA969561,14.93,2,196.14
Dodge,Avenger,WAUDFAFLXAN447220,14.36,5,152.03
Dodge,Journey,1GKS1AE08CR587590,17.5,4,97.2
BMW,330,WBASN4C56BC301895,11.43,7,158.2
Honda,Accord Crosstour,WAUJT68E34A353957,15.38,7,90.45
Mercedes-Benz,C-Class,WBAYB6C55FD422335,10.59,2,116.54
Lexus,ES,JTDKTUD36DD077868,13.75,3,75.51
Mazda,CX-9,WBABW334X6P840517,12.42,3,63.32
Saturn,Sky,1G6DF8EG5A0413248,14.94,2,116.33
Mercedes-Benz,500SEL,3D73Y4HL9BG708618,13.11,6,168.03
Jeep,Grand Cherokee,WAUKC68D91A409567,13.71,6,146.23
Pontiac,Firebird,NM0AS8F74E1265049,17.21,7,125.18
Volkswagen,New Beetle,JTDKN3DU9F0087950,12.15,3,138.83
Mercury,Milan,WA1C8BFP7FA004873,17.01,7,78.13
Mazda,MX-5,1VWAH7A32EC874836,12.37,6,160.54
BMW,7 Series,JM1GJ1T59F1995356,11.97,6,188.68
Lamborghini,Murciélago,1GD21XEG7FZ498797,16.29,3,185.53
Dodge,Ram Van B150,1G6DK67V680605770,13.96,7,112.44
Mazda,Tribute,1FTMF1EW0AF666189,12.7,6,103.06
Cadillac,Eldorado,WBAPH5G52BN321577,10.2,3,94.39
Volvo,S40,WBAUP93569V724104,10.44,6,73.47
Ford,F250,3D7TP2CT4BG513864,12.0,4,168.59
Infiniti,FX,19UUA56701A446582,13.73,3,76.21
Lincoln,Continental Mark VII,WBAUL7C5XAV351475,11.63,3,155.1
Ferrari,612 Scaglietti,SCBLF44J79C673257,12.82,5,63.46
Plymouth,Voyager,JM3KE2BE9F0889895,17.59,5,189.53
Honda,Civic,WP1AE2A22CL413523,11.71,6,58.57
Ford,F350,SCBBB7ZH9CC701923,14.33,4,106.83
Audi,A5,WBAFR7C57DD768327,12.92,5,103.39
Toyota,MR2,WBAWV13518P971016,14.34,2,88.6
Chrysler,PT Cruiser,WBAWR3C55AP335589,13.14,5,195.85
Porsche,968,WBAKX6C52BC232743,17.91,4,103.99
Oldsmobile,Intrigue,SCBZB25E31C743563,16.64,5,155.26
Subaru,Impreza,1J4PN2GK2AW674016,12.54,5,145.24
Cadillac,STS,1G4HA5EM3BU653597,16.56,2,192.81
Chrysler,New Yorker,WAUKFBFL8DA510775,15.47,5,133.67
Pontiac,Grand Prix,1G6AE5SX9F0289467,12.29,6,79.91
Cadillac,Escalade,WBA3A5G54EN301354,13.98,4,64.23
Nissan,Sentra,1FBNE3BL0BD395018,12.49,4,141.43
GMC,Yukon XL 1500,1G6AB5SA9D0157343,17.4,6,105.53
Volvo,S40,WBSDX9C54CE699609,13.77,3,139.52
Chrysler,300M,WAURFAFR0BA669459,14.28,4,99.7
Mitsubishi,Outlander,YV4902DZ0B2497714,13.6,2,91.18
Mazda,B-Series,1N6AA0EK6FN420012,11.71,7,113.5
Suzuki,XL-7,JH4DC53822C477696,11.18,5,197.18
Subaru,Justy,5N1AT2ML8FC161257,14.12,3,109.75
Ford,Crown Victoria,WDCGG0EBXDG974287,17.77,2,162.86
Lotus,Evora,SALSF2D46DA811424,10.41,2,117.67
Pontiac,Safari,1G6AX5SXXF0688866,12.86,7,51.19
Pontiac,Bonneville,JHMZF1C47BS644997,17.2,3,151.18
Ford,Courier,WAU2GAFC2DN463257,17.75,5,190.92
Kia,Soul,JM1CR2W3XA0900678,13.25,5,139.92
Lexus,ES,1GYS3EEJXBR809478,11.62,6,83.49
Lincoln,Navigator,WVWBN7AN0FE039468,15.87,6,196.04
Ford,F-Series,JN8AZ1MUXDW130274,12.6,5,63.35
Ford,Escort,19XFB2F55DE471304,16.4,2,134.8
Lexus,LS,SCBLC43F35C547977,14.1,6,196.7
Cadillac,STS,1FTWW3CY5AE715286,12.52,6,129.05
Jeep,Wrangler,5NPET4ACXAH468965,10.67,7,151.68
Infiniti,Q,19UUB2F57FA434155,12.55,3,153.14
Chrysler,PT Cruiser,1N6AA0CC0FN614398,11.19,5,137.51
Kia,Sportage,WBA3B1C51DF388909,17.78,5,139.78
Scion,xB,1GYS3BEF8DR691492,11.98,7,192.28
Nissan,240SX,WDDHF2EB2DA320370,10.69,7,68.16
Audi,5000S,2G61L5S35F9123746,14.21,5,170.74
Morgan,Aero 8,1GD311CG6FF460175,11.81,3,50.79
Ford,Mustang,3FADP4AJ8DM649808,16.66,4,106.2
Volkswagen,GTI,1FBAX2CM8FK636836,13.92,6,189.45
Jaguar,XK,KNAGM4AD4C5065207,12.1,4,59.41
Fiat,Nuova 500,WBSDE93452B306293,10.57,5,110.94
Honda,Accord,3C63DRHL1CG569225,14.68,7,68.61
Toyota,T100 Xtra,WAUHFAFL4BN072024,13.7,5,96.97
Toyota,Land Cruiser,WAUVFAFH7BN379072,12.55,7,124.83
Pontiac,Vibe,5TFBW5F19BX696436,15.17,4,125.21
Chrysler,LeBaron,1FMJK1G59CE395043,12.96,2,164.13
Chevrolet,Express 2500,WBAYB6C54DC211078,16.06,4,75.1
MINI,Cooper,WAUHE98P19A843994,16.81,2,170.03
Maserati,Quattroporte,3D4PH9FG8BT462038,17.02,6,57.83
Land Rover,Sterling,4T1BF1FK2DU134587,15.98,3,144.06
Hyundai,Tucson,1G6DJ8E37C0976722,15.55,7,125.15
Chevrolet,Corvette,4JGCB2FE8BA865068,10.36,4,186.85
Cadillac,SRX,WBABN73493P996974,10.79,2,142.1
Ford,Thunderbird,1G6DV8EP1E0680573,12.15,3,190.43
Chevrolet,Camaro,WA1LGAFE1BD925197,16.16,6,164.75
Audi,Quattro,1G4CW54K154168665,12.03,5,87.83
Mercury,Grand Marquis,1FAHP2DW3AG660699,11.23,7,85.14
Toyota,Tercel,WAULFAFR7BA828760,16.09,5,145.47
Mitsubishi,Lancer,1N6AD0CU1BC570563,17.54,5,76.63
Nissan,Versa,2C4RDGCG7DR846280,10.69,7,117.57
Audi,riolet,2G4WD532851361797,14.41,4,148.62
Dodge,Ram Van B250,1FTWW3CY3AE232413,13.38,6,120.79
Chevrolet,Suburban,WAULVBFRXCA149429,11.61,4,87.53
Mazda,626,VNKKTUD37FA335777,14.31,2,150.59
Jeep,Liberty,19UUA75617A390889,14.53,2,122.87
Dodge,Charger,3D7TT2HT5BG543587,12.84,4,132.07
Toyota,Camry,SCBGH3ZA1EC700123,16.3,4,188.64
Jaguar,S-Type,WAUSG94F29N630171,15.55,2,168.95
Mercedes-Benz,S-Class,WA1CFBFP6BA566554,10.34,2,118.72
Cadillac,STS-V,JHMFA3F26BS477037,10.62,7,58.52
Mercury,Cougar,JH4KC1F91FC189145,11.65,5,187.82
Toyota,Land Cruiser,5YMGZ0C59BL706100,17.18,3,61.67
Peugeot,207,WAUBH64B21N524459,10.07,3,56.5
Toyota,Highlander,KMHCT4AE2EU692683,15.91,4,179.79
Bentley,Continental GTC,WAUMF68P56A918377,12.48,2,138.13
Cadillac,Seville,WDDHF2EB5CA509044,12.66,3,162.09
Pontiac,Firebird,3D73Y3CL5BG818776,11.35,3,57.83
Porsche,Boxster,1G4HR57Y07U243811,13.08,7,193.48
Dodge,Grand Caravan,3D4PH9FG0BT579905,17.89,2,156.41
BMW,3 Series,1G6DE8E50C0101729,17.85,6,75.81
Volkswagen,Type 2,JN1AZ4EH8AM636145,10.03,7,74.8
Mercedes-Benz,G-Class,WAUEF78EX6A502866,13.79,4,168.97
Audi,riolet,WAUDK78T89A714787,13.11,3,168.3
Oldsmobile,Silhouette,3VW507AT6FM345205,16.86,2,134.12
Suzuki,Swift,1FTEX1C8XAF303467,13.81,7,197.17
Infiniti,Q,JN1AZ4EH8FM450340,14.65,7,125.52
Ford,Escort,2B3CM5CT8BH201374,12.33,5,198.51
Pontiac,Montana,1GD01ZCG0EF758253,16.91,7,60.36
Mitsubishi,GTO,SCFHDDAJ4BA137138,12.28,6,98.47
Chevrolet,Express 2500,WAUEKBFB7BN055553,11.71,3,190.23
Toyota,Camry,19XFB2F58FE411570,17.06,7,142.84
Hyundai,Elantra,VNKKTUD35FA155715,12.24,6,169.09
Ford,F-Series Super Duty,3VW467AT7DM156392,10.06,4,91.31
Mazda,GLC,5TDDK3DC1ES645391,15.95,3,119.85
Acura,RL,1C3BC7EG1BN073404,12.31,2,91.76
Cadillac,Seville,5XYKT3A13CG780728,14.7,5,160.4
Porsche,911,WAURV78T78A912496,13.06,3,107.56
Ford,Thunderbird,JN1CV6AP7BM848100,14.2,3,137.19
GMC,Yukon,1VWAH7A36DC428512,10.35,5,148.25
Land Rover,Defender,1N6AD0CU1DN045476,17.74,6,61.32
Bugatti,Veyron,2G4WS52J941859049,12.76,3,63.16
Hyundai,Elantra,WDDEJ7KB5CA656211,15.22,7,179.83
Ford,E-Series,WAUEH48HX7K870270,15.73,2,91.04
MINI,Countryman,5N1AN0NU2EN864233,10.65,2,68.51
Cadillac,Seville,WAUAH94F86N101277,17.15,7,78.68
Mitsubishi,Diamante,WBAGN83434D030750,12.9,4,52.36
Chevrolet,Suburban 2500,WAUDH78E98A340009,14.6,5,160.13
Chevrolet,Silverado 2500,5FRYD3H25FB433434,17.65,4,133.4
Oldsmobile,98,1N6AF0KX2EN117681,14.43,5,77.13
Saab,9-5,JM1NC2LF8D0049137,16.94,3,176.94
Suzuki,XL-7,WP0AB2A82CU103822,14.47,3,171.46
Chevrolet,Express 2500,TRUDD38J381374781,12.85,5,131.29
Mazda,Miata MX-5,WBA3B3C56FF703962,15.43,3,196.22
Mazda,Protege5,1G6DF8EY1B0760330,15.9,6,144.33
Maserati,Coupe,2HNYD18254H611138,10.01,2,74.11
Chevrolet,LUV,3GYVKLEF9AG171724,11.22,4,147.21
Bentley,Continental GT,JN8AS5MT6DW270485,13.44,7,72.66
Chevrolet,Equinox,SAJWA0FB4BL337418,11.02,2,77.01
Mazda,626,JN8AZ1MU3DW279366,10.47,2,179.15
Mercedes-Benz,S-Class,1HGCR2E54DA878857,10.78,4,108.23
Land Rover,Freelander,SCFEBBCF1CG602320,17.91,5,152.65
Chevrolet,Metro,WDCGG5GB4BF489009,16.65,7,196.47
Porsche,Cayenne,WAULH54B81N784637,15.36,3,98.31
Lexus,LS Hybrid,1FAHP3CN3AW298863,16.15,4,141.74
GMC,Savana,JN8AE2KP3D9440568,10.2,4,51.83
Kia,Sportage,KMHTC6ADXEU570687,14.72,5,57.52
Land Rover,Freelander,WAUVT58E62A888421,16.15,5,123.44
Honda,CR-V,WDDPK4HA0DF999158,10.87,3,197.61
Audi,A6,1G6DA1E3XE0784995,12.04,2,67.7
Mitsubishi,Raider,WAULFAFH4BN894327,13.03,7,163.2
Mercury,Sable,1FBAX2CM7FK134805,13.4,2,79.13
Nissan,Sentra,1G6AF5SX7E0784553,16.55,5,124.69
Honda,Accord Crosstour,1N4AL3AP4DC929031,10.29,5,117.28
Dodge,Avenger,1G4GA5ER3CF105449,13.37,5,58.27
Mitsubishi,Lancer Evolution,KL4CJESB7DB049948,12.87,4,101.16
Dodge,D250,1FTSX2B52AE376225,15.98,3,61.35
Dodge,Ram 3500,JN1CV6AP5CM795009,15.62,2,166.62
Mercedes-Benz,CLK-Class,WBAWR3C53AP109924,15.29,2,67.48
Ford,Th!nk,1G6KD57959U370058,16.6,5,82.91
Ford,Probe,1N6AD0CU9DN854319,14.75,3,120.62
Bentley,Mulsanne,WP0AB2A9XFS852960,12.45,5,95.99
Chrysler,LHS,SCFBF03B28G733921,14.56,7,199.5
Mitsubishi,Galant,1N4AL2AP1AC749379,12.49,3,163.74
Chevrolet,Cavalier,SCFBB03B28G467585,15.47,4,125.37
MINI,MINI,JM3KE2BE4D0582034,17.16,4,77.76
Pontiac,GTO,WUARL48HX4K623669,17.8,6,77.48
Buick,Park Avenue,2C3CDYCJ5EH362837,16.31,3,147.93
Dodge,Colt,3D73Y3CLXBG105680,13.38,7,187.8
Acura,NSX,WA1CFAFP6BA559954,16.61,6,185.28
Dodge,Ram Van 1500,1C3CDZBG5CN628258,11.89,6,86.29
Lexus,GS,1G6D25ED7B0787698,12.08,4,73.1
Honda,Element,TRUWC28N921678665,13.29,6,105.88
Toyota,Camry,WAUKGBFB5AN442850,13.32,4,183.44
Chrysler,New Yorker,WAUSH78E96A837985,17.31,3,108.41
Subaru,XT,1FMCU0C7XBK444769,13.81,2,183.25
Ford,Explorer Sport Trac,5FNYF3H46FB009709,13.99,4,174.56
Porsche,911,1G6DX67D290721168,14.13,4,81.58
Honda,del Sol,WA1CMAFE8AD691809,14.7,7,101.79
Honda,Odyssey,1FTEX1CMXDK572108,13.64,7,193.18
Chevrolet,Monte Carlo,WAUBFAFL2EA939356,13.55,4,101.08
Toyota,Previa,1C4RJEAG6CC916357,16.99,3,87.07
Buick,Reatta,WAUUL78E77A780310,11.21,3,84.17
Chevrolet,SSR,JH4DC54885S877089,17.6,5,154.73
Honda,CR-V,JH4KB16697C346317,13.76,6,91.42
Dodge,Ram 1500,WAUUFAFHXAN674886,11.12,4,148.2
Rolls-Royce,Phantom,1G6DH577880931337,11.38,2,155.29
Buick,Park Avenue,WAUMF78K89A961335,15.28,4,76.48
Hyundai,Entourage,WBA3B5C58DJ989142,11.46,3,131.85
Chrysler,PT Cruiser,1C3BC4EB1AN228325,13.68,4,67.76
Chevrolet,Caprice,1FMJU2A54AE882155,14.29,5,79.26
Volkswagen,Jetta,KNAGM4ADXC5674818,11.06,6,150.14
Kia,Optima,WAUEH78E26A604804,13.24,6,183.5
Toyota,RAV4,1FTMF1E84AK570476,10.67,6,130.36
Infiniti,Q,1G6YX36DX75785556,13.75,3,144.41
Ford,Ranger,JM1DE1HY9B0434584,12.98,4,79.73
Saab,900,1N6AA0CJ5FN790460,13.54,7,83.21
Volvo,960,5UXFA93574L000051,15.3,6,93.9
Land Rover,Range Rover,1G6DD8E35E0817756,15.19,6,171.86
Mercedes-Benz,W126,1G6DP5ED3B0660710,10.55,4,52.01
Toyota,Previa,5N1AA0NC8EN694088,14.47,4,140.74
Volkswagen,Fox,WAUDGAFL7CA835013,16.15,5,87.25
Infiniti,I,1C4AJWAG2FL028986,10.38,6,107.05
Chevrolet,S10,WA1DGAFP2FA781771,13.9,5,54.3
Nissan,Altima,JH4CL95808C897367,15.38,3,154.73
Mitsubishi,Eclipse,JN1AJ0HP4BM084003,13.24,4,153.49
Chevrolet,HHR,2B3CK2CV5AH920604,16.8,3,166.69
Ford,Flex,4T3BA3BB6EU025610,17.34,4,142.31
Audi,80,5TDBY5G13ES930427,16.2,4,160.29
GMC,Yukon XL 1500,1G6AC5SX3E0327313,11.46,2,156.04
Mazda,Mazda2,WAUDF48H19K501270,11.42,5,107.71
Saturn,S-Series,1G6DJ8E31C0508341,16.42,5,147.93
Isuzu,Trooper,WAULT68E02A531362,12.69,2,161.72
Saab,9-3,3MZBM1K76FM928671,15.52,3,63.89
Dodge,Challenger,WA1AY94L88D311955,17.28,3,158.7
Volkswagen,Corrado,1G4GJ5G38CF920125,14.95,7,147.13
Chevrolet,Bel Air,5GAKVBED6BJ444970,14.52,5,116.0
Chevrolet,Sportvan G30,JHMZF1C64FS487677,11.34,5,190.55
Dodge,Omni,WAUDGAFL0DA251909,12.19,7,162.72
Ford,Econoline E350,WVGEF9BP2FD575815,11.16,5,67.89
GMC,Suburban 2500,2HNYD2H30CH610220,11.44,4,80.48
Lincoln,Town Car,JM1NC2MF1D0011831,14.11,7,199.4
Chevrolet,Corvette,WBAUN1C55AV903939,13.58,3,71.75
Mercury,Capri,WDBWK5EA5AF057696,11.62,3,57.58
Volkswagen,Golf,19UUA8F24DA928269,12.7,6,169.78
Suzuki,Sidekick,1G6DC8E3XE0961354,16.2,6,93.2
Mitsubishi,Montero,WBAKG7C54CE713072,11.36,4,91.86
GMC,2500,5FPYK1F2XBB483875,15.28,5,178.22
Smart,Fortwo,1FTMF1E82AK490836,10.35,2,110.04
Nissan,Maxima,JHMZE2H38CS376844,12.02,7,68.8
Chevrolet,K5 Blazer,JN8AZ2KR0CT033721,15.82,7,145.43
Audi,S5,WBAWL73558P291919,15.81,3,67.36
Cadillac,SRX,WA1GFCFS4FR134788,17.15,6,88.45
Nissan,Maxima,1FTEX1CM8CF525053,13.99,6,51.04
Toyota,Camry,WBA4A9C50FG115348,11.17,4,85.36
Saturn,Aura,WAULC68EX4A159547,17.69,2,76.85
Acura,Vigor,1FTNX2A52AE442805,15.83,6,136.68
Chevrolet,Impala,WUAPV54BX3N898447,17.47,5,63.36
Cadillac,SRX,WAUJC68E45A670681,12.12,6,130.2
Suzuki,Reno,WBAGN83595D303104,17.32,2,81.38
Dodge,Avenger,1FT7W2A61EE386625,11.8,7,94.74
Chevrolet,Venture,3VW4A7AT1CM633427,13.6,2,115.21
Chevrolet,Avalanche,2G4WN58C281479119,14.91,2,57.97
Ford,F150,3C4PDCABXFT856907,16.91,5,133.55
Kia,Rondo,JN1CV6EK7FM841572,17.77,7,198.54
Mitsubishi,Truck,2G4GK5EX9F9787374,15.51,4,138.05
Jeep,Patriot,1G4GA5ER5DF794394,15.7,6,179.13
Buick,Rainier,SAJWA6FC5E8498458,14.34,7,159.97
Ford,ZX2,5N1AN0NU0DN764680,12.21,7,129.69
Mercury,Cougar,JN8AZ1MU3AW647458,16.8,4,175.73
Audi,TT,WUAUUAFG0BN914080,16.26,7,177.32
Volvo,850,JM3TB2BV1E0990019,11.24,4,190.36
GMC,Yukon,YV4902DZ4C2760210,13.78,4,168.29
Dodge,Dakota,SALSF2D44CA723700,13.58,4,63.23
Ford,Bronco II,4T1BF3EK2BU189812,13.76,2,84.78
Mazda,Miata MX-5,5FRYD3H68FB373863,16.5,6,164.56
Lincoln,MKX,2G4WB55K641996289,14.16,4,89.0
Buick,Terraza,WA1VMAFE7BD977080,16.61,7,132.7
Mitsubishi,Cordia,KMHGC4DE6BU888988,17.06,6,65.15
Aston Martin,Virage,5J8TB4H32GL018135,11.79,7,138.61
Oldsmobile,Achieva,3LN6L2LU9DR814936,11.35,7,169.49
Mazda,B-Series,KMHFG4JG5DA811815,10.76,2,50.34
Dodge,Ram Van 3500,SCBBP9ZA7BC364358,17.42,2,191.73
GMC,Yukon,WAURFAFR2DA093716,14.27,5,57.33
Jeep,Wrangler,KMHHT6KD7AU765306,17.43,3,168.18
Mitsubishi,Montero,WAUEH98E57A652844,10.02,3,50.21
Chevrolet,Suburban 1500,1FTEX1C80AF093896,10.15,7,196.11
Pontiac,Firebird Formula,TRUUT28N231215663,17.63,3,77.14
Chevrolet,Express 1500,1GKUKFDJ5AR223525,15.41,7,193.75
Suzuki,Kizashi,WAUJGAFD4FN068777,16.57,5,114.79
Mazda,Miata MX-5,WAUEV94F98N327440,15.24,4,105.8
Panoz,Esperante,1G6DP8E30C0727984,10.25,6,61.98
Buick,Park Avenue,1GKS1AE09ER116700,12.12,6,179.97
Toyota,4Runner,WDDGF4HB5DR574496,17.95,7,96.73
Jeep,Grand Cherokee,WAUVC68E13A970760,11.03,3,173.52
Honda,Prelude,WAUEKBFB4BN098330,12.0,4,120.34
Jeep,Compass,4USBT53444L324966,14.31,2,62.27
Chevrolet,Citation,WDDHF5KB4FB153626,16.44,2,101.42
Toyota,Sienna,1GYS4CEF2DR377808,10.89,7,106.13
Dodge,Challenger,KNAFK4A67F5520171,13.31,7,50.39
Nissan,Maxima,5FRYD3H28GB593552,10.97,4,107.03
Dodge,Ram Van 3500,WAUDF98E46A821297,17.9,7,117.41
Subaru,Brat,2G4GR5EC7B9875469,11.69,3,187.16
Jensen,Interceptor,WUATNAFG8CN553188,17.53,2,101.35
Cadillac,Seville,1G4GA5GR8EF609303,15.01,3,90.38
Mazda,Mazda6,2C3CCAAG1FH025505,13.57,2,83.9
Mercury,Villager,2G4GL5EX7F9008504,10.37,3,171.88
Suzuki,XL-7,WBAUC73508V246955,13.78,5,116.19
Mazda,929,JN8AE2KP7B9670823,16.32,3,78.57
Dodge,Stratus,5TDBK3EH9AS023360,15.75,7,106.06
Ford,F250,19UYA41623A060713,14.91,5,101.46
Chevrolet,Suburban 1500,1FTSX2A59AE092785,13.41,7,188.56
Cadillac,SRX,WAUAF78E58A770922,14.64,3,154.76
Chrysler,Town & Country,WBADN53481G416107,14.94,6,138.18
Subaru,Loyale,WBAUN135X9V136889,16.11,6,117.72
Oldsmobile,88,5NMSG3AB4AH527093,14.68,6,194.31
Oldsmobile,Cutlass Supreme,WBAYA8C58FD090096,12.38,4,67.55
Mazda,MX-5,1GD120EG6BF138349,15.78,3,151.37
Toyota,Avalon,5N1AN0NW2FN172170,10.06,6,115.93
Dodge,Charger,2G4WE587961393709,10.36,2,129.69
Mazda,MX-5,1C3CDZCB5DN505175,17.88,6,153.13
Mazda,Mazda3,YV4902BZ5B1539142,11.28,5,78.68
Nissan,350Z,1GD220CG1CZ963870,14.22,3,119.59
Nissan,Pathfinder,TRUTX28N321513721,10.65,4,67.42
Bentley,Continental,1G6DL5E33C0375459,11.4,4,174.39
Volvo,V40,WA1YD64B72N307574,13.34,5,96.32
Plymouth,Colt Vista,WBAVM1C51EV027111,13.16,2,107.25
Dodge,Ram Van 2500,3G5DB03EX3S245959,10.01,6,166.58
Audi,riolet,WAUWMAFC5EN019138,11.0,3,181.79
Ford,F-Series,1GTN1TEX3BZ372585,11.74,2,193.86
Chevrolet,Camaro,TRUTC28N431351191,14.0,4,175.71
Subaru,Tribeca,JN8AZ2NE3F9519241,14.75,3,189.25
Oldsmobile,Aurora,1G6KD57Y29U641276,11.53,5,113.77
Ram,Dakota,5N1AN0NU1BC665309,13.18,4,193.27
Land Rover,Range Rover Sport,WAUMFAFL0AN556141,11.01,2,123.04
Subaru,Justy,WP0AA2A85EK739989,16.27,3,93.36
Hyundai,Azera,3GTU1YEJ1BG253096,17.8,6,109.93
BMW,8 Series,WBA3V5C5XFP276217,11.37,4,158.91
Audi,S4,1FBNE3BL4CD752038,15.07,4,146.04
Ford,E-Series,1FTSW3B5XAE689743,16.21,7,94.31
Toyota,MR2,1GKS1KE08DR222513,13.92,3,96.36
Cadillac,Catera,1FTEW1CW2AK748133,15.66,3,143.39
Toyota,Corolla,1GYS3JEF2CR277276,17.93,5,179.71
Ford,Econoline E250,1FAHP3EN1AW437885,16.23,4,110.84
Volvo,S60,JH4CU2F45DC884365,16.76,5,80.43
Mitsubishi,Eclipse,1N6AA0CA7AN146905,10.33,2,92.13
Plymouth,Voyager,WBAVT13556K827464,15.33,6,102.53
Ford,Taurus,1D4PU5GK2BW786362,16.61,6,93.74
Chevrolet,Cruze,KMHHT6KD5EU844737,12.86,7,171.25
Volkswagen,Passat,WBAUC9C59DV534902,12.01,4,56.07
Lincoln,Continental,WAUWFBFLXAA504568,15.52,2,121.13
Suzuki,Esteem,WUATNAFG0CN207653,14.97,6,96.82
Pontiac,Grand Am,WDDGF4HB4DR261049,15.17,3,165.51
Audi,S8,JN8CS1MW4EM554884,15.49,7,51.86
GMC,Sierra 1500,WAUAFAFL4EA910565,11.92,5,70.16
Cadillac,Allante,WAUMGBFL2AA070327,14.57,2,78.15
Mercedes-Benz,300CE,1J4NF1FB2BD527529,16.81,3,123.22
Honda,Insight,19UUA65545A284855,17.84,5,70.42
Hyundai,Genesis Coupe,5GADV23157D988674,15.29,7,121.17
Dodge,Challenger,1GYS3GEF8CR319677,13.92,2,100.48
Volvo,C70,WAUKD98P39A371631,14.95,3,146.81
Isuzu,Axiom,WBAUT9C58CA812839,13.19,7,106.14
Mercedes-Benz,SL-Class,WDCGG0EB4EG724366,14.34,7,143.87
Dodge,Dakota,1FAHP3FN8AW229677,11.07,5,178.41
Dodge,Ram 3500 Club,JN1AZ4EH2FM317718,12.53,7,156.27
Ford,Taurus,1G6DP8E36C0301815,16.39,5,52.69
Ford,F250,5GAKRCKD8DJ204451,12.88,6,95.98
Chevrolet,Lumina,WBASP4C55CC864951,12.48,7,172.61
Mitsubishi,Montero,1N6AF0KY5FN900293,15.83,7,142.41
Mercury,Mariner,1FTMF1CW8AK166968,12.62,6,69.23
Mercedes-Benz,500E,1G4GD5GDXBF270048,14.48,2,86.17
Mercedes-Benz,M-Class,1N6AF0KY5EN672861,10.58,4,67.41
Buick,Skylark,WBA3C3C54EK211322,10.75,3,56.65
Mercury,Cougar,5FNYF3H33FB303608,14.37,7,100.16
Mitsubishi,Starion,VNKJTUD37FA422641,14.19,5,184.89
Mazda,B-Series,KMHHT6KD4DU685868,10.37,2,109.85
Mercedes-Benz,M-Class,3C4PDCEG0FT258606,11.82,7,194.75
Kia,Rio,1G6DR57V380816849,14.33,6,175.97
GMC,Suburban 2500,WBAPM77539N047730,16.96,2,148.6
Toyota,Xtra,WAUMFAFLXDA389881,10.4,3,120.54
Cadillac,Escalade,19UUA9E52CA218058,16.07,3,160.22
Volkswagen,Type 2,WA1YD54B95N970353,11.18,7,148.63
Mazda,626,WDCGG0EB6FG452632,13.23,6,100.84
Hyundai,Azera,KMHD35LH1FU385962,10.25,4,181.58
Mercury,Topaz,JA32X8HWXAU665931,11.53,7,64.63
Chrysler,Concorde,1FTEW1CMXBF807230,16.61,2,161.22
Pontiac,GTO,5FRYD3H65FB047776,14.85,6,110.99
Infiniti,I,WBAEA53558C659593,15.87,5,96.33
Toyota,Sienna,1HGCR2E38DA354528,12.2,6,180.66
Chevrolet,Cobalt SS,WAUJC68E65A106983,17.72,3,147.98
Toyota,Corolla,3GYT4NEF3CG890094,11.34,3,75.25
Bentley,Brooklands,3GYFNAEY0BS936089,15.96,2,193.84
Tesla,Roadster,1C6RD6FKXCS012874,11.74,3,90.9
Subaru,Impreza,WBAXH5C53CD257532,11.08,2,99.48
Volkswagen,Jetta,1FTEX1C82AF389437,12.44,4,165.65
Chevrolet,Avalanche,WBAEJ13421A174054,14.71,4,60.67
Volkswagen,Routan,WBA1F5C53EV418969,11.16,4,109.38
Oldsmobile,Bravada,JN8AZ2KR8AT399259,12.03,6,58.33
Ford,Freestyle,WBA3B1G53FN829698,10.99,5,71.07
Porsche,Boxster,1G6AC1RX9F0624117,12.53,5,126.62
Oldsmobile,Cutlass Supreme,WAUNG94F99N594587,13.37,7,170.87
Chevrolet,S10,JN1EY1AP6EM113440,12.97,7,80.35
Chevrolet,Corvette,JM3TB2CA9E0201174,12.76,5,92.52
Mercedes-Benz,GL-Class,TRUWT28N131247612,11.43,3,142.01
Volkswagen,R32,JN1CV6EK7DM005788,12.54,7,120.01
Toyota,Highlander,WAUKH78E08A555625,17.98,3,139.89
Pontiac,G5,JH4CU2F67AC818414,14.73,3,72.27
Mazda,Mazdaspeed 3,5UXWX9C56D0816653,14.74,2,161.63
GMC,1500,2C3CCAGG1CH581526,16.17,4,75.3
Toyota,Camry,5UXFG83508L847749,15.5,6,84.66
Nissan,Sentra,KMHFG4JG4DA177011,12.79,4,163.06
Plymouth,Grand Voyager,WBSPM9C51AE005249,16.15,5,149.64
Cadillac,SRX,WBAKF3C52DJ791662,16.02,7,171.56
Ford,Aerostar,WA1CV74L07D499889,17.68,4,193.05
Audi,A4,WVWED7AJXDW261570,15.1,6,177.06
Mercury,Sable,WA1CMAFEXED266047,14.37,3,101.81
Pontiac,G6,3GYFNGE37CS863277,17.6,2,129.67
Isuzu,Trooper,WDDHF2EB4DA869276,16.16,5,98.62
Maybach,62,3C4PDCBB8DT211782,16.4,6,190.52
Land Rover,LR2,WA1AY74L99D332643,16.67,6,129.45
Mercury,Montego,2C3CCACG2CH968740,12.41,5,52.34
Ford,Crown Victoria,WAUDK78TX9A868109,14.19,2,69.82
BMW,3 Series,WBA3B5G5XDN634024,15.98,4,95.58
Ford,E-Series,WBAAZ33415K060338,10.19,6,120.91
Chevrolet,Silverado 3500,WBA3B3G54EN173926,15.62,7,113.8
Mercedes-Benz,C-Class,WBAKE3C54DE927091,13.4,5,87.89
Land Rover,Range Rover Sport,WBABS53491E833604,14.3,3,113.96
Mercedes-Benz,SL-Class,WBA3A9G56FN048000,10.79,2,199.24
Acura,MDX,1G6AX5SX0E0915092,17.58,6,157.34
Mitsubishi,Lancer Evolution,3C6TD5HT1CG367252,17.86,4,180.24
Lotus,Elan,WAUDF98E58A740134,14.16,2,126.81
Mitsubishi,Lancer,WP1AB2A22FL432182,16.17,7,162.91
Lincoln,Town Car,3N1CE2CP3FL449514,11.14,5,115.92
Hummer,H2,WAURV78T38A948945,12.14,7,106.93
Dodge,Caliber,1GD12XEG6FF086557,16.54,3,109.57
BMW,Z4,TRUB3AFK3D1966217,13.2,2,142.29
Toyota,Celica,1G4PS5SK1C4154102,10.45,3,109.74
Pontiac,Aztek,JTDKN3DU0B0270034,14.3,3,145.52
Chevrolet,Cobalt,WAUKF78EX7A655977,13.01,5,139.85
Ford,Expedition EL,2T1BURHE9FC148454,14.94,3,169.94
Nissan,Xterra,19XFA1E86AE270340,12.98,2,100.02
Chevrolet,Cobalt,4T1BF1FK3FU416224,15.66,6,141.59
Volkswagen,Golf,1G6KD57Y26U951407,14.25,5,89.72
Mercury,Milan,WBABV13425J052694,13.9,2,81.78
Cadillac,DeVille,1N6AF0KY3EN640474,16.53,3,53.47
Ford,Ranger,1N6AF0KY0FN795694,14.18,2,127.6
Audi,TT,5UXFG8C56EL945986,16.07,6,96.48
Oldsmobile,Aurora,3LN6L2LU4FR422109,17.84,7,121.09
Honda,Ridgeline,JH4CU26689C473339,13.6,3,199.29
Toyota,Avalon,5YMGY0C54DL097438,10.93,4,79.69
Suzuki,SJ,JM1DE1HY1B0810095,16.97,2,121.85
Ford,Fusion,5FRYD3H24EB119384,11.25,3,71.37
Chevrolet,Impala,WBAHL035X6D057449,15.28,7,176.66
Mercedes-Benz,CLS-Class,WBABW53495P178763,11.53,7,76.42
Acura,TSX,2T3BFREVXFW534272,16.57,6,195.66
Saab,9000,1G6DD8E30E0653820,16.46,2,133.63
Chrysler,Prowler,3VWKX7AJ9BM595190,15.79,5,59.39
Hyundai,Tiburon,TRUDD38J781335529,12.02,2,56.8
Pontiac,Grand Prix,SCBDU3ZA3CC706436,17.63,3,148.05
BMW,M Roadster,JH4CU26619C122112,10.32,7,82.07
Pontiac,Fiero,KNDJN2A27F7172267,16.83,2,59.91
GMC,Envoy,3GYT4NEF0BG160643,12.18,5,65.86
Honda,CR-V,3N6CM0KN1DK541595,10.45,2,136.31
Honda,Accord,WAULF78K39N562806,13.82,6,199.76
Kia,Sportage,3C4PDCEG4DT137882,11.47,6,111.75
Hyundai,Tucson,1FTEW1E83AF335953,17.53,7,132.59
Mazda,Miata MX-5,1N6AA0EC3EN504425,11.22,4,130.62
Chevrolet,Camaro,WAU3VAFR7AA376326,17.17,4,67.17
Mitsubishi,Galant,5FRYD3H24EB074026,11.81,6,101.46
Mitsubishi,Chariot,19UUA65586A129713,12.12,6,95.06
Lamborghini,Aventador,3D4PH6FV3AT713785,16.26,5,140.79
Hummer,H1,3VW1K7AJ4FM487401,10.31,7,91.36
Ford,F-Series,WVGEP9BP7FD376580,14.14,4,107.93
Maybach,62,1FMJK1FTXFE300395,10.99,4,129.12
Dodge,Dakota Club,WA1VGAFP3EA869117,10.66,2,173.35
Lincoln,Continental Mark VII,JN1BY1AR4EM486383,10.3,6,116.64
Kia,Spectra,KNADH5A31A6985226,11.81,2,142.37
Ford,F350,WAUDH48H08K861137,14.03,2,148.2
GMC,Savana 2500,5UXFG8C57BL203897,15.91,6,161.79
Eagle,Talon,WAUAH78E17A767282,12.55,6,173.36
Cadillac,Escalade EXT,JTHBE1BL6FA033674,17.2,5,187.75
Chevrolet,Suburban 1500,5TDDK3DC6FS042728,11.38,3,120.4
Pontiac,Trans Sport,3GYFNAEYXBS715003,11.6,5,83.69
Honda,CR-V,WBAGL63452D698315,15.77,6,195.04
Mazda,323,WA1WMAFE6AD146883,14.28,2,129.43
Mazda,RX-7,WAURD68D62A764046,13.87,2,174.21
Cadillac,Eldorado,JTHHE5BC6F5722155,12.0,3,62.62
Mercedes-Benz,M-Class,JM1GJ1T55F1510906,12.28,4,197.96
Jeep,Cherokee,2T1BU4EE6DC038904,17.24,7,104.2
Kia,Sportage,5NPDH4AE8FH681306,15.9,2,188.94
Porsche,911,WAUSFAFL6AA619158,10.13,2,136.98
Ford,F-Series Super Duty,WAU4GAFB1AN386165,11.85,6,120.11
Ford,Bronco,3N6CM0KN7EK374774,10.94,2,165.8
Volkswagen,GTI,WAUUL78E66A934682,13.75,2,122.34
Mazda,323,WA1EY74L37D100490,11.17,7,53.56
Mitsubishi,Tredia,WAUGF98K49A517913,13.27,3,128.67
Kia,Sorento,WBADT33483G314657,12.39,6,146.52
Smart,Fortwo,WAUKFAFL5CN073786,13.71,3,100.25
Volkswagen,Jetta III,JHMZF1C69CS906828,14.27,5,53.19
Ford,F350,5UXFG8C53EL391547,10.76,2,86.17
Infiniti,I,WBAVL1C51DV418003,15.74,4,124.07
Mitsubishi,Montero,5TFBW5F15DX743609,17.89,5,191.1
Audi,5000CS Quattro,4USBT335X4L383629,14.54,5,168.54
Toyota,Camry,3C63D2ELXCG116832,17.0,2,70.39
Ford,Explorer Sport Trac,WBAFR7C59DD946559,10.68,7,143.04
Jaguar,S-Type,WAUMF78P46A401724,13.31,6,145.67
Suzuki,Swift,KNAFU5A22D5739338,16.83,3,119.04
Lexus,GX,WBANW13569C636433,13.62,5,105.96
Toyota,RAV4,1G6DC5E52C0311608,15.43,7,124.1
Chevrolet,Corvette,19UUA56952A549810,13.62,5,135.17
Ford,Mustang,JN8AF5MV7FT670663,14.57,3,184.87
Ford,E-Series,SCBGR3ZA5DC693463,14.02,7,117.8
Buick,Electra,WBAEH73475B685189,17.89,5,91.1
Saab,9-5,2B3CA8CT4AH376097,12.32,4,52.65
Volvo,XC90,2HKRM3H37EH544694,11.13,5,77.49
Infiniti,Q,1HGCP2E83AA788238,13.49,6,127.2
Pontiac,Grand Prix,19UUA56761A031895,11.91,3,58.68
Lexus,LS,1G4GF5E38DF534083,11.95,6,88.88
Lexus,ES,1G6DV57VX80398964,15.94,5,102.06
Toyota,Tacoma,4T1BD1EB3DU919188,14.93,7,66.39
Ford,Mustang,WBAWB33557P538110,17.67,3,134.57
Lincoln,Continental,WP0CA2A85FK602951,14.78,4,98.89
GMC,Savana 2500,WAUMGAFL6AA176256,12.85,6,150.66
Volvo,C70,1C6RD6PT8CS554692,17.78,6,180.14
Mazda,MX-5,1N6AA0CC6DN859798,12.24,6,191.8
Buick,Riviera,SAJWA0FB8CL015463,16.61,4,174.49
Dodge,Durango,5NPDH4AE5CH299441,12.81,4,191.35
Kia,Sorento,JN1BY1AR5FM771305,16.79,3,165.26
Toyota,Camry,2G4WS52J751159287,13.1,7,188.62
Audi,A5,WAUDFAFL1CN883621,17.1,3,139.13
Land Rover,Defender,5N1AR1NB5AC878321,10.27,2,106.86
Oldsmobile,Intrigue,WAUJC58E14A035149,12.46,6,76.06
Oldsmobile,Silhouette,WDDEJ7GB4AA310169,16.77,2,88.38
Ford,Thunderbird,WAUBFAFL2DA294691,15.37,5,65.95
Dodge,Caravan,WAUXL68E75A613854,15.65,2,151.45
Dodge,Dakota,WA1DGBFE0BD105980,15.82,7,151.89
GMC,Yukon Denali,WAUVC68E32A362611,12.75,4,177.31
Buick,Skyhawk,KMHHT6KD4AU574166,15.09,3,126.34
Cadillac,Escalade,SCBBR9ZA8CC603976,16.88,6,189.92
GMC,Sierra 2500,1FT7W2A65EE144856,17.49,2,110.02
Toyota,Camry,JTEBU4BF8BK238333,12.01,7,160.49
MINI,Cooper Clubman,WA1YL64B15N525582,14.75,6,114.47
Smart,Fortwo,5UXWX7C5XF0879827,10.16,3,184.06
Chevrolet,Aveo,1G6AB5R39F0233637,13.0,7,166.72
Plymouth,Grand Voyager,KMHTC6AD2CU579865,16.3,5,151.85
Mercedes-Benz,G-Class,3C6LD5AT5CG057552,14.45,5,86.29
Lincoln,Town Car,5GAKRCED3BJ402590,16.44,3,174.62
Toyota,Xtra,1FMCU4K39BK828953,17.48,4,78.05
Toyota,Camry,1FTEX1CW9AF517946,12.6,5,112.29
Honda,Accord,KNAGM4AD2F5460720,10.89,2,98.67
Volkswagen,Touareg,1G6AG5RX7E0285982,17.2,5,110.73
MINI,Cooper Countryman,JA32U2FU8DU351464,15.82,6,178.22
GMC,Savana 1500,JTHBF5C26D5250500,17.09,5,70.93
Hyundai,Azera,JM1NC2LF1D0555344,13.66,2,199.97
Nissan,NV2500,1FTEW1E8XAK940608,10.39,5,92.09
Mazda,MX-3,WAULFAFH6CN690694,16.0,4,74.59
Chevrolet,Lumina,WBALY1C58ED209406,17.84,2,129.45
Scion,xB,3VWAL7AJ0AM511859,11.4,4,182.41
Cadillac,Escalade EXT,JN1AJ0HP8CM945488,16.36,5,89.12
Buick,LaCrosse,1FMJK1G56AE176098,14.81,4,130.81
Porsche,Panamera,SCFAB01A77G399059,14.21,3,117.29
Ford,Crown Victoria,SALAK2V68FA839722,13.3,6,139.24
Mazda,RX-8,1GD02XEG7FZ223290,12.95,5,76.13
Ford,Focus,2FMGK5B85EB074196,12.12,2,110.97
Mitsubishi,Expo,1D4PU2GK6AW974170,16.26,7,131.17
Ford,Mustang,WBAPT73549C252994,10.5,4,98.1
BMW,X6 M,1G6DH1E36E0929865,11.24,4,102.59
Rolls-Royce,Ghost,JM3TB2BA3C0308056,17.08,2,194.57
BMW,Z3,WBAEV33462P945680,10.35,6,109.95
Honda,Civic,WA1LYBFE2AD720909,14.66,4,72.53
Isuzu,Ascender,JN1BJ0HR2EM367378,14.47,4,175.13
Plymouth,Breeze,WAUFGBFB9BN578370,14.91,7,176.67
Nissan,Titan,WAUBF78E48A765179,12.17,3,54.1
Dodge,Viper,3C3CFFDR9ET004893,10.28,6,162.64
Audi,R8,1C3CDFAA7FD959445,14.13,5,73.89
Ford,Fiesta,JM1NC2SF9F0778560,16.21,4,182.09
Acura,TL,1B3BD1FB6BN823616,12.25,3,169.58
Saab,900,ZHWGU5BZ6CL471687,10.94,7,74.63
Mitsubishi,Eclipse,WVWAA7AH2AV085037,13.27,2,144.3
Ford,Mustang,5NPEB4AC0CH061937,12.03,4,112.28
Nissan,Datsun/Nissan Z-car,2C4RDGCG3DR271627,15.81,7,83.42
Mitsubishi,GTO,WAUDH78E98A300741,12.61,2,68.42
Kia,Optima,4T1BD1FK0DU412912,13.96,4,91.06
Lexus,GS,WBAEW53412P345447,10.36,3,84.68
Cadillac,XLR,2G4GS5GX1F9172072,17.9,4,152.96
Nissan,Sentra,WAUKF68EX5A354049,13.91,6,92.16
Land Rover,Range Rover,WUARU78E77N310196,10.48,3,120.85
Subaru,Legacy,JH4CL96906C194193,16.38,7,146.67
Honda,S2000,1FAHP3CNXAW232861,13.98,3,60.7
Porsche,928,WAU2GAFC7EN286626,14.18,7,144.05
Infiniti,M,3C6TD5CT6CG536009,10.82,3,173.49
Ford,Taurus,WAUGL98E57A810137,12.79,6,155.95
Hyundai,Tiburon,YV4902BZ4C1928288,16.25,6,157.93
Mercedes-Benz,CLK-Class,WBAVC73558A173688,11.68,5,193.76
Isuzu,Ascender,1GD220CG2CZ709164,11.02,7,145.89
Lamborghini,Gallardo,WDDLJ6FB7FA000351,15.82,3,163.37
Toyota,RAV4,1N6AD0CU8CN560098,13.1,2,85.33
Toyota,4Runner,WVWED7AJ9AW370890,13.51,3,150.34
Honda,S2000,2B3CK9CV5AH361614,10.86,3,125.58
Land Rover,Range Rover,WAUEF78E56A887978,11.16,4,91.0
Volvo,S60,JN8AE2KP2B9150139,13.92,4,86.42
GMC,Sierra,5J6TF1H31EL383706,10.87,6,130.74
Ford,Bronco,WAU3MAFD0FN674563,15.2,7,55.58
Chevrolet,Express 2500,SAJWA0FA1AH515505,14.95,3,125.46
Dodge,Dakota,3GYFNEE39DS944304,16.36,4,80.91
Acura,Integra,3VW517AT3FM101475,17.68,3,66.93
Nissan,240SX,WA1LFAFP7FA666825,14.02,4,159.35
Buick,Century,WAUDH74FX6N563650,15.89,5,129.57
Suzuki,SJ,1GYS4FEJXCR309843,14.0,5,63.02
Porsche,911,WAUJC58E63A064516,13.44,5,103.84
Pontiac,Fiero,JH4CL95828C743906,11.65,3,89.92
Lincoln,MKS,WBAEK73425B888105,14.78,4,166.42
Audi,S5,SAJWA1CB6CL295152,13.76,2,114.25
Nissan,Altima,4T1BF1FK1EU680315,11.0,3,155.89
Toyota,Celica,2C3CCAPG2DH998056,12.8,6,52.46
Volkswagen,Passat,3FA6P0D98DR031006,10.4,2,139.03
Chrysler,New Yorker,WAULD54BX4N776345,15.86,4,189.83
Ferrari,458 Italia,WVGAK7A93AD504388,12.44,6,89.08
Ford,Ranger,4T1BD1FK8CU896021,12.85,7,110.41
Chevrolet,Silverado 1500,JN1AZ4EHXCM004184,12.97,3,95.71
Cadillac,Seville,SCBGT3ZA8EC235256,17.7,7,62.55
Audi,R8,1GYS4EEJ7CR942309,11.93,3,187.68
Land Rover,Range Rover,1FMJU1G57AE207871,17.26,3,62.78
Ford,Thunderbird,WAUCFAFR0DA803802,17.74,2,155.1
Volkswagen,Type 2,19UUA66284A175589,11.93,5,107.71
Buick,Roadmaster,1D7RB1GT3BS113574,15.41,4,75.21
Chevrolet,Suburban 1500,WAUWGAFB2BN679261,13.89,3,112.93
Suzuki,X-90,1FAHP3HN8AW108094,17.3,5,169.69
Porsche,911,1C4RDJEG5EC811547,10.75,2,175.39
Lamborghini,Countach,WAU2MAFC2FN780211,10.48,6,120.69
Mitsubishi,Lancer,WBA4C9C59FG594637,14.87,4,164.24
Volvo,XC90,JM1BL1H40A1223891,15.54,4,62.9
Jeep,Wrangler,3C3CFFAR9FT420710,17.04,2,98.92
Toyota,Yaris,WAUDN74F18N866649,11.02,6,77.65
Chevrolet,Metro,WBAWV1C54AP220076,15.83,3,174.09
Maybach,Landaulet,5J8TB4H75GL871079,14.82,2,196.44
Saab,900,KMHFC4DF9BA707422,11.88,3,86.31
Dodge,Viper,WAU3GBFC3DN202696,14.17,6,66.29
Buick,Skylark,1FTSX2A53AE261442,17.58,5,145.79
Oldsmobile,98,JH4KC1F30EC808537,11.73,2,197.96
Dodge,Viper,WBABW53425P099175,15.34,4,161.8
Dodge,Nitro,KNAFU5A22C5701770,11.18,2,117.11
Aston Martin,V8 Vantage S,WBALW7C5XED309547,16.91,2,176.23
GMC,Suburban 2500,WBAEN33495E383953,16.24,5,143.56
Nissan,Armada,3N1CN7APXDL272022,14.13,7,155.42
Nissan,Murano,WAUBFAFL1AN246796,17.85,4,68.01
BMW,5 Series,5TDBM5G11AS504595,11.93,7,70.53
Smart,Fortwo,JH4NA12635S720056,17.32,4,87.32
Honda,Fit,1G6AJ5S3XE0805973,10.99,4,92.27
Geo,Metro,WBADS33433G121268,10.35,2,91.83
Subaru,Baja,3VW1K7AJ8CM583172,15.85,6,79.48
Chevrolet,LUV,3VWF17AT8FM518238,15.03,7,163.16
Ford,Focus,5UXKR0C50E0677089,10.29,7,157.25
Volvo,S90,WA1LMBFE3BD325165,13.4,6,192.56
BMW,5 Series,SAJWA0FB8BL069523,17.91,5,173.44
Acura,SLX,JN1CV6EK0EM991344,17.51,2,114.3
Honda,Odyssey,WVWED7AJ6DW571442,12.09,7,90.79
Volvo,S60,WVWAN7AN3DE285293,14.36,6,51.8
Toyota,Sienna,19UUA8F29EA373904,11.66,2,188.2
Hyundai,Tucson,1FTWX3B58AE299707,10.94,2,98.39
Dodge,Daytona,JH4CU2E60AC118784,12.94,4,64.65
Isuzu,Space,WDDGF4HB2ER565918,14.11,4,123.37
Porsche,944,2T1KE4EE3DC671339,11.32,3,188.7
Oldsmobile,Ciera,1GKS1GEJ9CR502008,13.36,5,157.27
Pontiac,Firebird,2T1BU4EE7CC031586,12.07,3,85.77
Pontiac,Grand Prix,1FTWW3A55AE167458,17.4,7,186.58
Buick,Somerset,WAULC68E62A997829,13.04,4,111.43
Pontiac,Firebird Formula,JN1CV6AP2AM232383,13.24,2,128.66
Acura,RL,1N6AA0CJ9EN247823,16.15,4,92.12
GMC,Yukon XL 2500,WAUCFAFR1CA976467,10.65,3,170.66
Lincoln,Mark VIII,JN8AE2KP7D9805253,16.6,4,109.71
Lamborghini,Murciélago,WBA3N5C52FK708831,13.9,4,75.46
Acura,SLX,5J8TB3H50GL658355,12.15,3,146.86
GMC,Savana 2500,WBAEK73455B817819,11.41,7,125.14
Ford,Escort,1N6AD0CW2EN837106,15.09,7,128.6
Mazda,929,1G6AE5S31E0808393,14.4,6,155.9
Toyota,Tacoma Xtra,1N4AA5AP3AC717203,12.78,2,82.43
Saturn,VUE,WAUAF78E07A972212,16.21,6,104.59
Buick,Electra,WBA5B1C54ED136335,12.24,6,147.72
Lexus,GX,WAUHF98P28A078581,11.79,5,139.57
Mitsubishi,Truck,JTDKN3DP6C3268993,10.28,3,180.78
BMW,Z3,3VW4A7AT6DM506304,14.23,3,134.66
Mazda,929,WBAKG7C56BE669607,11.05,4,93.69
Toyota,Camry Solara,SCBBP93W39C443055,14.68,7,69.49
Toyota,RAV4,WBADT43462G721963,14.59,2,107.44
Honda,Accord,1G6DN57U560568216,15.18,3,120.68
Audi,4000CS Quattro,1LNHL9DR7CG041255,16.1,5,77.65
Audi,RS 4,2HNYD18671H360766,16.3,7,128.31
Ford,F150,WBAYE8C5XFD981060,16.0,2,169.38
Ford,E-Series,1G4GA5GR8CF261225,17.72,4,58.98
Chrysler,Sebring,1D7RE3GK9AS638941,10.58,4,144.52
Isuzu,i-Series,WAUDH78E08A794472,17.14,3,190.75
Jeep,Compass,WAUNE78P68A392969,11.99,7,92.33
Subaru,Forester,JN8AE2KP2B9526886,12.49,3,178.8
Toyota,Camry,3G5DB03L66S807875,12.59,7,79.82
Dodge,Ram,2HNYD18753H593332,11.34,4,66.22
Ford,Thunderbird,1FTFW1E83AF615117,11.26,7,183.62
Chevrolet,Impala,WAUFL44D13N952869,10.65,7,140.32
Plymouth,Neon,1YVHZ8BH8A5074405,12.9,4,167.6
Daewoo,Nubira,1VWAH7A37EC448611,12.88,4,64.1
Dodge,Intrepid,1G6DM57N540621571,11.02,6,105.5
Chevrolet,Corvette,WAU3GAFC3DN728210,13.94,5,196.27
Jeep,Wrangler,JN1CY0AP9AM402212,16.73,4,96.89
Toyota,Paseo,SALGS2TFXFA938457,16.2,3,73.94
Dodge,Caravan,WBA3C1G54DN795152,15.12,4,142.66
Chevrolet,Express 3500,SCFEBBAK9BG773184,17.31,2,132.73
Chevrolet,Astro,WBACN53441L079535,13.44,2,137.48
Pontiac,Firefly,4F2CY0C7XAK503779,13.94,6,100.1
Nissan,Frontier,3C4PDDDG5ET843770,14.54,6,92.23
Mazda,Mazda3,1G6DA8EY6B0943236,12.8,4,54.74
Mercedes-Benz,SL-Class,2GKALMEK8F6197825,11.18,2,91.55
Mercedes-Benz,S-Class,1GYFK668X8R015904,10.53,7,84.84
Audi,S4,WAUNF78P06A492561,10.9,5,130.38
Pontiac,Firefly,JN1BJ0HP4EM497628,15.85,4,140.35
Toyota,Tercel,JTHBE5C25A5752784,13.9,3,188.42
Volvo,S80,1GYS4BKJ7FR125073,16.74,3,93.44
Volvo,V70,WAUAH74F09N466884,15.09,3,115.63
Rolls-Royce,Ghost,YV1672MK6D2953734,10.97,2,139.09
GMC,Safari,2B3CK4CV6AH988003,14.44,4,77.01
Chevrolet,Suburban 2500,SCBLC47J58C655908,15.07,5,70.18
Ford,E250,5N1BA0NC7FN687171,13.93,6,111.82
Suzuki,Equator,1GD22XEG7FZ761013,17.53,6,174.49
Aston Martin,DB9,SALFR2BN3CH630372,16.77,5,134.31
Land Rover,Range Rover,WAUFFBFL1AN346582,14.54,3,63.39
Mercury,Cougar,19VDE1F79EE771318,12.92,2,139.46
Ford,Econoline E250,JN1BY1PP5FM287835,10.54,3,127.93
Pontiac,Bonneville,SCBZB25EX1C240189,11.5,4,51.16
Subaru,Impreza,JTDJTUD31ED330222,13.52,3,92.83
Infiniti,FX,2G4WY55J111254285,10.08,5,197.58
Dodge,Viper RT/10,ZHWGU5BRXEL209724,13.49,3,141.37
Dodge,Ram 1500,2CTALMEC2B6152396,17.48,6,166.52
Maserati,Biturbo,WAUEKAFB4AN626117,16.66,3,132.35
Audi,S4,1GYS4CEF7ER474777,16.96,5,125.83
Toyota,Sequoia,5N1AR1NB5CC392370,10.91,3,162.94
BMW,X5,WAUNF78P08A796072,11.09,4,66.69
Jeep,Compass,1G6DM57T970997547,17.76,7,108.93
McLaren,MP4-12C,WAUBFAFL6AN609402,14.65,5,179.52
Lincoln,LS,1GKS2GEJ0CR340475,13.68,7,110.71
Chevrolet,Malibu,WAUGFAFRXAA973291,15.31,6,114.21
Cadillac,CTS,JTDKN3DU3A0795846,12.28,7,132.19
Mercury,Cougar,SCFHDDAJ9AA391698,17.51,2,77.11
Acura,TL,WAULT68EX2A548041,15.56,5,153.47
Chevrolet,Metro,JTEBU5JR0E5938321,13.91,2,73.56
Buick,Electra,WP1AA2A25EL213847,16.58,2,103.79
Mercedes-Benz,CLS-Class,WBA3B9C59EF159085,16.93,4,171.98
Porsche,Cayman,SALFR2BG0DH153967,14.66,7,158.21
GMC,1500 Club Coupe,2T1BU4EE4CC062388,13.49,2,54.41
Geo,Prizm,WDDGF4HB4DA543285,17.56,6,116.29
Nissan,Cube,2G4WF521031425055,11.51,4,106.24
Chevrolet,Suburban,1C3ADEAZ6DV329267,15.16,4,135.26
Lexus,GS,SCBDR33W99C647813,14.46,6,103.2
Mazda,Miata MX-5,5J6YH1H33AL213020,15.22,5,74.48
GMC,Envoy XL,WAUSH78E48A320838,16.88,5,192.4
Land Rover,Range Rover,JN1AZ4FH7FM087964,12.67,4,79.05
Ford,Windstar,WAUML64B54N967460,16.36,3,197.67
Kia,Sephia,3GYFNKE47AS643081,12.15,5,166.47
Chevrolet,TrailBlazer,WAULF78KX9A856954,17.33,5,188.72
Ford,Windstar,1FTSF3A50AE018292,16.3,6,56.44
Mazda,626,JH4NA21643T748849,10.64,6,142.29
Buick,Riviera,1GYS4LKJ0FR366737,17.36,6,114.02
Volvo,S80,SCFFDAAE0CG815357,12.85,4,50.92
Volvo,960,3D73Y4EL3AG434299,10.33,7,197.48
BMW,5 Series,JH4KA96691C730834,13.4,2,120.15
Pontiac,Montana,2G61V5S33D9215378,11.56,4,137.05
Mitsubishi,Pajero,1N6AA0CAXAN849351,15.05,7,129.06
Saab,9-3,3VW4A7AT3DM658928,16.97,2,137.78
Chevrolet,Caprice,5XXGM4A71EG076502,10.96,4,168.4
Porsche,Boxster,3D73Y4CL1BG133244,15.02,7,165.86
Dodge,Caliber,1FTWW3B59AE665614,15.41,3,101.23
Chrysler,Town & Country,1C3CCBHG3CN149970,11.72,4,139.78
Lincoln,LS,1FTEW1CF4FF081789,17.91,3,162.99
Saab,9-5,1G6DA1E31C0924607,13.24,5,191.46
Chevrolet,Astro,2B3CJ7DW1AH807160,14.78,5,174.84
Toyota,Truck Xtracab SR5,19UUA56872A836010,15.67,7,128.25
Jeep,Grand Cherokee,5GNRNJEE8A8263357,16.16,2,50.62
Mazda,Familia,TRUTC28N761679175,15.55,3,96.82
Chevrolet,Silverado,1GTN2TEHXFZ309950,13.69,6,83.82
Mercedes-Benz,500SEL,SCFAB01E59G363831,13.65,3,189.74
Mitsubishi,Outlander,KNAFX6A86F5133769,15.91,3,188.89
Ford,E350,JN8AF5MR8CT311823,13.81,3,104.17
Aston Martin,Vantage,JTDZN3EU6D3966458,11.45,4,112.5
Chevrolet,Blazer,2HKRM3H55DH799960,13.45,6,80.99
Lexus,ES,3C3CFFFHXDT069898,12.98,5,164.99
Ford,Taurus,2C3CDXGJ7CH506504,17.1,2,120.46
Rolls-Royce,Phantom,19VDE1F73FE448335,15.96,4,167.55
Nissan,Frontier,WVWAN7AN9DE547270,15.41,4,54.73
Saturn,Ion,3VW8S7AT8FM062151,12.8,6,174.33
Honda,CR-X,2C3CCAGG0CH329847,17.19,6,85.32
Mercedes-Benz,E-Class,1G6DP57V680928986,13.44,7,153.3
Ford,F-Series Super Duty,1GYS4JEF5DR021146,12.78,2,77.72
Audi,TT,5TDBW5G12DS976741,17.33,4,133.48
Volvo,C30,2C3CCABG9CH147698,14.07,5,103.52
Hummer,H1,SCFEBBAC6AG635013,15.66,6,199.85
Honda,Civic,WVGAV7AXXAW443681,13.49,7,179.14
Mercury,Sable,3D4PH9FV9AT850828,15.91,4,122.46
Volvo,S80,1C4NJPBA9FD524203,11.21,2,89.97
Ford,Explorer,YV1672MW9B2532395,15.41,5,180.47
GMC,Yukon,1FTMF1E84AK515414,12.96,3,184.66
Ford,Explorer,WBA5B1C59FG337177,16.97,6,146.8
Kia,Optima,WAUDG58E95A891222,12.33,2,62.68
Pontiac,Grand Prix,JH4DC53802C836897,17.8,3,120.93
Hyundai,Azera,3C6TD5CT6CG535152,17.02,4,180.78
Chevrolet,Impala,19UUA56761A785993,15.32,6,140.68
Mercedes-Benz,500SEL,KMHHT6KD5BU648082,16.34,2,165.26
Jeep,Grand Cherokee,1G6AF5S36D0983914,14.04,5,111.22
Volkswagen,rio,WBAWB73539P089102,12.65,5,74.23
Ford,F-Series,4JGBF2FE3BA740558,15.42,3,135.61
GMC,Envoy,2T3BFREV0DW764531,14.27,5,61.69
Dodge,Ram 3500 Club,1FBNE3BL0DD382353,14.26,4,75.14
Isuzu,Trooper,WAUDFBFL9AN933281,10.78,5,62.46
Maybach,Landaulet,JTJBM7FX4F5973384,15.04,3,186.6
Subaru,Legacy,WBAPH5C59BF534493,14.31,4,118.13
Citroën,CX,1G6DL5E33D0944456,14.13,4,129.72
Buick,Coachbuilder,WBA3B5C50EP610553,13.61,6,117.93
Chevrolet,Venture,WAUVC68E03A350563,12.3,2,193.7
Toyota,Celica,WBAUN1C55BV400624,15.23,2,88.51
Chevrolet,Silverado 3500,1N6AA0CJ7EN902593,15.77,2,170.94
Audi,Cabriolet,4A31K2DF7BE594873,17.97,2,58.59
Pontiac,Trans Sport,JN1AZ4EH0BM370427,16.78,4,107.3
Chevrolet,Express 3500,WA1WKBFP0AA496735,16.88,3,145.93
Daewoo,Leganza,WAUSF98K19N500943,12.77,6,83.68
Audi,TT,WAUDH98E86A375780,12.59,7,137.69
Toyota,Avalon,1N6AA0CJ2FN799388,16.29,6,126.63
Saab,900,5NPET4AC4AH704090,14.08,6,79.72
Eagle,Talon,WUARL48H27K111506,17.13,6,171.33
Pontiac,Gemini,WBAFR7C50BC459446,12.94,2,91.85
MINI,Cooper,1FBNE3BL4AD599822,10.35,5,103.77
Chevrolet,S10,1GD312CG1DF099960,17.07,3,105.25
BMW,7 Series,2C3CDXEJ2CH794208,17.14,2,157.04
Mercedes-Benz,SL-Class,JN1BJ0HR6EM783949,10.12,6,186.86
Lincoln,Continental,SCFBB03CX9G042416,12.52,2,135.81
Mazda,Protege,WAUVC68E94A721818,10.29,7,86.97
Plymouth,Colt,5UXZV4C53BL808043,15.13,4,184.76
Ford,E-Series,JTHBE5C2XA5631300,11.96,4,93.98
Chevrolet,G-Series 2500,WAUBC48H75K299626,16.98,5,174.27
Ford,Edge,5GADV23W27D899799,13.17,2,115.47
Nissan,Titan,JTHBC1KS2B5401980,17.98,7,151.93
Audi,A3,3MZBM1K76EM178252,11.66,7,169.62
Dodge,Charger,WDDUG7GB2FA523350,12.19,2,198.03
Buick,LaCrosse,WAUHE98P49A152135,11.39,7,127.78
Toyota,RAV4,WAUGFAFR6AA739259,12.36,7,61.49
Lincoln,Navigator,3N1CN7AP1FL414860,16.12,6,149.62
Subaru,Legacy,JN1CV6FE9DM151408,11.58,4,156.61
Pontiac,Montana,1G4PR5SK4F4579135,10.55,4,198.79
Mercury,Milan,WVGFG9BP4CD310536,12.54,5,99.02
Cadillac,SRX,WBA3C1G57EN998652,15.05,5,58.46
Toyota,4Runner,WAUDG68E15A261491,17.53,6,196.33
Plymouth,Colt Vista,SCBDC3ZA6DC905940,16.07,4,67.84
Mitsubishi,Eclipse,WBA3F9C59EK455428,10.2,3,57.03
Bentley,Continental Super,WBASP2C59DC187988,14.14,6,172.36
Chevrolet,Sportvan G30,1D7RW2BK1BS331781,15.01,4,132.97
Honda,CR-V,5N1AN0NW5DN110517,11.67,6,156.08
BMW,X5,KL4CJDSB2DB211978,12.23,6,75.21
Buick,LaCrosse,2G4WS52J541637317,16.6,6,126.91
GMC,Savana 2500,1FMEU5BE4AU378020,10.15,6,197.22
Toyota,Corolla,1GYS3FEJ5DR984391,12.08,2,104.61
Dodge,Shadow,1GYUKAEF8AR180737,12.23,6,185.07
BMW,7 Series,1B3CC4FBXAN619313,13.48,5,80.01
Volvo,S80,5NMSG3AB9AH189206,14.09,5,179.93
Mazda,Familia,WAUPFAFM7AA419601,17.53,3,186.84
Pontiac,LeMans,19UYA42583A177931,11.17,7,187.33
Pontiac,Sunbird,19UUA75637A489939,13.09,2,134.49
Rolls-Royce,Ghost,KMHFC4DD0AA907151,16.15,3,111.93
Oldsmobile,Aurora,WBAEW53495P282733,11.57,2,104.09
Nissan,Frontier,WAUCD64B24N087762,12.32,6,58.77
Volkswagen,GTI,2HNYD2H88DH471774,10.17,6,156.7
Ford,EXP,SALGR2WF9EA680602,13.03,7,119.61
Chrysler,PT Cruiser,WBAYE8C58ED498598,14.37,3,58.23
Volkswagen,Phaeton,WAURFAFR9AA894221,15.05,4,172.9
GMC,Sierra 1500,1GKS1GEJ2BR288624,17.01,5,98.43
Nissan,Maxima,WAURFAFRXCA255929,13.86,6,78.37
Mitsubishi,Diamante,5UXFG8C55DL079292,15.51,6,184.87
Honda,Prelude,1GYS4AEF4BR247871,12.16,6,86.69
Porsche,911,1N6BF0KL9FN040746,10.51,3,106.51
Infiniti,G25,YV4852CT7B1510880,11.93,2,113.38
Audi,R8,1G6AE5SX5D0703339,17.74,5,109.52
Ford,F350,WAUPEAFM2AA967587,13.2,2,159.76
Ford,F150,3VW4A7AT1DM868279,11.37,7,108.42
Hyundai,Elantra,WVGEF9BP0FD204135,10.86,4,173.38
Cadillac,Catera,JTJBM7FX3A5325334,15.63,4,96.83
Cadillac,Escalade ESV,1C4SDHCT5CC148715,16.63,4,58.62
Ford,F250,1FTEX1E81AK467758,14.12,5,113.97
Pontiac,Grand Am,1FTWX3D55AE232818,10.34,4,50.44
Chevrolet,Colorado,4T1BF1FK0FU640311,15.65,6,172.18
Volvo,XC70,WAUKH98E88A390936,17.82,7,62.24
Jeep,Patriot,WVGAV7AX7CW297145,16.23,5,109.62
Dodge,Stratus,WAUUL78E17A221397,12.71,6,85.0
Mitsubishi,Montero,SALVP2BG8FH114550,13.52,6,75.32
GMC,Yukon,5UXWX7C5XCL202562,14.32,3,65.05
Toyota,RAV4,19XFA1E33AE179806,14.41,5,143.89
GMC,2500,1FTNX2A5XAE837685,12.7,2,119.07
GMC,Sierra 1500,WA1DKAFP4BA248507,16.2,7,178.15
Porsche,911,1FTSW2B5XAE003260,11.95,4,84.48
Nissan,Armada,WBSPM9C5XAE370321,11.03,2,198.79
Saturn,Ion,YV1672MW9B2519131,15.4,5,81.31
Dodge,Viper,1FTEX1CM3BF394306,10.86,3,138.27
Pontiac,G6,WAUEG98E86A418067,10.02,6,120.61
Geo,Storm,YV4952CTXD1740162,10.08,5,115.99
Jeep,Grand Cherokee,WAUJT54B82N012162,13.35,5,125.16
Mercury,Tracer,2HNYD187X4H381771,14.26,5,189.01
Chevrolet,Blazer,3C3CFFAR7FT626740,17.01,5,75.74
Dodge,Ram 3500,1G4GA5GC2AF135404,13.18,6,176.07
Chrysler,300M,WDDJK6FA4FF748215,12.51,5,99.55
Subaru,Impreza WRX,1N4AA5AP6BC383184,16.35,7,149.27
Pontiac,Firebird,1FTNX2A56AE587250,12.67,5,195.13
Honda,Accord,WP0CA2A89AS358732,11.02,2,171.69
Mazda,MX-6,WAULT68E25A401099,10.27,2,167.03
Nissan,Versa,1G6DS8ED0B0776933,15.08,7,180.22
Suzuki,SJ,3C63DPJL4CG785553,11.2,7,54.31
Ford,Fiesta,SCBLE47K89C864533,13.34,5,76.87
Acura,ZDX,WAUDH94F26N273091,13.62,4,165.17
Subaru,Outback,WAUEF78E76A255113,15.38,5,123.02
Chevrolet,Express 2500,SAJWA4DC9AM597275,16.47,3,152.22
Toyota,Prius,WAUKH68D11A004689,12.94,7,98.6
Ford,E-Series,19UUA65586A246871,16.82,3,189.57
Lincoln,Navigator,JM1NC2MF3E0169749,17.44,2,194.22
Land Rover,LR3,KL4CJESB1FB078431,10.91,7,134.31
Maserati,Karif,JN8AE2KP0B9981686,13.52,7,159.47
Ford,Crown Victoria,5N1AA0ND9EN607825,12.8,5,179.79
Ford,F-Series,WBA5M0C58ED196736,14.34,5,107.7
Suzuki,SX4,KMHFG4JG0CA656461,12.87,4,76.52
Subaru,Legacy,WAULC68E75A622584,17.47,5,83.63
Dodge,Ram Van 2500,1G4GE5GV1AF774945,15.38,2,109.33
Audi,A8,WBAEK73405B114287,17.5,2,185.1
Maserati,Quattroporte,2C3CDXHG1EH510733,15.51,5,128.75
Toyota,Corolla,2HNYD182X3H354332,14.27,4,104.04
Ford,Windstar,WAU32AFD7FN364612,11.37,4,64.71
Cadillac,Escalade ESV,3D73Y3CL2BG866350,10.07,4,188.57
Ford,Windstar,WBAWB73529P726495,13.72,3,180.3
Jaguar,XJ Series,1N6AA0EC2EN148758,17.37,7,175.45
Mercury,Cougar,WBA3D3C59EK692665,11.75,6,177.88
Dodge,Caravan,1FTWW3DY9AE495990,17.77,7,100.06
BMW,1 Series,1FADP5CUXEL862825,17.25,3,94.91
BMW,3 Series,1GYS3BEF3CR140062,12.94,3,190.06
Chevrolet,Suburban 2500,WAULD64B43N871908,16.76,7,157.07
Acura,RL,1FMJU1G5XAE221487,13.17,7,189.47
Volkswagen,GTI,2HKRM3H38EH705506,17.29,3,65.53
Oldsmobile,Intrigue,1G6DN57U670445283,13.32,2,57.83
Pontiac,Firebird,WAUDH78E67A464902,11.74,6,168.73
Acura,MDX,1GKS2GEJ4BR787938,16.92,3,189.28
Audi,A5,1FMNE1BW1AD076442,17.16,5,149.63
Cadillac,STS-V,JTDJTUD31ED229231,17.85,3,56.91
Mazda,B-Series Plus,JN8AF5MR2ET637104,17.01,2,158.65
Ford,Mustang,1GD12ZCG9CF312732,16.75,2,95.99
Isuzu,Rodeo,2C3CCACG5CH585925,14.76,3,169.44
Cadillac,SRX,W04G05GV3B1032669,16.63,3,121.21
Audi,S8,5N1AT2ML1FC641494,17.51,2,179.99
GMC,Vandura 3500,JTHKD5BH0D2487920,14.25,2,158.46
Mitsubishi,Mighty Max,WAUJC58E43A532260,14.77,3,197.56
Cadillac,Escalade ESV,1N4AL2AP1AC698689,16.05,2,146.03
Acura,MDX,WAUMF98K49A284179,17.09,4,75.86
Chevrolet,Caprice Classic,SALAK2V6XFA922455,10.33,5,94.52
Volkswagen,Golf,WP0AA2A9XFS369813,13.93,4,182.75
Pontiac,Chevette,WBAVB73577V750117,13.27,5,148.51
Toyota,Camry,4T1BF1FK3CU502130,14.5,7,172.96
Pontiac,Bonneville,5FRYD4H23GB521888,10.63,6,50.38
Toyota,Tacoma,19UUA56792A007186,12.63,3,71.52
Plymouth,Prowler,JN1AZ4FH1FM402306,10.16,4,69.46
Honda,CR-V,1G4GF5E38CF135771,13.2,7,172.13
Saturn,Sky,WAUDF98E36A979646,15.79,4,146.48
Lamborghini,Gallardo,1G6AB5RX2D0475444,13.09,5,176.92
Infiniti,M,5FRYD3H83FB906610,15.84,2,180.49
Mitsubishi,Starion,KL4CJHSB7DB888595,17.13,2,192.27
Suzuki,Swift,WBAEU33465P197925,12.36,5,51.85
Infiniti,IPL G,1GT020CG2EF198975,16.67,2,88.16
Chevrolet,G-Series G10,1FTEW1CF4FF996206,17.97,4,147.06
Pontiac,Grand Am,WDDHF8JB8DA240628,17.29,4,95.9
Oldsmobile,Silhouette,5TDBW5G15FS376072,16.51,4,166.6
Volvo,C70,1N6AD0CU4BC895000,13.35,7,152.66
Chrysler,Town & Country,1C4RDHAG6DC839015,13.71,5,100.83
Toyota,Celica,1G6DK1E32D0140225,10.92,6,183.71
GMC,Yukon,WBAYE8C5XED373375,12.62,7,86.54
Lexus,LS,JTJHY7AX7A4542977,16.73,3,183.37
Pontiac,Sunfire,4USDU53567L524993,11.76,7,92.24
Porsche,944,JN1BJ0HR1FM057109,16.91,7,107.53
Corbin,Sparrow,1G6AA1RX5F0153797,10.73,7,62.72
Lincoln,Town Car,JH4CW2H54DC815781,16.38,7,164.79
Toyota,T100,19UUA65646A962109,13.04,3,108.85
Honda,Accord,3D73M3HL3AG710756,10.35,2,61.38
Plymouth,Neon,1D4PU4GKXAW952930,13.54,2,86.06
BMW,M5,4A31K5DF4CE035316,11.64,2,163.79
Land Rover,Discovery,1GKS1HE03DR117946,15.41,3,176.63
Lexus,LS,5NPDH4AE7EH241060,15.79,7,155.94
Maybach,57,JA32X8HW8DU949286,10.67,7,135.99
Hyundai,Veloster,3GYFNEE32ES189921,16.5,5,117.24
Pontiac,Bonneville,WAU32AFD7FN049874,15.65,6,119.19
Ford,F150,WA1YD54B03N723476,10.88,2,92.32
Audi,Coupe GT,5UXZV4C58D0000369,13.71,5,98.96
Infiniti,G37,4T1BD1EB5EU067105,10.6,6,141.25
Nissan,Quest,SCFAD01A25G213662,17.7,7,135.66
Bentley,Continental GTC,WBA3C3C5XEK797296,13.82,3,66.89
Ford,F350,JN8AF5MR7BT197313,17.88,4,93.12
Ford,Tempo,WDDEJ8GB8AA395104,12.34,6,170.15
Lexus,ES,1G6KD54Y21U443841,15.15,5,73.83
Hyundai,Santa Fe,1LNHL9DK4FG179567,11.56,4,68.94
Saab,9-5,WAUFFAFL8AA563161,15.39,5,170.78
Jeep,Liberty,JN8AS5MT1AW076684,14.04,7,62.32
Honda,Fit,5BZAF0AA7EN876388,17.69,5,183.06
BMW,M3,JH4CW2H54DC005759,13.42,7,117.94
Mercedes-Benz,300SD,WBAGL63594D044963,11.68,4,54.81
Acura,TSX,JHMFA3F26AS566489,15.15,3,108.24
Suzuki,Sidekick,1N6AA0CH1DN257810,15.06,3,166.05
Pontiac,Firebird,5UXFE43589L893572,11.6,7,94.87
Chrysler,Sebring,19XFB4F23DE095302,11.69,2,61.28
Volkswagen,rio,5J6TF1H5XFL614511,15.96,3,155.85
Ford,E350,WP0AB2A98FS566315,12.07,2,163.87
Volvo,850,4T1BK1EB3EU061471,13.3,6,134.52
BMW,X6 M,5GALRAED7AJ387826,16.68,7,85.61
Chevrolet,G-Series G10,WA1LFBFP5DA201964,12.65,3,183.99
Chevrolet,Tahoe,2G4WS52J551432078,12.28,2,191.49
Buick,Reatta,WAUSFAFL7AA976624,14.95,3,125.36
Ford,Econoline E150,1FMEU6EE9AU500453,14.42,3,62.17
Suzuki,XL-7,4T1BD1FK4FU763986,13.58,7,154.57
Oldsmobile,Bravada,1G6DM5E39D0812105,12.38,6,151.42
Chevrolet,Caprice,1C3ADEBZXDV477405,13.0,4,102.69
Ford,EXP,1FTNF1E83AK404549,13.4,3,125.85
GMC,Sonoma Club Coupe,1G6DH8E57C0169355,15.96,2,98.0
GMC,Sierra 1500,1G6DM8E39D0954651,13.69,2,176.62
Chevrolet,Cruze,JH4DC53853C331813,16.16,6,67.37
GMC,Rally Wagon G2500,1C4RDHDG1FC624401,10.84,3,126.65
GMC,Savana 2500,WAUSF98K79A307820,10.36,6,79.46
GMC,Sierra 2500,5UXFA93534L837279,15.21,3,159.99
Suzuki,SJ,3LN6L2LU3DR127595,16.25,3,84.07
Plymouth,Grand Voyager,WA1CM74L29D067519,11.56,5,180.54
Toyota,Camry Solara,JH4CU2F65BC974257,17.08,4,117.08
Toyota,Xtra,JM1NC2MF9D0986139,16.71,5,65.92
Volvo,S80,5J8TB18577A306681,14.1,6,116.71
Audi,A6,JM1DE1HY6B0814952,15.26,5,83.45
Chrysler,Town & Country,1N6AA0CC8DN742109,10.51,5,104.62
Scion,iQ,1GKMCAE39AR778297,10.32,5,59.14
Kia,Sedona,JM1DE1HY0B0223046,10.6,7,159.67
Acura,CL,1G6YV34A945691405,17.06,3,115.84
Porsche,911,WP0AB2A95BS338587,13.1,2,51.61
Suzuki,Daewoo Lacetti,KNAFT4A27B5470103,15.07,6,110.35
Pontiac,Grand Prix,1FTSW2A50AE157221,17.71,3,83.46
Cadillac,Allante,WBAUN13568V082599,16.65,5,122.83
Chevrolet,Silverado 3500,1GYEK63N43R275116,12.04,4,52.47
Mercury,Villager,WAUBH74F18N562476,13.65,4,73.5
Porsche,911,WAUWFAFH5DN107434,13.35,5,183.13
Mercury,Mariner,JTDKDTB30E1742969,13.02,6,131.23
Mercury,Cougar,1GYS3EEJ4CR864848,15.76,6,141.45
Nissan,Frontier,JN1AZ4EH5FM344590,15.65,6,140.74
Dodge,Intrepid,SALWG2WF4EA240532,12.5,6,92.0
Lexus,ES,1GD02ZCG5BZ071938,13.35,6,129.73
Jeep,Wrangler,JH4CW2H52CC934590,11.51,2,167.72
GMC,Vandura 2500,SCFAB02A27G857315,17.1,3,134.56
Ford,Taurus,1G6AC1RX0F0600739,18.0,2,132.07
Suzuki,XL7,WBA3V7C5XFP143047,11.88,5,198.76
Honda,Odyssey,WAUEF78E88A506997,17.88,4,122.05
Dodge,Dakota Club,JTHBL5EF5D5054380,10.87,6,92.7
Nissan,300ZX,VNKKTUD38FA046388,14.37,3,52.81
Ford,Escort,WBA3N5C56FK400402,17.51,7,112.66
Mercedes-Benz,E-Class,KMHFC4DD6BA764451,11.67,5,90.09
Mazda,B-Series Plus,5FRYD3H6XEB538973,10.38,2,123.79
Honda,Accord,5N1CR2MM9EC723441,11.51,5,188.3
Mitsubishi,Mirage,JN1CV6FE8FM272207,10.64,2,75.28
Eagle,Summit,KNDJT2A28D7666477,10.24,5,133.02
Ford,Bronco II,WAUEFBFL3BN871592,12.44,4,177.75
Ford,Bronco II,WBA6B2C5XFD159727,15.51,7,166.82
Land Rover,Freelander,1GYS4HKJXFR050940,15.85,5,95.16
Infiniti,M,3VW4A7AT4CM395489,13.59,6,65.0
Chevrolet,G-Series 2500,WAUFFAFL4EA450362,13.96,3,64.63
Hyundai,Accent,3N1AB7AP0FL860322,14.34,5,100.74
Chrysler,Crossfire,1HGCR2E30EA696167,10.47,3,180.25
Hyundai,XG350,1G6YV34AX55567029,17.87,4,98.74
Pontiac,Sunbird,1FTNX2A54AE807193,14.49,3,189.03
Dodge,Stratus,SALAB2D49DA780340,11.03,2,119.3
Mitsubishi,Mirage,3D4PH9FG0BT077539,15.2,7,127.23
Pontiac,Bonneville,4A31K2DF2CE886903,13.3,3,185.42
Nissan,Maxima,WDDHF0EB8FB212837,14.03,5,165.52
Plymouth,Acclaim,WBASP4C5XAC311211,17.48,2,130.66
Dodge,D250,WAUKFBFL3AA412023,10.21,2,102.22
BMW,Z4,YV4952BL3E1232019,14.8,7,70.97
Nissan,GT-R,WVGAV7AX3AW088238,16.26,7,122.32
Mazda,B2600,WBA4C9C57FG456000,15.26,4,54.81
Chevrolet,Tracker,3D7LP2ET9BG537106,16.76,7,66.7
Nissan,NV1500,1FMCU0F70DU461471,15.03,3,130.64
Mazda,Protege,1GD312CG4DF217371,14.38,6,180.25
Pontiac,Grand Prix,1G6DS1E30D0396377,16.8,4,144.22
Toyota,Prius,5TDDCRFH5ES370195,12.19,4,142.77
Ford,E-Series,WDDGF4HB5DF998391,17.89,3,176.91
Ford,Edge,1GYS4DEF4ER646981,17.36,4,62.24
Volkswagen,Passat,1FMEU5DE7AU872322,11.93,4,82.78
Oldsmobile,88,WAUAH74F29N063246,10.27,6,182.15
Pontiac,Grand Am,1G6DL5EV2A0759487,14.14,6,172.11
Mercedes-Benz,CL-Class,WDDEJ7HB3AA575132,15.12,5,169.78
Toyota,Xtra,JTHBE5C22D5895437,14.66,6,58.54
Porsche,911,2LNBL8CV5AX128772,13.09,5,152.61
GMC,Safari,1G6DS8EV2A0200400,13.93,7,173.65
Volvo,C70,WAU32AFD6FN980964,16.8,3,124.44
Chevrolet,Tracker,5FPYK1F29BB266057,17.77,4,156.37
Isuzu,Ascender,WAUVFAFH9CN560420,10.12,4,51.97
Volkswagen,Golf,5N1AA0NC9FN865383,17.47,2,175.48
Volkswagen,rio,WAUJC58E34A803634,14.93,7,174.78
Buick,Skyhawk,1G4PS5SK7E4063063,16.13,3,177.68
Volvo,C30,WBAVB735X8F879979,12.47,7,60.54
Audi,S8,WAUHF98P29A587720,11.24,7,175.04
Lincoln,MKT,KMHHT6KDXDU566092,12.91,3,85.97
Dodge,Ram 3500 Club,3VW1K7AJ3DM400732,12.7,2,92.11
Audi,S8,1G6DM5ED8B0110718,17.42,5,107.97
GMC,Suburban 1500,WAUJC58E33A769340,17.64,5,81.51
Acura,NSX,WAUFFAFL0FA158998,11.25,5,125.78
Lexus,GS,1G4CU541214874549,13.45,5,180.86
Mazda,RX-8,KNAFU6A29C5135077,13.77,3,171.91
Dodge,Durango,WAUJT68E05A307973,13.5,5,65.93
Saab,9000,JN1AY1AR2DM973155,15.48,5,107.0
Pontiac,GTO,WUAGL78E46A630303,16.56,6,199.69
Ford,Explorer,JH4CL96808C700762,10.95,4,145.02
Dodge,Ram 2500,WAURFAFR1BA436285,10.53,3,140.58
Porsche,944,1GD022CG7CZ178272,11.87,4,159.76
Land Rover,Range Rover,1G4GF5G30CF634092,17.03,3,185.97
Aston Martin,Vantage,1G6DE1E3XE0461356,16.59,3,54.3
Ford,F150,WBS3R9C54FF799987,15.22,2,76.09
Toyota,4Runner,3VW8S7AT7FM164234,14.26,2,172.06
Pontiac,LeMans,1N6AA0CC3CN099621,12.5,7,132.06
Audi,A6,1GD220CG4CZ375915,14.41,7,183.58
Toyota,Camry,WBAWR33518P153821,10.32,7,120.89
Plymouth,Laser,5J8TB3H71GL902984,16.55,5,66.6
Nissan,Versa,WUALNAFG9EN592178,10.46,3,104.29
Ford,Bronco II,JM1DE1KY9D0289381,16.91,2,139.9
Volkswagen,Golf,1J4NF1FB8BD181499,10.63,6,74.62
Mercedes-Benz,E-Class,WAULC68E44A642435,12.32,2,108.9
Pontiac,Trans Sport,1GKS2GEJ7BR522639,15.07,3,194.53
Mazda,Protege5,1ZVBP8AM5D5750472,12.22,7,60.24
Mercury,Mystique,1GYEE637570922903,14.65,6,113.88
Bentley,Continental Flying Spur,WAURD68D52A129478,16.14,3,169.01
Mercedes-Benz,S-Class,5N1CR2MM4EC322590,10.83,2,92.67
Mazda,MX-5,1FMHK7B80CG158240,10.62,7,117.71
Buick,Estate,2HNYD18206H246421,12.37,6,96.61
Audi,A6,1GTPCTEXXAZ001344,11.88,5,102.68
Dodge,Caravan,WBSDX9C57CE070717,12.81,4,97.93
Hummer,H1,JTHFE2C28F2171918,17.43,4,180.49
Ford,Crown Victoria,WBXPA93476W328734,15.87,4,145.94
Pontiac,Firefly,1GYFC36239R904181,14.87,7,61.08
Volvo,C30,5UMDU93548L644348,16.41,4,146.11
GMC,Sierra 1500,1GYS3HEF3ER874772,17.15,5,134.63
Volkswagen,Quantum,WAUPL68E04A143956,15.03,7,82.91
Bentley,Arnage,JN8AS5MT3CW995444,11.21,5,103.98
Jaguar,XK Series,WBAWB33587P427616,11.45,5,86.69
Lincoln,Town Car,WVGAV7AX8CW431001,17.77,6,153.4
Mercedes-Benz,CL-Class,1FM5K7B85EG810145,13.14,3,72.89
Jaguar,XK Series,1D7RV1GP4AS767637,11.81,4,183.54
Oldsmobile,Bravada,1FMEU2DE7AU518329,13.64,5,76.17
Ford,Escort,WAUEF98E36A578084,13.42,6,142.41
GMC,Sonoma,JTDKDTB31C1401061,11.77,3,77.71
Chevrolet,Tracker,1C3ADEAZ2DV177035,11.5,4,93.83
GMC,Sonoma,2C4RDGCG4DR701455,16.69,7,105.73
Dodge,Viper,WBA3D3C58EK377758,15.59,2,169.58
Mazda,Miata MX-5,1D7RB1CT8BS875644,17.79,2,168.0
Oldsmobile,Ciera,JM1NC2PFXF0898618,17.49,3,55.5
Nissan,Altima,2T1KU4EE1CC013231,15.3,3,117.03
Alfa Romeo,Spider,JN1EY1AP9EM639870,12.13,7,65.22
Kia,Sportage,3GTU2YEJ4CG554699,11.62,2,55.52
Mazda,B-Series Plus,JTJHY7AX0B4049790,17.71,6,93.69
Mercedes-Benz,SL-Class,WAUDK78T58A855511,10.68,6,115.12
Mercury,Capri,JTEBU4BF6AK699612,13.94,5,82.98
Ford,Fairlane,KMHTC6AD2CU343393,16.37,3,123.57
Mercedes-Benz,S-Class,WAU3GAFD9FN100096,10.88,2,174.98
Chevrolet,Malibu Maxx,1D4PU4GK0AW698063,10.33,5,73.27
Infiniti,I,1G6DL1E38D0060120,12.52,5,113.15
Maybach,62,1GTN1UEH1FZ357121,14.44,3,91.08
Ford,F-Series,WAUUL58E55A482646,10.32,5,162.34
Buick,Skylark,2C3CA6CT2BH383140,10.23,2,70.26
Pontiac,Firebird,1FTKR1AD0BP325681,11.22,4,188.52
Pontiac,Vibe,WVGAV7AX2CW428806,15.88,6,176.11
Pontiac,GTO,2G4WF551321868035,13.48,7,97.21
BMW,3 Series,WAUVC68E05A913727,12.21,5,111.5
Ford,Ranger,WBADT334X2G774398,10.53,3,113.04
Nissan,Sentra,WBALW3C59CC671655,10.53,6,190.7
Nissan,Murano,2G4WD582261769657,13.37,7,88.93
Ford,LTD Crown Victoria,5GAEV23D49J341086,15.7,5,194.98
Mazda,CX-5,SCBLC37F56C120287,10.24,5,191.75
Volkswagen,rio,TRUDD38J781139056,11.49,3,58.1
Chevrolet,Equinox,SCFHDDAJXBA969597,14.7,5,59.42
Oldsmobile,Aurora,WVWED7AJ4AW095543,15.26,5,184.35
Cadillac,Eldorado,3C6TD5NTXCG051708,11.55,6,83.52
Ford,Escort,3N1BC1AP2AL509662,10.17,4,110.11
GMC,Savana,1G6DM56T750611111,13.41,6,95.8
Ford,C-MAX Hybrid,1FTWX3A52AE231307,17.11,2,106.24
Audi,A8,3GTU2YEJXBG513184,11.04,3,74.51
Subaru,Justy,1GD22XEG6FZ877528,10.71,7,174.69
Ford,Econoline E350,2LMDJ6JK6CB107672,15.1,2,99.62
Volvo,V70,SAJWA4EC9CM576332,15.61,4,63.69
Nissan,Xterra,1G6KD57Y16U900092,17.4,6,123.88
Honda,Odyssey,3G5DA03E05S122015,13.36,6,170.11
Pontiac,Sunbird,3D73Y3HL9BG974439,16.46,6,99.6
Mitsubishi,GTO,5GAKRCED1CJ071073,11.2,3,185.88
Dodge,D150 Club,WVGAV7AX7FW042824,11.31,6,131.87
Jaguar,S-Type,WAURD68D42A944254,17.77,2,52.9
GMC,Savana 2500,1G4HR54KX4U710891,17.8,3,139.9
Chevrolet,Monte Carlo,1C3BC2FB5BN353462,11.57,6,187.99
GMC,Yukon XL 1500,WBAEV53464K753381,10.75,5,94.78
Lexus,LS,3N1CE2CP3FL435306,17.44,5,193.48
BMW,645,1J4NF1GB1BD100132,16.63,4,184.39
Subaru,Baja,WBANE53516B227445,14.87,5,72.99
Chrysler,Crossfire,JM1GJ1T67F1778378,17.4,4,155.02
Mercury,Mountaineer,5YMGZ0C55DL030876,17.52,5,106.66
BMW,5 Series,2FMDK3AK2DB713475,10.51,6,165.37
Subaru,Tribeca,WAULFAFH8DN785212,14.7,4,109.53
Isuzu,Ascender,JTDKDTB31D1082309,14.69,3,103.62
GMC,2500,WAUBNBFB9AN459527,17.59,5,157.34
Jeep,Commander,WAUBH64B51N841426,14.9,2,74.99
Mercedes-Benz,SL-Class,JH4KA966X2C531888,12.71,7,179.66
Lexus,ES,1HGCR2E34EA291610,15.48,5,193.2
MINI,Clubman,5BZBF0AA1FN450752,11.92,5,57.47
Jeep,Liberty,19UYA42453A119928,13.26,4,70.63
Kia,Sorento,SCFFDEDN4CG830365,17.01,4,121.86
Dodge,Ram Van 1500,SCFEDEAN3CG081784,13.45,7,133.26
Bentley,Azure T,JN1AZ4FH1FM791268,13.75,4,85.49
Cadillac,DTS,1G6YX36D995497420,17.49,7,176.78
Porsche,Boxster,1C4NJCBA8ED522434,11.33,2,150.17
Hyundai,Sonata,4USFE83557L473624,16.66,3,90.18
Suzuki,Equator,YV1672MK0D2557475,12.19,4,97.7
Rolls-Royce,Phantom,WDDHF0EB0EB979693,15.15,3,110.69
Porsche,911,JN8AF5MR8FT122187,16.6,4,113.73
Ford,Fiesta,1GYEK63N84R495649,12.09,7,64.66
Mitsubishi,Outlander,WAUVT68E52A483009,15.06,2,142.33
Mercury,Mystique,1GYS4MKJ1FR731500,15.07,3,84.12
Ford,Expedition,JN1BY0AR2AM348572,11.08,2,172.6
Infiniti,Q,WBSKG9C51BE858401,11.82,5,168.9
Bentley,Azure,WA1DGAFE4FD096362,17.53,4,170.06
Chevrolet,3500,2HNYD18266H054596,13.84,5,159.46
Ford,Taurus,1GYS3CEF6BR532781,16.37,4,167.87
BMW,X3,3GYT4LEF5BG519229,14.45,5,191.59
Mercedes-Benz,SL-Class,1D7RB1CP5AS114829,13.67,7,142.85
Cadillac,SRX,1G6KD57Y59U170398,11.14,5,94.64
Chevrolet,Suburban 1500,1G4GH5G36DF148849,12.86,6,74.07
Audi,S6,1GYUCJEFXAR971140,12.63,7,57.2
Plymouth,Laser,WAUNE78P28A328296,17.22,5,63.65
Mercedes-Benz,SL-Class,1G4HR54K55U493090,16.09,2,192.51
Chevrolet,Astro,WBA3B5C5XDF564153,14.23,7,193.28
Honda,Accord,3VWML7AJ9DM800885,17.78,5,144.65
Lincoln,Mark VIII,WBADW7C52DE440923,15.26,5,199.62
Honda,Passport,1G6DJ5EV7A0899282,15.73,4,79.18
Daewoo,Leganza,WAUDN94F58N821337,11.27,2,59.54
Cadillac,CTS,JTHBL5EF9C5761433,10.98,5,181.11
Porsche,911,1G4GA5GC9BF876831,16.41,3,93.34
Chevrolet,Express,1GYFC36269R046303,17.03,4,92.33
Oldsmobile,Toronado,5NPEB4AC7BH125695,14.12,7,123.64
Jaguar,XJ,JM1NC2PF6E0914067,13.56,7,117.1
Chevrolet,Malibu,WAUCFAFC9EN722187,11.5,6,184.28
Land Rover,Discovery,5J8TB3H59GL064105,10.37,2,133.0
Nissan,350Z,WAUVT58E85A069463,11.85,3,68.93
Mercedes-Benz,W201,1GTN1TEX7DZ593254,10.15,7,77.22
Chevrolet,Corvette,SALFR2BG9EH297227,11.22,3,186.47
Honda,Civic,WAUJGAFD3FN250602,10.34,4,104.41
Maybach,62,1GD220CG2CZ869268,17.15,3,57.01
Pontiac,Trans Sport,1C4RDHAG8FC178736,13.48,4,107.32
Audi,A5,4F2CY0C70AK518825,11.32,4,174.83
BMW,3 Series,WAULT64B92N201109,15.12,5,161.65
Lincoln,Continental Mark VII,WAUKF98E38A446884,12.55,3,158.04
Pontiac,Trans Sport,SAJWA4DC1FM981736,15.26,4,84.86
Mitsubishi,Mirage,WBAEN33424P050349,12.07,4,89.34
Pontiac,Firebird,WDDGF4HBXDG498768,12.89,5,157.34
Infiniti,EX,4F2CY0C75BK054237,15.74,5,63.16
Chrysler,200,WBASN4C59BC572305,13.4,7,154.07
Ford,Explorer,1GTN2TEH1FZ026871,10.73,7,102.61
Hyundai,Santa Fe,5N1AR1NB3AC936474,12.64,7,195.24
Hummer,H3,SCBLC37F46C272044,16.58,3,103.79
Buick,Park Avenue,JTHBE5C29B5940497,10.56,2,135.09
Chrysler,Crossfire,WBAGL835X4D505440,17.06,5,105.44
Nissan,350Z,1FTSW3B59AE020010,11.64,4,99.21
BMW,3 Series,1N6AA0CH3FN697160,10.37,3,166.38
Nissan,Frontier,3C63D3NL5CG953641,11.83,6,123.21
Suzuki,Aerio,WAUWGAFB8AN182147,17.08,3,134.18
Chevrolet,Sportvan G20,1FMCU4K30BK857578,12.79,7,191.69
Ford,Crown Victoria,WA1CV94L47D558213,10.57,2,192.18
Nissan,Quest,WA1CGAFP0FA170262,13.09,7,99.21
Mitsubishi,Diamante,WBABN53413P081119,10.02,2,62.01
Mitsubishi,i-MiEV,5UXWX9C51E0068251,13.21,5,70.46
Chevrolet,Prizm,WA1BV94L57D435841,15.5,2,173.69
BMW,5 Series,5TFBY5F1XBX229620,17.34,5,92.49
Maybach,62,JTJBM7FX7B5731960,14.36,7,167.12
Lexus,LS,WUAAU34218N004355,10.74,5,76.24
Mercury,Milan,WVWAB7AJ6CW645266,10.89,3,108.95
Chevrolet,Suburban 2500,KNDJT2A54D7616878,17.13,5,158.01
Pontiac,Bonneville,WAUCFAFH9DN406699,16.28,2,136.03
Volvo,S80,19UUA56681A848096,16.04,7,95.95
Mercedes-Benz,300E,KMHHT6KJ0FU739112,13.54,4,62.33
Chrysler,Crossfire Roadster,1N6AD0CU2DN777311,17.67,7,107.61
Subaru,Outback,KNADM4A32E6749552,10.64,7,65.13
Hyundai,Veracruz,JTHKD5BH7E2005252,11.04,2,177.7
Pontiac,G6,WAUAH78E66A122884,14.77,6,177.49
Mercury,Grand Marquis,5TDBK3EHXDS753489,12.85,3,172.66
Porsche,Boxster,WP0CA2A83BU896946,15.44,7,83.52
MINI,Cooper,1GKS1AEC1FR503480,12.56,3,171.45
Ferrari,599 GTB Fiorano,KNDJT2A14A7828639,11.97,5,61.19
Dodge,Dakota Club,1G6AM5SX7D0049026,14.86,2,83.5
Chevrolet,Cobalt,5TDBKRFH8ES948686,13.58,6,140.18
Toyota,Land Cruiser,SCFFBCBDXBG232767,17.28,4,107.45
Mercedes-Benz,SLK-Class,WBAET37492N078822,15.56,2,121.91
BMW,5 Series,1FTSW2B51AE013840,16.5,7,95.18
Mitsubishi,Diamante,2C4JRGAG2ER599995,11.99,3,99.19
Mitsubishi,Endeavor,3D7TP2CT3BG820605,14.37,4,172.33
Cadillac,Escalade,4T1BF1FK8FU100365,14.25,4,79.48
Mercedes-Benz,C-Class,WDDEJ9EB4EA608872,12.45,2,98.99
Audi,S4,1G6DA67V780098073,10.89,5,117.51
Geo,Metro,2T2BK1BA1AC810383,15.78,7,78.06
Eagle,Vision,5UXFE43588L241355,10.12,6,74.78
Lamborghini,Murciélago LP640,WP1AE2A20BL171278,11.29,2,89.12
Ford,Ranger,WBAYB6C52ED341033,17.37,2,170.3
Pontiac,LeMans,WAUHF78P49A324441,17.01,4,146.21
Lincoln,Continental,JN1CV6AP8CM336251,16.37,5,158.45
GMC,Savana 3500,WVGAV7AX8CW169836,17.64,4,148.36
Mercedes-Benz,Sprinter 2500,19UUA765X7A934604,10.59,3,197.03
Dodge,Ram Van 1500,1HGCR6F3XFA974824,15.45,4,183.15
Infiniti,G37,WAUMGAFL1DA420514,17.74,3,59.25
Volkswagen,Touareg,WAUEV74F77N670802,12.4,7,121.77
Toyota,Celica,JN8AZ2KR9CT566120,16.7,4,185.71
Dodge,Caliber,1G6DS5EV8A0436287,12.66,3,162.2
Infiniti,QX,SCFAD06DX9G817713,17.77,6,118.81
Mazda,Protege,1FBNE3BLXCD485438,16.84,3,80.78
Chrysler,Town & Country,WBAET37403N975609,11.82,7,143.25
Audi,A6,JN1AZ4EH8EM292998,14.63,5,176.99
Chevrolet,Astro,JM1NC2EF8A0099576,16.22,6,109.82
Kia,Spectra,1G6KP5ES1BU359125,14.99,7,150.66
Chevrolet,Tahoe,1G6DZ67A190590783,14.67,3,69.78
Volvo,V50,5GAKVBKD2EJ636170,14.52,6,139.6
Buick,LeSabre,WA1EY74L48D735686,15.83,2,118.59
Subaru,BRZ,WBAVB73547V384469,12.14,4,123.91
Ford,Expedition EL,5UXZV4C59D0289939,16.15,5,152.34
Mitsubishi,Sigma,SCFFDABE7CG985889,11.14,3,108.29
Suzuki,Samurai,WAUYP54B61N525377,13.53,6,179.14
Cadillac,DeVille,3D7TP2CT6BG122344,15.69,5,113.55
Toyota,Prius,4USBT33545L932243,13.94,7,139.89
Chevrolet,Sportvan G30,2C4RDGBG5FR692057,10.5,6,149.26
Toyota,Land Cruiser,1GYS4TKJ0FR907267,12.51,4,176.52
Chrysler,Crossfire,5NPDH4AE1CH266131,11.24,2,66.38
Buick,Skylark,WBA3A9G56FN949139,13.92,5,82.21
Dodge,Ram 1500 Club,2LMHJ5AT8EB891327,16.39,3,183.23
Ford,Escort,WBA3B9G5XEN046326,14.48,3,198.17
Mazda,B-Series,5GAKRAKD9FJ568188,16.21,5,166.72
Porsche,928,WVGAV7AX3FW334566,10.04,3,79.16
Nissan,Versa,1G4GL5E33CF018690,12.92,4,52.2
Mercury,Topaz,19XFA1E66AE751686,13.89,7,140.62
Mitsubishi,Galant,2T1KU4EE3DC575553,15.15,3,154.77
Chevrolet,Suburban 1500,WAULD54B64N153238,11.61,2,187.72
GMC,Sierra 1500,2GKALMEKXE6499079,15.75,2,103.32
Buick,Lucerne,WAUVFAFR9DA367816,13.44,4,123.38
Mercedes-Benz,GL-Class,3GYFNEEY7BS843464,11.71,4,118.63
Pontiac,Tempest,137ZA84321E313095,12.72,6,65.31
Chevrolet,Sportvan G20,5GTMNGEE5A8926048,13.65,7,160.36
Dodge,D150,WAUJT58E94A866673,15.8,3,77.85
Chevrolet,Avalanche 1500,WBAGN63492D309475,15.41,7,107.01
Audi,Coupe Quattro,WAU4FAFR9CA967455,13.79,4,72.67
Lincoln,Continental,JN1BY1PR7FM655062,11.35,7,106.77
Rolls-Royce,Ghost,JN1CV6FE3BM797623,17.87,4,172.13
Dodge,Ram Van 1500,WBAXH5C54CD416039,14.31,6,189.34
Ford,Tempo,WBAET37492N089805,10.55,7,118.25
Chevrolet,Equinox,1GD12YEG9FF140231,15.4,6,175.17
Mitsubishi,Galant,4USBT33574L391526,14.74,4,70.29
Ford,Explorer,19XFA1E56AE072282,13.51,5,74.46
Toyota,Supra,WAULC68E82A701757,16.4,5,110.78
Mitsubishi,Montero,KMHDB8AE2CU965245,11.19,5,192.82
Mitsubishi,Mirage,5J6TF1H34CL060540,11.77,6,99.59
Volkswagen,riolet,3C63DPJL8CG447332,14.74,4,82.01
Chevrolet,TrailBlazer,JTDKN3DP2D3979222,14.36,2,194.87
Lexus,GX,5N1AA0NC1CN774068,12.58,4,128.05
Nissan,Frontier,3D7TT2CTXBG710419,11.24,3,113.06
Volvo,XC90,WAUHFAFL5FN169691,17.18,6,162.62
Porsche,914,1C4RJEAG7FC817390,14.62,7,54.66
Audi,S4,JTDZN3EU3E3024000,14.11,2,122.35
Audi,4000s,5NPDH4AE1BH834053,10.58,3,61.4
Mazda,RX-7,3D7TP2CT7BG167776,14.67,4,160.84
Ferrari,458 Italia,WBANV1C53AB689149,16.6,4,196.46
Land Rover,Discovery Series II,WAUML44E06N773257,13.68,3,158.38
Volkswagen,Jetta,1N6AA0CA3DN157291,17.99,7,110.9
Mercury,Villager,WBAGN83555D290299,12.0,7,121.54
Volkswagen,Scirocco,WBAEV53405K294091,10.34,6,188.9
Cadillac,CTS,4JGBF2FE2AA055479,11.84,5,197.58
Buick,Terraza,WAUSH94F28N528056,15.47,2,192.59
Toyota,Land Cruiser,1G6DJ5ED7B0287298,15.71,4,87.85
Nissan,Maxima,1G6DW67V880585820,14.1,2,92.68
Buick,LeSabre,WBALM5C5XBE196750,10.57,7,60.63
Honda,Accord,1FTSX2A53AE021923,15.0,4,70.4
Toyota,Highlander,2T1KU4EE1CC754236,12.53,6,194.05
Mazda,Protege,JTEBC3EH2B2754777,15.76,3,179.69
Ferrari,F430,5GAKVAED6BJ027391,16.73,2,159.51
Suzuki,SJ,2FMPK3J92FB150411,11.17,2,198.48
Maserati,Biturbo,WDCYC3HFXFX528773,15.39,5,183.61
Lexus,GS,1G6DK5EG1A0306322,17.11,4,118.93
Isuzu,Oasis,WBA3A5G56CN845819,15.67,3,75.19
Mercedes-Benz,300TE,1G6DF5E5XC0597148,12.39,7,60.36
Porsche,Boxster,1GD422CG5EF451828,17.45,6,128.22
Porsche,Cayman,SCBFT7ZA0EC553178,11.7,6,112.92
Ford,Aerostar,1C3BC2FB9BN359653,10.57,7,83.04
Mitsubishi,Montero,5UXWX9C52E0330715,11.24,3,108.26
Ford,Explorer Sport Trac,3VWC17AU0FM666931,17.62,4,53.3
Cadillac,DeVille,WBADS33453G722245,17.44,4,129.5
Mercedes-Benz,Sprinter 3500,1G4GE5EV9AF601810,12.17,5,116.63
GMC,Suburban 2500,5UXFG8C53BL976348,13.43,3,75.54
Lotus,Elan,3C63D3NL2CG340313,15.25,3,97.74
Mercedes-Benz,CL-Class,1FTMF1EWXAK326541,12.76,2,52.59
Mercedes-Benz,G-Class,WAUGL78E66A134168,17.72,2,164.29
Toyota,Matrix,WAUHF98P48A110169,16.72,7,104.41
Plymouth,Acclaim,1YVHZ8BA2A5729600,16.78,5,182.56
Suzuki,Swift,WA1BY74L98D194623,12.93,5,150.18
Volkswagen,Vanagon,1FTFW1E88AF033482,10.44,5,78.89
Honda,Ridgeline,WAUHFAFL0CN218419,16.34,5,63.57
Toyota,T100,WBAPH73589E421789,12.69,5,195.26
Dodge,Charger,JTHBE1BLXD5176777,13.62,4,148.62
Nissan,Frontier,WAULV94E18N046831,15.51,2,156.9
Dodge,Durango,SALFR2BG9EH165133,16.51,2,155.69
Mercedes-Benz,S-Class,2C3CCADG9EH221489,10.13,2,192.69
Chevrolet,Avalanche 2500,WAUBF78KX9N417516,13.78,4,71.29
Maserati,Spyder,YV1612FH0E1267487,17.57,7,151.78
Nissan,Sentra,KM8JT3AB0CU523296,15.95,3,187.12
Mazda,RX-8,5YMKW8C5XF0851946,10.71,5,179.71
Pontiac,GTO,3D7JV1EP8BG063112,15.31,2,196.62
Plymouth,Colt Vista,1C3CDFDH1FD393419,13.94,3,61.16
BMW,Z8,1D7RW2GK6BS968366,15.29,5,185.29
Toyota,Paseo,1C6RD6MT3CS685775,12.16,3,69.72
Saturn,S-Series,SAJWA4EC2DM758651,12.72,3,99.78
Ford,Excursion,2G61V5S37D9017919,16.66,7,56.53
Ford,Mustang,1D4PT4GK9BW790065,12.97,3,195.94
Mitsubishi,Starion,JN8AS5MT1CW857093,15.3,2,167.91
Chevrolet,Camaro,1G6DL5E36D0318870,11.18,7,117.87
Buick,Century,1N6AD0CU8BC757573,16.92,3,173.32
Chrysler,Sebring,3C3CFFJH2DT899282,15.47,2,192.86
Cadillac,CTS,WBAEW53475P209473,16.11,6,67.29
Aston Martin,DB9,5BZAF0AA7EN240697,13.51,2,163.81
Cadillac,Seville,JN1AZ4EH9FM222427,12.97,3,194.15
Suzuki,Sidekick,SCBBR93W68C912048,11.75,6,106.16
Kia,Sorento,SCFAD06D69G825873,13.7,3,182.06
Pontiac,Tempest,WUARL48H47K343105,14.48,2,139.52
Land Rover,Range Rover,WBAHL83516D275651,12.93,2,109.7
Lexus,LX,SCBGC3ZA5EC623643,12.63,4,84.58
Infiniti,G35,5N1AN0NW9FN959634,15.09,5,128.9
Kia,Rondo,KL4CJFSB8EB528239,14.88,5,67.11
Mercedes-Benz,C-Class,WAU2GAFC3EN271900,15.53,7,96.45
Pontiac,Bonneville,KMHGC4DD4DU089785,16.46,5,132.75
Cadillac,Escalade ESV,WAUMV94E48N595847,10.96,2,102.45
Toyota,Tacoma,WBAKF3C55BE379595,10.01,7,112.62
Mitsubishi,Precis,YV1902MM7F1024468,17.42,6,97.84
Lincoln,Navigator,2T1BURHEXFC890409,10.13,5,112.96
Nissan,Frontier,1GKLRKEDXAJ281072,15.78,7,56.02
GMC,Yukon XL 1500,WA1C8BFP1DA374617,15.38,3,113.95
Mazda,RX-7,1C3CDFEB2FD959811,17.23,2,114.0
Oldsmobile,88,WBAEN33435E125931,10.04,2,54.66
Scion,iQ,JHMZF1D44FS568384,17.67,2,61.66
Volkswagen,CC,2G4WD582061277466,15.22,6,68.74
