street_address_1,street_address_2,city,state,zipcode
762 Valley Edge Terrace,Suite 44,Charleston,West Virginia,25389
237 Ridgeview Trail,18th Floor,Atlanta,Georgia,31132
9 Iowa Place,Suite 87,Salem,Oregon,97312
62 Jenifer Circle,9th Floor,New York City,New York,10131
88 Springview Crossing,Apt 764,Brooklyn,New York,11225
92 Nelson Parkway,17th Floor,Boston,Massachusetts,02114
424 Mcbride Terrace,Suite 57,Modesto,California,95397
07 Little Fleur Alley,Room 1897,Boston,Massachusetts,02119
9423 Trailsway Road,Apt 1399,Hyattsville,Maryland,20784
49 Mosinee Parkway,Room 1370,Durham,North Carolina,27717
14 Hazelcrest Court,Suite 63,Philadelphia,Pennsylvania,19109
9 Kensington Parkway,PO Box 24352,Des Moines,Iowa,50362
6024 Warrior Terrace,Suite 17,Alpharetta,Georgia,30022
97142 Fallview Hill,Apt 696,Miami,Florida,33169
436 Loeprich Lane,Apt 705,San Antonio,Texas,78235
3 Forest Dale Crossing,PO Box 38250,San Jose,California,95150
9253 Mendota Park,PO Box 38093,Oakland,California,94616
00 Bobwhite Road,Apt 1068,Philadelphia,Pennsylvania,19196
632 Prairieview Lane,Apt 493,San Bernardino,California,92405
21389 Memorial Pass,Room 693,Allentown,Pennsylvania,18105
3595 Upham Center,Suite 48,Virginia Beach,Virginia,23459
59 Loeprich Parkway,Apt 1699,Sterling,Virginia,20167
03821 Green Junction,7th Floor,Washington,District of Columbia,20062
90341 Merry Park,Apt 1057,Montgomery,Alabama,36177
5043 Hudson Terrace,Apt 412,New Haven,Connecticut,06533
14 Shopko Center,Apt 184,New Orleans,Louisiana,70174
13086 Thierer Court,Room 1844,Trenton,New Jersey,08638
082 Hintze Avenue,PO Box 35417,Washington,District of Columbia,20530
694 Steensland Pass,Room 1392,Milwaukee,Wisconsin,53210
69 Bultman Pass,Apt 1695,Washington,District of Columbia,20051
7256 Debs Park,19th Floor,Vancouver,Washington,98687
284 Lawn Point,7th Floor,Fayetteville,North Carolina,28305
7 Mandrake Drive,PO Box 26533,Dayton,Ohio,45426
352 4th Avenue,Suite 46,Lakeland,Florida,33811
32837 Lakewood Gardens Terrace,Room 899,Houston,Texas,77020
022 Tony Junction,18th Floor,San Jose,California,95173
3 Loftsgordon Trail,Room 1125,South Lake Tahoe,California,96154
24685 Melvin Avenue,PO Box 29863,Charleston,South Carolina,29403
6 Judy Drive,PO Box 30709,Richmond,Virginia,23260
32 Tennessee Way,PO Box 11812,El Paso,Texas,79950
280 Norway Maple Center,PO Box 95596,Dallas,Texas,75216
458 Gerald Road,Apt 422,Racine,Wisconsin,53405
9212 Walton Drive,Suite 8,Boise,Idaho,83705
37 Holy Cross Road,Apt 1490,Austin,Texas,78769
36 Forster Point,PO Box 24542,Fort Worth,Texas,76147
7 Daystar Place,Room 1770,Milwaukee,Wisconsin,53205
265 Anniversary Hill,PO Box 30624,Los Angeles,California,90060
0 Shasta Plaza,Room 1078,Oklahoma City,Oklahoma,73157
6 Mcbride Road,20th Floor,Boulder,Colorado,80328
56534 Sundown Pass,Suite 6,Salt Lake City,Utah,84199
727 Sunbrook Circle,17th Floor,Oceanside,California,92056
7998 American Ash Park,Suite 9,Arlington,Texas,76004
22227 Mosinee Point,Apt 24,Oxnard,California,93034
59 Veith Road,Room 1668,Atlanta,Georgia,30336
2353 Judy Street,Suite 72,Harrisburg,Pennsylvania,17110
0 Lien Junction,Apt 401,Corona,California,92883
2528 Packers Place,Room 1996,New York City,New York,10079
9 Quincy Point,20th Floor,Dayton,Ohio,45432
2712 Randy Crossing,18th Floor,Atlanta,Georgia,30368
6 Bluestem Terrace,Apt 1481,Salem,Oregon,97312
1461 Schmedeman Hill,Apt 1586,Fort Worth,Texas,76129
08020 Walton Way,Apt 1701,Oklahoma City,Oklahoma,73124
3509 Tomscot Street,PO Box 64558,Baltimore,Maryland,21265
5401 Bonner Hill,10th Floor,Monroe,Louisiana,71213
0 Carpenter Parkway,Suite 56,Muncie,Indiana,47306
37864 Graceland Plaza,Suite 41,Monticello,Minnesota,55590
97 Hooker Circle,Suite 17,Montgomery,Alabama,36134
1709 Arizona Center,Suite 70,Richmond,Virginia,23225
8 Twin Pines Alley,Apt 717,Jacksonville,Florida,32255
552 La Follette Street,PO Box 90917,Amarillo,Texas,79159
93 Knutson Alley,Suite 39,Springfield,Illinois,62705
1998 Mosinee Plaza,Suite 65,San Francisco,California,94177
5 Fieldstone Road,Apt 822,El Paso,Texas,79945
66 Shelley Court,PO Box 26236,Sacramento,California,94257
18 Hallows Road,1st Floor,Frederick,Maryland,21705
4 Iowa Center,Room 323,Fort Worth,Texas,76110
750 Stuart Alley,Apt 168,Atlanta,Georgia,30336
08306 Hovde Court,Suite 51,Fresno,California,93773
8 Little Fleur Lane,PO Box 37071,Hartford,Connecticut,06105
62177 Old Gate Drive,Suite 52,Buffalo,New York,14233
04 Manley Trail,Apt 1161,Gadsden,Alabama,35905
8 Karstens Street,Apt 603,Kansas City,Missouri,64125
820 Ridgeview Alley,8th Floor,Fresno,California,93704
3831 Village Point,Room 177,Gulfport,Mississippi,39505
3314 Atwood Street,Room 1637,Greensboro,North Carolina,27455
14 Orin Junction,2nd Floor,Los Angeles,California,90050
5 Bowman Drive,Apt 1979,Charleston,West Virginia,25305
33314 Tony Lane,PO Box 68869,Silver Spring,Maryland,20910
59 Dennis Road,Suite 47,Salt Lake City,Utah,84170
8161 Roxbury Court,Suite 33,Philadelphia,Pennsylvania,19160
5326 Lighthouse Bay Park,Suite 100,Van Nuys,California,91411
21 Fairview Plaza,Apt 303,Reading,Pennsylvania,19610
3 Pennsylvania Court,Room 756,Buffalo,New York,14233
4 Rockefeller Way,Suite 97,Fort Lauderdale,Florida,33330
0 Hagan Point,Suite 42,Amarillo,Texas,79176
28858 Iowa Parkway,Suite 11,Philadelphia,Pennsylvania,19120
811 Bartelt Court,13th Floor,Daytona Beach,Florida,32118
752 Cambridge Junction,Room 613,Columbus,Ohio,43215
316 Sugar Lane,Room 1180,Santa Barbara,California,93150
50 Arizona Place,Apt 1105,Annapolis,Maryland,21405
88046 Lindbergh Way,Apt 150,Greenville,South Carolina,29605
54 Westend Street,Room 846,Colorado Springs,Colorado,80940
130 Sunnyside Terrace,5th Floor,Gary,Indiana,46406
021 Golf View Street,Room 607,Columbia,Missouri,65218
44 Barby Point,PO Box 78786,Rochester,New York,14619
2095 Hollow Ridge Lane,Apt 901,Houston,Texas,77015
5 Springview Center,Room 729,Las Vegas,Nevada,89105
40979 Golden Leaf Pass,Room 1560,Tallahassee,Florida,32399
35356 Muir Park,20th Floor,Los Angeles,California,90010
56 Bunting Trail,Suite 81,Amarillo,Texas,79176
4405 Harbort Alley,PO Box 20350,Virginia Beach,Virginia,23454
6 Almo Drive,Suite 34,Van Nuys,California,91411
984 Dunning Way,Suite 9,Charleston,West Virginia,25331
4750 Kim Lane,Suite 6,Palo Alto,California,94302
8434 Gina Circle,PO Box 67944,Washington,District of Columbia,20397
3 Stone Corner Circle,20th Floor,Boston,Massachusetts,02163
091 Amoth Point,10th Floor,Houston,Texas,77065
513 Atwood Street,11th Floor,Modesto,California,95397
50988 Swallow Place,PO Box 6300,Clearwater,Florida,33758
20481 Hayes Trail,12th Floor,Santa Barbara,California,93111
81902 Kropf Circle,Suite 25,Saint Paul,Minnesota,55123
087 Luster Crossing,Room 899,Miami,Florida,33185
7962 Reindahl Way,Apt 1119,Cincinnati,Ohio,45238
2 Clemons Avenue,Suite 39,Charleston,West Virginia,25313
88 Talisman Alley,Room 1991,San Diego,California,92145
1 Sachs Drive,PO Box 17809,Kent,Washington,98042
330 Fair Oaks Avenue,Apt 1637,Greensboro,North Carolina,27455
11 Kensington Point,PO Box 34119,Orlando,Florida,32868
1357 Clemons Plaza,9th Floor,Tampa,Florida,33605
91 Jenna Trail,PO Box 89260,New York City,New York,10120
4 Northridge Terrace,Suite 26,San Diego,California,92186
9680 Mandrake Trail,Room 1621,Fort Lauderdale,Florida,33305
41738 Manley Lane,PO Box 11025,Norwalk,Connecticut,06854
89829 Marquette Drive,Apt 1025,Detroit,Michigan,48295
1 Elgar Way,Apt 1438,Carol Stream,Illinois,60351
357 Redwing Parkway,PO Box 86165,Oklahoma City,Oklahoma,73129
8192 Forest Park,Room 1429,Delray Beach,Florida,33448
910 Eagan Hill,13th Floor,Alexandria,Virginia,22313
136 Trailsway Pass,Apt 913,Dallas,Texas,75221
87 Morrow Road,Apt 815,Austin,Texas,78721
05250 Vermont Circle,Room 979,Winston Salem,North Carolina,27116
64173 Dahle Terrace,Apt 603,Columbia,South Carolina,29215
226 Dawn Plaza,Apt 26,Denver,Colorado,80209
293 Monica Terrace,5th Floor,Pasadena,California,91186
190 Acker Point,7th Floor,Daytona Beach,Florida,32128
5 Onsgard Way,Room 972,Tyler,Texas,75705
363 Mayer Lane,Suite 47,Fresno,California,93778
60 Mcbride Terrace,PO Box 20467,Omaha,Nebraska,68117
20 Pepper Wood Park,PO Box 6649,Panama City,Florida,32405
41 Montana Junction,Room 1399,Houston,Texas,77085
2359 Aberg Trail,Room 326,Torrance,California,90510
949 Maple Wood Drive,PO Box 21684,Omaha,Nebraska,68134
0871 Northridge Junction,PO Box 85502,Madison,Wisconsin,53785
50090 7th Plaza,Room 1674,Naples,Florida,33963
31 Di Loreto Plaza,Room 881,Kansas City,Kansas,66112
327 Tomscot Trail,Room 1601,Knoxville,Tennessee,37919
00 Stephen Drive,Suite 87,North Las Vegas,Nevada,89087
1100 Oxford Street,PO Box 83252,Huntington,West Virginia,25705
3934 Dwight Parkway,Suite 43,Kansas City,Missouri,64199
695 Bay Street,Apt 1314,Palmdale,California,93591
133 Reinke Terrace,Suite 50,Minneapolis,Minnesota,55436
5297 6th Way,Room 1285,San Antonio,Texas,78265
95797 Summit Drive,Apt 694,Waterbury,Connecticut,06721
974 Green Ridge Parkway,Apt 1037,Billings,Montana,59112
593 Debra Street,Apt 1840,Erie,Pennsylvania,16565
87340 Butterfield Crossing,Suite 64,Richmond,Virginia,23289
4906 Lindbergh Drive,Suite 10,Phoenix,Arizona,85067
49 Heath Parkway,PO Box 90500,El Paso,Texas,79916
91107 Mayer Avenue,Room 1739,Tallahassee,Florida,32314
2 Logan Center,Room 1595,Waterbury,Connecticut,06726
0 Rigney Plaza,Apt 587,Brockton,Massachusetts,02405
233 Brown Plaza,Room 1589,Lansing,Michigan,48930
3 Sommers Way,20th Floor,Las Vegas,Nevada,89110
01236 Stephen Hill,Room 1547,Springfield,Illinois,62705
746 Fairfield Center,Room 1111,El Paso,Texas,88558
985 Farmco Terrace,Suite 69,Greeley,Colorado,80638
86 Oak Lane,Suite 10,Irvine,California,92612
74 Thompson Pass,Suite 85,Scranton,Pennsylvania,18505
741 Monterey Hill,Room 517,Vancouver,Washington,98682
90859 Westridge Hill,PO Box 66477,Sacramento,California,95894
7989 Springview Road,Apt 162,Rochester,New York,14639
13 Buhler Court,7th Floor,Monticello,Minnesota,55565
21 Arapahoe Hill,Apt 1921,Nashville,Tennessee,37210
09774 Browning Junction,Suite 11,Bronx,New York,10454
78676 Ryan Pass,Suite 59,West Palm Beach,Florida,33421
3528 Weeping Birch Hill,PO Box 77777,Petaluma,California,94975
6 Rockefeller Terrace,Apt 1669,Evansville,Indiana,47747
54994 Village Point,Apt 1851,Norfolk,Virginia,23551
03 Golf View Road,PO Box 22907,Baton Rouge,Louisiana,70805
4 Chive Drive,Suite 54,Indianapolis,Indiana,46295
9696 La Follette Alley,15th Floor,Louisville,Kentucky,40293
98 Katie Street,Room 1054,Corpus Christi,Texas,78415
5945 Golf Hill,Suite 91,Phoenix,Arizona,85077
389 Mallory Lane,Suite 93,Shawnee Mission,Kansas,66276
05 Portage Street,PO Box 72055,Washington,District of Columbia,20078
42 Manitowish Point,Suite 70,New Orleans,Louisiana,70187
490 Rusk Place,19th Floor,New York City,New York,10131
0 Birchwood Avenue,6th Floor,Saint Paul,Minnesota,55108
7548 Huxley Terrace,14th Floor,Carlsbad,California,92013
9433 Butterfield Plaza,Apt 1925,Boise,Idaho,83711
723 Florence Trail,11th Floor,Greensboro,North Carolina,27409
583 Kim Court,Apt 57,San Angelo,Texas,76905
61855 Bayside Plaza,Room 638,Fort Myers,Florida,33994
3971 Little Fleur Road,Apt 1635,Washington,District of Columbia,20575
4 Ridgeway Park,Apt 687,Redwood City,California,94064
68 Kensington Court,Apt 1773,Gainesville,Florida,32605
5 Pankratz Terrace,PO Box 54974,Green Bay,Wisconsin,54313
77543 Jenna Drive,Suite 81,Norfolk,Virginia,23504
774 Truax Park,12th Floor,Las Vegas,Nevada,89110
83 Sycamore Terrace,5th Floor,El Paso,Texas,88535
6 Pond Lane,Suite 83,Salt Lake City,Utah,84170
29636 Hermina Pass,Room 774,Philadelphia,Pennsylvania,19125
59 Rutledge Center,Suite 32,Miami,Florida,33169
08 Judy Crossing,Apt 764,New Bedford,Massachusetts,02745
19 Straubel Avenue,1st Floor,Winston Salem,North Carolina,27105
14357 Packers Drive,PO Box 47601,Atlanta,Georgia,30351
89683 Lakewood Gardens Place,Apt 1607,Milwaukee,Wisconsin,53225
8 Boyd Junction,PO Box 24744,Woburn,Massachusetts,01813
89111 Gerald Drive,Apt 406,New York City,New York,10024
90 Iowa Hill,PO Box 72198,Mobile,Alabama,36641
02496 Dayton Way,9th Floor,Cincinnati,Ohio,45238
2 Surrey Terrace,Suite 17,Tulsa,Oklahoma,74126
5412 Pawling Avenue,2nd Floor,El Paso,Texas,79934
58756 Marquette Drive,PO Box 51277,Akron,Ohio,44321
97472 Donald Street,Suite 25,Milwaukee,Wisconsin,53220
8528 Spohn Park,Room 1972,Lees Summit,Missouri,64082
693 Pond Street,Apt 617,Santa Fe,New Mexico,87592
80495 Park Meadow Circle,Apt 1529,Jamaica,New York,11499
3875 Twin Pines Junction,Apt 910,New York City,New York,10110
0 Elgar Point,Room 1208,Fort Worth,Texas,76162
2057 Golf View Avenue,Suite 91,Huntsville,Alabama,35805
929 Manitowish Center,Room 47,Kansas City,Missouri,64142
39552 Declaration Hill,Suite 67,New Castle,Pennsylvania,16107
936 Hudson Parkway,12th Floor,Muskegon,Michigan,49444
3 Warbler Parkway,Apt 1542,Mobile,Alabama,36670
8 Myrtle Alley,PO Box 89554,Colorado Springs,Colorado,80915
89091 Crest Line Court,19th Floor,Raleigh,North Carolina,27626
4 Dwight Street,Suite 97,South Bend,Indiana,46699
334 Arkansas Street,Suite 31,Baltimore,Maryland,21290
06 Macpherson Plaza,PO Box 76979,Pittsburgh,Pennsylvania,15261
2 Rowland Pass,16th Floor,Lubbock,Texas,79410
56 Brown Crossing,Apt 851,Dallas,Texas,75387
3 Straubel Place,Apt 1528,Abilene,Texas,79699
4 Dahle Drive,Suite 54,Fort Worth,Texas,76147
0383 Vernon Crossing,Apt 1595,Roanoke,Virginia,24009
122 Cody Alley,Room 1899,Maple Plain,Minnesota,55579
66 Memorial Way,PO Box 81888,El Paso,Texas,79999
4370 Ronald Regan Trail,Room 95,Orlando,Florida,32835
37719 Kings Plaza,12th Floor,Dallas,Texas,75241
5 Killdeer Place,PO Box 19562,Winston Salem,North Carolina,27150
9233 Kipling Avenue,Apt 885,San Francisco,California,94110
518 Vahlen Terrace,Room 723,Boston,Massachusetts,02124
70 School Road,Suite 64,Cincinnati,Ohio,45296
015 Hayes Park,Room 567,Decatur,Illinois,62525
5360 Little Fleur Alley,Room 980,Madison,Wisconsin,53716
6 Brickson Park Park,Suite 62,Roanoke,Virginia,24020
956 3rd Junction,Suite 53,Philadelphia,Pennsylvania,19104
3 Cordelia Park,7th Floor,Mount Vernon,New York,10557
5992 Stuart Way,Room 1395,San Antonio,Texas,78240
6 Aberg Place,13th Floor,Dallas,Texas,75216
6 Lotheville Way,Room 1498,Dallas,Texas,75392
71490 Saint Paul Alley,16th Floor,Springfield,Massachusetts,01129
3 Starling Crossing,PO Box 64996,Sunnyvale,California,94089
2439 Hallows Avenue,Room 1001,Harrisburg,Pennsylvania,17121
73 Havey Hill,Apt 232,Frankfort,Kentucky,40618
66 Colorado Place,PO Box 50206,Atlanta,Georgia,31196
74088 7th Trail,Room 1582,Brooklyn,New York,11215
9449 Aberg Junction,5th Floor,Oceanside,California,92056
2810 Thompson Hill,13th Floor,San Antonio,Texas,78215
101 Schiller Hill,14th Floor,Clearwater,Florida,33758
1 Farwell Crossing,Suite 32,Tucson,Arizona,85715
46366 Jana Lane,Room 1300,Virginia Beach,Virginia,23454
2804 Manitowish Court,PO Box 4997,Amarillo,Texas,79188
92739 Calypso Crossing,PO Box 41766,Sacramento,California,95865
957 5th Parkway,Room 1074,Wilmington,Delaware,19897
90 Spohn Lane,PO Box 15585,Knoxville,Tennessee,37931
7916 Kedzie Road,Apt 222,San Antonio,Texas,78296
7212 Pleasure Parkway,Apt 572,Atlanta,Georgia,30356
2 Cody Alley,Apt 555,Montgomery,Alabama,36134
0431 Schmedeman Road,Suite 24,Chicago,Illinois,60636
7233 Green Ridge Trail,Apt 253,Huntington,West Virginia,25775
8191 Steensland Point,PO Box 1666,Dallas,Texas,75397
1 Nelson Way,Suite 89,San Antonio,Texas,78255
3 Kropf Trail,PO Box 21256,Atlanta,Georgia,31190
8694 Meadow Valley Point,Apt 1949,Norfolk,Virginia,23514
766 North Park,1st Floor,Portland,Oregon,97240
715 Bartillon Park,Room 1134,Kansas City,Kansas,66160
0760 Weeping Birch Pass,Room 1667,Fresno,California,93762
018 Marcy Circle,Suite 43,Tuscaloosa,Alabama,35487
183 Fuller Lane,Suite 48,Hattiesburg,Mississippi,39404
8 Drewry Way,Apt 773,Henderson,Nevada,89012
640 Elmside Place,Suite 44,Houston,Texas,77245
4 Messerschmidt Plaza,PO Box 86192,Dallas,Texas,75379
1189 Nelson Parkway,Suite 62,Chicago,Illinois,60674
7 Sunnyside Pass,17th Floor,Waco,Texas,76705
6 Michigan Crossing,PO Box 79589,Savannah,Georgia,31416
9 Marquette Crossing,Room 1770,Miami,Florida,33142
6176 Daystar Hill,PO Box 82812,Edmond,Oklahoma,73034
87872 Washington Park,Room 176,Oakland,California,94660
8904 Little Fleur Road,PO Box 18489,Bronx,New York,10464
73561 Anniversary Drive,19th Floor,Huntington,West Virginia,25716
3081 Kingsford Hill,Suite 83,Montgomery,Alabama,36195
34 Everett Court,Suite 27,Fort Lauderdale,Florida,33336
55 Bluestem Hill,Apt 233,Camden,New Jersey,08104
22 Washington Street,Apt 1333,Sacramento,California,94286
4 Clemons Drive,PO Box 46144,Cincinnati,Ohio,45243
06 Leroy Parkway,Suite 6,Charlotte,North Carolina,28256
649 Hazelcrest Road,PO Box 70438,Portland,Oregon,97211
2 Sutteridge Drive,Room 881,Arlington,Texas,76016
30122 Delladonna Parkway,Suite 44,Santa Monica,California,90405
3206 Sheridan Parkway,19th Floor,Morgantown,West Virginia,26505
8 Summit Avenue,8th Floor,Galveston,Texas,77554
0 Brown Road,Room 719,Lancaster,Pennsylvania,17622
35 Di Loreto Road,Room 138,Norfolk,Virginia,23551
35959 Weeping Birch Way,Room 1743,Beaumont,Texas,77713
4976 Paget Circle,Room 1449,Omaha,Nebraska,68110
67 Hanover Street,Room 1566,Tacoma,Washington,98447
90 Chinook Avenue,6th Floor,Huntsville,Alabama,35815
481 Texas Trail,2nd Floor,Memphis,Tennessee,38161
1364 Johnson Road,Apt 1595,Washington,District of Columbia,20530
48 La Follette Terrace,8th Floor,Portsmouth,Virginia,23705
809 Brown Trail,2nd Floor,Terre Haute,Indiana,47812
58810 Hintze Terrace,PO Box 46123,Albuquerque,New Mexico,87140
4 Warner Plaza,Suite 93,Atlanta,Georgia,30375
72010 La Follette Circle,PO Box 27748,Tucson,Arizona,85710
035 Heath Terrace,Suite 43,North Las Vegas,Nevada,89087
7 Saint Paul Terrace,19th Floor,El Paso,Texas,88579
33588 Nevada Court,Apt 933,Huntington,West Virginia,25721
89 Clarendon Place,Suite 60,College Station,Texas,77844
34821 Ohio Court,Room 1698,Greensboro,North Carolina,27404
9268 Lukken Parkway,Suite 2,Baton Rouge,Louisiana,70820
2 3rd Drive,Room 581,Jacksonville,Florida,32259
98 Chive Park,Suite 4,Evansville,Indiana,47719
610 Basil Point,Room 34,Washington,District of Columbia,20525
35 Esker Street,Suite 70,Phoenix,Arizona,85062
3 Erie Pass,PO Box 24293,Toledo,Ohio,43610
246 Elka Plaza,5th Floor,Canton,Ohio,44760
92133 Burrows Place,Apt 601,Phoenix,Arizona,85015
99 Artisan Alley,Apt 1344,Anderson,Indiana,46015
2703 Esch Lane,PO Box 16484,Orlando,Florida,32835
09313 Dryden Lane,Apt 1846,Saint Paul,Minnesota,55127
742 Lawn Plaza,Apt 1524,Tacoma,Washington,98411
466 Kennedy Pass,PO Box 16253,Columbus,Mississippi,39705
833 Mesta Road,Room 1982,Portsmouth,New Hampshire,00214
3226 Dapin Place,Apt 1829,Shawnee Mission,Kansas,66220
53121 Orin Plaza,Apt 602,Flushing,New York,11388
279 Briar Crest Way,PO Box 47864,Brooklyn,New York,11231
77255 Village Green Trail,Room 1487,Chicago,Illinois,60652
88 Morning Lane,10th Floor,Columbus,Ohio,43231
10456 Walton Avenue,PO Box 62299,San Antonio,Texas,78250
17022 Elmside Plaza,Suite 77,Cleveland,Ohio,44177
78 Dunning Center,Room 1751,Long Beach,California,90831
218 Coleman Point,Apt 1881,Fort Wayne,Indiana,46896
054 Melvin Parkway,Room 1210,Evansville,Indiana,47712
815 Atwood Alley,Room 1569,Warren,Michigan,48092
59 Arrowood Hill,PO Box 48824,Miami,Florida,33111
82 Badeau Junction,13th Floor,San Francisco,California,94154
234 Hayes Park,Suite 80,Palmdale,California,93591
3 Mockingbird Center,Suite 23,Torrance,California,90505
5 Old Gate Junction,12th Floor,Lexington,Kentucky,40596
066 Hazelcrest Pass,Apt 511,Shawnee Mission,Kansas,66286
1 Kim Point,PO Box 2072,Scranton,Pennsylvania,18514
6 Hudson Junction,Apt 1821,Phoenix,Arizona,85040
0859 Eastwood Place,PO Box 87608,Olympia,Washington,98516
96630 Badeau Lane,Suite 21,Kansas City,Missouri,64199
659 Judy Avenue,Room 197,San Diego,California,92160
8 Thierer Crossing,Room 168,Boca Raton,Florida,33487
641 Sherman Court,PO Box 37377,Fullerton,California,92835
86392 Spenser Crossing,Room 1428,Henderson,Nevada,89074
47174 Fulton Drive,Apt 1140,Washington,District of Columbia,20540
25795 Beilfuss Court,PO Box 42171,Bloomington,Illinois,61709
65372 Goodland Parkway,PO Box 32630,Houston,Texas,77266
693 Springs Center,9th Floor,Staten Island,New York,10305
05 Shoshone Park,Apt 895,Hagerstown,Maryland,21747
36209 Milwaukee Avenue,Suite 14,Oklahoma City,Oklahoma,73157
75908 Autumn Leaf Street,20th Floor,Lafayette,Louisiana,70593
63 Brickson Park Street,Room 107,New York City,New York,10019
64 Johnson Hill,7th Floor,Roanoke,Virginia,24020
32 Petterle Lane,PO Box 98729,Charlotte,North Carolina,28247
7684 Lillian Street,Apt 1126,Alexandria,Virginia,22313
45153 Thackeray Avenue,PO Box 83273,Washington,District of Columbia,20425
6909 Miller Parkway,Suite 18,Albany,New York,12262
604 Heath Pass,Suite 93,Oklahoma City,Oklahoma,73124
5 Eliot Plaza,Room 1327,Littleton,Colorado,80126
26 Commercial Place,Suite 81,Davenport,Iowa,52809
665 Reindahl Parkway,12th Floor,Stockton,California,95298
58565 Kensington Street,Room 1108,Springfield,Missouri,65810
68 Judy Junction,PO Box 11821,Southfield,Michigan,48076
1570 Kings Alley,7th Floor,Lincoln,Nebraska,68510
8683 Bunker Hill Junction,Apt 304,Las Vegas,Nevada,89115
00 Spohn Junction,PO Box 82064,Johnson City,Tennessee,37605
36 Westport Hill,PO Box 63508,Baton Rouge,Louisiana,70815
2 Homewood Center,Suite 60,Dayton,Ohio,45414
55412 Arkansas Way,PO Box 65207,Las Vegas,Nevada,89135
63868 Orin Pass,Room 1586,Montgomery,Alabama,36104
03557 Fuller Junction,Suite 73,Chicago,Illinois,60609
9187 Carberry Drive,PO Box 2455,Washington,District of Columbia,20029
84106 Rieder Pass,Apt 988,Lima,Ohio,45807
262 Jackson Pass,Room 725,Chattanooga,Tennessee,37450
9 Thackeray Road,PO Box 18390,Panama City,Florida,32412
69267 Gulseth Place,Suite 55,Tampa,Florida,33615
6596 Sloan Pass,PO Box 55108,Amarillo,Texas,79182
37 Warrior Place,Room 1628,Tallahassee,Florida,32314
33 Tennyson Junction,PO Box 51767,Tucson,Arizona,85705
3 Westridge Lane,10th Floor,Orlando,Florida,32859
3 Gateway Circle,PO Box 68724,Orlando,Florida,32819
2974 Redwing Road,Apt 40,Columbus,Georgia,31904
9 Fisk Alley,PO Box 95299,Tucson,Arizona,85705
564 Glacier Hill Trail,Suite 73,Anaheim,California,92812
41 Sycamore Parkway,Room 14,Saint Cloud,Minnesota,56398
30534 Delladonna Hill,Suite 76,Pueblo,Colorado,81010
05 Reinke Plaza,Room 881,New York City,New York,10090
363 Mandrake Plaza,PO Box 32235,Des Moines,Iowa,50981
7 Lawn Drive,13th Floor,Gadsden,Alabama,35905
234 Sloan Avenue,PO Box 92922,Hicksville,New York,11854
61192 Summer Ridge Pass,Suite 22,Tucson,Arizona,85748
7207 Butterfield Circle,Suite 40,Kansas City,Missouri,64153
668 Melby Center,Suite 57,New York City,New York,10165
27 Garrison Terrace,Suite 72,Roanoke,Virginia,24048
5 Scofield Circle,Room 581,Saint Petersburg,Florida,33705
9 Lien Pass,Room 1106,Roanoke,Virginia,24004
7 Clarendon Lane,PO Box 11940,Wilmington,North Carolina,28410
51296 Oxford Lane,PO Box 194,Jersey City,New Jersey,07310
6 Rieder Place,9th Floor,Tucson,Arizona,85748
53 Pawling Terrace,Suite 70,Inglewood,California,90310
3 Bunting Trail,Room 1379,Carol Stream,Illinois,60351
86 Browning Trail,Suite 62,San Antonio,Texas,78210
0 Morningstar Park,Suite 59,Palatine,Illinois,60078
21592 Hoard Hill,Apt 1036,Eugene,Oregon,97405
6503 Mendota Park,Room 1747,Peoria,Illinois,61656
3314 Bunting Terrace,Suite 89,Fort Worth,Texas,76110
4002 Marcy Point,Suite 20,Albany,New York,12205
4212 Monument Drive,Apt 944,Springfield,Illinois,62776
981 Grayhawk Pass,Room 1459,Baton Rouge,Louisiana,70810
41299 Ohio Crossing,Apt 1642,Washington,District of Columbia,20436
1824 Thierer Way,Suite 88,Dallas,Texas,75221
8 Menomonie Lane,Apt 716,El Paso,Texas,79916
28 Rockefeller Hill,16th Floor,El Paso,Texas,79940
18561 8th Avenue,17th Floor,Springfield,Ohio,45505
263 Randy Parkway,Suite 39,Nashville,Tennessee,37228
804 Tennyson Point,PO Box 49281,North Port,Florida,34290
244 Roxbury Way,PO Box 93108,Fort Lauderdale,Florida,33315
549 Del Sol Street,Room 1431,Tucson,Arizona,85720
45 Esker Pass,12th Floor,Pueblo,Colorado,81015
36 International Court,PO Box 91846,San Jose,California,95123
47559 Westport Parkway,Suite 27,Ocala,Florida,34474
24 Dapin Plaza,PO Box 28119,Shawnee Mission,Kansas,66286
3478 Dapin Center,Room 1899,Atlanta,Georgia,31165
2 Lighthouse Bay Street,PO Box 95813,Omaha,Nebraska,68117
19350 Darwin Trail,PO Box 55149,Fresno,California,93778
43 Straubel Point,Room 160,Oklahoma City,Oklahoma,73147
60876 Meadow Valley Parkway,1st Floor,Springfield,Illinois,62723
4 Londonderry Hill,Room 1071,Fairfield,Connecticut,06825
1774 Forster Alley,Apt 619,Lafayette,Indiana,47905
1475 Dunning Place,Apt 710,Rochester,New York,14619
6445 Claremont Avenue,Room 520,Vancouver,Washington,98664
9763 Waxwing Avenue,Room 834,Spokane,Washington,99215
38 Golf Course Crossing,9th Floor,Alexandria,Virginia,22333
96 Crownhardt Park,10th Floor,Bakersfield,California,93386
8 Vahlen Crossing,Suite 25,San Jose,California,95150
5 Esker Plaza,Apt 1231,Houston,Texas,77281
6 Bowman Pass,PO Box 12151,New Orleans,Louisiana,70165
380 Cambridge Trail,Apt 475,Baltimore,Maryland,21275
2 Manufacturers Junction,Room 928,Orlando,Florida,32885
022 Park Meadow Court,PO Box 3536,New York City,New York,10260
9 Stuart Lane,Suite 87,Hot Springs National Park,Arkansas,71914
247 Hayes Junction,PO Box 83003,Englewood,Colorado,80150
44017 Lighthouse Bay Court,PO Box 70650,Lancaster,Pennsylvania,17622
224 3rd Lane,PO Box 77844,Minneapolis,Minnesota,55417
99 Merrick Lane,Suite 33,Troy,Michigan,48098
80458 Debra Alley,2nd Floor,San Antonio,Texas,78278
07238 Bluestem Junction,Apt 439,Birmingham,Alabama,35242
1262 Sutteridge Terrace,PO Box 44983,Canton,Ohio,44760
86602 Anhalt Court,PO Box 2338,Bradenton,Florida,34210
834 Thierer Crossing,PO Box 92202,Modesto,California,95397
92 Sloan Alley,Apt 798,Saint Paul,Minnesota,55115
31523 Waubesa Crossing,Room 1299,Chicago,Illinois,60619
85870 Drewry Hill,Suite 20,San Antonio,Texas,78210
181 Stephen Trail,Apt 1323,Little Rock,Arkansas,72215
280 Rutledge Street,Room 105,Columbus,Ohio,43268
13452 Grayhawk Parkway,Room 1427,Birmingham,Alabama,35290
9 8th Pass,3rd Floor,Tacoma,Washington,98481
37 Russell Hill,PO Box 68483,Honolulu,Hawaii,96820
60075 Forest Dale Center,15th Floor,Colorado Springs,Colorado,80920
577 Clemons Hill,Suite 28,Manchester,New Hampshire,03105
52 South Street,16th Floor,Albuquerque,New Mexico,87195
2853 Northland Plaza,PO Box 57895,Miami,Florida,33124
06 Jenifer Road,17th Floor,Lakeland,Florida,33811
2381 Manitowish Junction,Suite 30,Chicago,Illinois,60657
8971 8th Way,Room 959,Colorado Springs,Colorado,80920
3 Maryland Plaza,PO Box 12710,Washington,District of Columbia,20430
3897 Waubesa Crossing,PO Box 47537,Portland,Oregon,97271
3 Manitowish Terrace,Apt 1621,Denton,Texas,76205
700 Morningstar Lane,PO Box 25684,Houston,Texas,77095
93364 Mallard Pass,PO Box 41018,Mesa,Arizona,85210
261 Scott Court,Apt 170,Milwaukee,Wisconsin,53225
6 Golf View Avenue,Suite 29,Oklahoma City,Oklahoma,73114
00 5th Lane,Suite 6,Amarillo,Texas,79188
3 Grasskamp Park,Apt 1108,Evansville,Indiana,47712
8 Ridgeway Pass,11th Floor,Corona,California,92878
7 Barby Plaza,PO Box 21441,Berkeley,California,94712
1 Kipling Junction,Room 105,Bronx,New York,10464
60 Merchant Parkway,Suite 3,Montgomery,Alabama,36104
95040 Eliot Court,Apt 390,Orlando,Florida,32830
28 Autumn Leaf Center,Suite 89,Charleston,West Virginia,25305
227 Memorial Crossing,16th Floor,Waterloo,Iowa,50706
5 Sycamore Point,Apt 875,Houston,Texas,77055
3642 Arizona Junction,PO Box 58849,Flushing,New York,11355
075 Derek Park,PO Box 39258,Fort Lauderdale,Florida,33330
0 Fairfield Park,Suite 30,Lansing,Michigan,48912
91075 Lien Trail,Suite 45,Denver,Colorado,80291
83 Atwood Alley,Room 1084,Lexington,Kentucky,40581
651 Eliot Junction,Suite 41,Miami,Florida,33261
86 Jenifer Circle,PO Box 55400,Brooksville,Florida,34605
571 Onsgard Junction,14th Floor,Reading,Pennsylvania,19610
2925 Bunker Hill Way,Room 1665,Sacramento,California,95818
0 Hermina Plaza,16th Floor,New York City,New York,10120
2341 Anniversary Pass,Room 1030,Lincoln,Nebraska,68583
62 Bayside Court,Suite 68,Vienna,Virginia,22184
05 Marquette Street,PO Box 14344,Bloomington,Indiana,47405
60560 Talisman Way,8th Floor,Fort Lauderdale,Florida,33325
24 7th Plaza,Room 1291,Maple Plain,Minnesota,55579
5 Haas Place,Room 1225,Fort Smith,Arkansas,72916
94 Hudson Terrace,Room 1893,Mesa,Arizona,85210
89831 Arizona Hill,Suite 24,Detroit,Michigan,48211
62177 Bay Lane,Apt 1131,Plano,Texas,75074
76276 Glendale Court,6th Floor,Fresno,California,93721
25351 Almo Plaza,Suite 99,Washington,District of Columbia,20470
876 Surrey Crossing,13th Floor,East Saint Louis,Illinois,62205
9491 Victoria Trail,Room 1270,Laredo,Texas,78044
6 Shoshone Court,Room 946,Oklahoma City,Oklahoma,73109
1 Manufacturers Road,Apt 1586,Muncie,Indiana,47306
222 Forest Run Terrace,18th Floor,Santa Monica,California,90410
00 Karstens Avenue,11th Floor,Reno,Nevada,89519
69 Lukken Court,14th Floor,Detroit,Michigan,48206
12 Summit Terrace,10th Floor,Young America,Minnesota,55573
73 Del Sol Trail,Suite 21,Greenville,South Carolina,29610
80 Kipling Parkway,Room 1983,San Jose,California,95108
143 Calypso Pass,Room 1611,Hicksville,New York,11854
16644 Hansons Plaza,Room 1608,Santa Ana,California,92705
75 Elmside Hill,PO Box 63573,Stamford,Connecticut,06912
16273 Fieldstone Plaza,PO Box 74749,Grand Junction,Colorado,81505
9870 Pierstorff Terrace,12th Floor,Wichita Falls,Texas,76310
28 Sundown Park,Apt 784,Charleston,South Carolina,29416
6 Marquette Center,17th Floor,Mesa,Arizona,85215
62 Vidon Parkway,Apt 864,Washington,District of Columbia,20370
703 Knutson Road,Suite 46,Pittsburgh,Pennsylvania,15235
71 School Avenue,9th Floor,Colorado Springs,Colorado,80945
103 Cordelia Junction,Room 677,Columbus,Ohio,43240
92 Center Lane,Suite 57,Aurora,Colorado,80045
8294 Anniversary Point,2nd Floor,Philadelphia,Pennsylvania,19125
0172 Hollow Ridge Circle,Room 1166,Washington,District of Columbia,20041
4 Havey Court,Suite 73,Greenville,South Carolina,29605
17230 Warrior Way,Room 846,Atlanta,Georgia,30358
889 Chinook Way,Suite 4,Dayton,Ohio,45440
106 Hermina Alley,11th Floor,Seattle,Washington,98140
99 Spohn Park,PO Box 76552,Austin,Texas,78710
9481 Truax Lane,Apt 1062,Los Angeles,California,90050
11871 Green Ridge Alley,Room 1812,Pittsburgh,Pennsylvania,15215
64584 Melrose Parkway,Suite 71,Lexington,Kentucky,40581
1490 Bluejay Point,Apt 1956,Amarillo,Texas,79118
7293 Kenwood Street,Room 1211,San Antonio,Texas,78215
019 Reindahl Center,Room 1926,Lexington,Kentucky,40515
53546 Scofield Street,Room 1515,Columbus,Ohio,43226
758 Derek Way,Room 650,Fresno,California,93750
0898 Golf Avenue,Apt 1213,Lincoln,Nebraska,68531
02563 Stone Corner Court,11th Floor,Chattanooga,Tennessee,37450
6 Ruskin Hill,Room 1390,Boulder,Colorado,80328
61 La Follette Center,9th Floor,Lehigh Acres,Florida,33972
773 Loeprich Circle,PO Box 23073,Pensacola,Florida,32505
12 Granby Trail,PO Box 88905,Fresno,California,93773
89014 Anniversary Lane,Room 549,Fort Pierce,Florida,34981
75092 Merchant Pass,Apt 1344,Minneapolis,Minnesota,55470
342 Marquette Crossing,19th Floor,New York City,New York,10115
0231 Forest Run Road,19th Floor,Lakewood,Washington,98498
4027 Arapahoe Way,Room 800,Washington,District of Columbia,20073
01 Scoville Court,Apt 927,Denver,Colorado,80228
15663 Milwaukee Alley,PO Box 2315,Dallas,Texas,75236
955 Burrows Place,PO Box 4689,Hialeah,Florida,33013
597 Becker Point,2nd Floor,Chicago,Illinois,60681
95270 High Crossing Center,19th Floor,Lubbock,Texas,79452
3 Dexter Street,Apt 14,North Las Vegas,Nevada,89087
5773 Pawling Center,Room 644,Evansville,Indiana,47737
983 Service Trail,PO Box 34540,Fort Smith,Arkansas,72916
190 Orin Drive,Room 1670,Detroit,Michigan,48267
4100 South Lane,PO Box 33332,Phoenix,Arizona,85005
58 Rieder Way,Room 1242,Chandler,Arizona,85246
762 High Crossing Alley,PO Box 32494,Memphis,Tennessee,38150
7 Oneill Alley,Apt 37,Pittsburgh,Pennsylvania,15210
698 Hoard Hill,Room 244,Tucson,Arizona,85720
7 Homewood Drive,Room 30,Winston Salem,North Carolina,27157
6476 Comanche Plaza,PO Box 46384,Charleston,West Virginia,25326
106 Pepper Wood Drive,PO Box 21099,Fort Lauderdale,Florida,33305
67 Debra Hill,Apt 1208,Wichita,Kansas,67220
2079 Spenser Park,Suite 71,Panama City,Florida,32405
67953 Cambridge Point,2nd Floor,Raleigh,North Carolina,27626
93263 Nobel Junction,Room 1968,Sacramento,California,94245
20 Paget Terrace,PO Box 2853,Lubbock,Texas,79452
83 Esker Alley,Suite 94,Louisville,Kentucky,40233
977 Valley Edge Park,PO Box 76860,Tucson,Arizona,85705
7 Fairview Crossing,Suite 25,Springfield,Massachusetts,01152
261 Amoth Alley,Room 580,Orlando,Florida,32803
2 Summerview Parkway,Apt 892,Kansas City,Missouri,64125
898 Bluejay Road,4th Floor,Saint Louis,Missouri,63131
554 Merrick Alley,Suite 14,Arlington,Virginia,22225
63 Monica Plaza,Room 502,Kissimmee,Florida,34745
03747 Spohn Circle,6th Floor,Boca Raton,Florida,33499
7043 Grayhawk Court,Room 242,Raleigh,North Carolina,27610
99279 American Street,Suite 78,Oklahoma City,Oklahoma,73119
80650 Village Green Circle,6th Floor,Dallas,Texas,75392
84216 Hayes Parkway,Suite 52,Huntsville,Texas,77343
3009 Fallview Plaza,7th Floor,Sarasota,Florida,34276
3288 Sunfield Alley,20th Floor,El Paso,Texas,88569
36726 Summer Ridge Road,PO Box 11976,Sacramento,California,94286
9 Farmco Way,Suite 52,Clearwater,Florida,33763
650 Hanover Park,Suite 64,Jersey City,New Jersey,07310
44 Scofield Point,Room 714,Washington,District of Columbia,20540
6 Kingsford Park,Room 676,Memphis,Tennessee,38126
0 Carey Circle,PO Box 56701,Jackson,Mississippi,39296
1739 Blackbird Street,Apt 912,Albuquerque,New Mexico,87105
22409 Fieldstone Parkway,Room 1182,Baton Rouge,Louisiana,70805
2 Namekagon Terrace,17th Floor,Fort Myers,Florida,33913
34241 Myrtle Plaza,8th Floor,Louisville,Kentucky,40287
5193 Vahlen Street,Suite 56,El Paso,Texas,79977
9810 Oxford Road,Apt 1830,Fresno,California,93773
97550 Dahle Center,PO Box 62366,Tallahassee,Florida,32309
552 Spaight Pass,Apt 1148,Brooklyn,New York,11220
5093 Springview Park,Suite 69,New Orleans,Louisiana,70142
59014 Shasta Junction,18th Floor,Lynchburg,Virginia,24515
3 Columbus Junction,15th Floor,Washington,District of Columbia,20420
06166 Riverside Terrace,Suite 56,Sioux Falls,South Dakota,57188
041 Marquette Trail,16th Floor,Jacksonville,Florida,32209
76 Melody Place,Apt 1526,Houston,Texas,77045
982 Nobel Center,Room 1156,Abilene,Texas,79699
5 Magdeline Lane,Apt 543,Austin,Texas,78769
7 Surrey Trail,Apt 525,Charlotte,North Carolina,28205
87168 Scoville Junction,Apt 1913,Tulsa,Oklahoma,74193
2 Havey Road,Room 1845,Newport News,Virginia,23605
1385 Katie Junction,Room 995,Tulsa,Oklahoma,74141
1752 Stephen Crossing,PO Box 94158,El Paso,Texas,79968
0 Center Trail,Room 91,Akron,Ohio,44315
24132 Riverside Circle,18th Floor,Tucson,Arizona,85732
6515 Laurel Terrace,PO Box 71361,Madison,Wisconsin,53710
465 Waubesa Terrace,Suite 26,Huntington,West Virginia,25709
37 Weeping Birch Alley,PO Box 608,Wilkes Barre,Pennsylvania,18763
1 Bellgrove Avenue,15th Floor,Minneapolis,Minnesota,55458
43892 Village Green Parkway,Apt 1655,Knoxville,Tennessee,37939
17 Troy Junction,2nd Floor,Brockton,Massachusetts,02405
85718 Clemons Crossing,Apt 587,Champaign,Illinois,61825
74 Milwaukee Plaza,10th Floor,Austin,Texas,78715
59 Dottie Circle,Room 1394,San Antonio,Texas,78210
8 Carey Way,PO Box 33368,Cincinnati,Ohio,45203
804 Fieldstone Crossing,Suite 6,Saint Petersburg,Florida,33715
704 Troy Lane,4th Floor,Charleston,South Carolina,29403
4 Carpenter Plaza,Suite 22,Portland,Oregon,97211
24 Porter Parkway,11th Floor,Boston,Massachusetts,02114
547 Warbler Court,Room 1843,Dallas,Texas,75226
089 Village Junction,Room 104,Newport News,Virginia,23612
90939 Manitowish Way,Apt 805,Philadelphia,Pennsylvania,19160
78715 Cody Avenue,Suite 5,Detroit,Michigan,48267
7731 Gulseth Terrace,15th Floor,New York City,New York,10110
9 Calypso Alley,2nd Floor,Orlando,Florida,32813
98475 Sachs Junction,PO Box 34541,Sacramento,California,94297
61 Susan Alley,Suite 69,Fresno,California,93721
214 Meadow Valley Parkway,Room 453,New Orleans,Louisiana,70154
8164 Helena Terrace,Suite 74,Little Rock,Arkansas,72204
53977 Golden Leaf Lane,Apt 1740,Tampa,Florida,33615
486 Straubel Court,Suite 39,Phoenix,Arizona,85035
9357 Vidon Road,PO Box 29549,Jacksonville,Florida,32220
978 Esch Street,Apt 343,Houston,Texas,77245
12 Eagle Crest Way,PO Box 65614,Newark,Delaware,19714
050 Rutledge Park,4th Floor,Trenton,New Jersey,08619
28 Clarendon Crossing,Suite 84,Henderson,Nevada,89074
5177 Little Fleur Park,PO Box 51127,Austin,Texas,78737
0432 Quincy Way,PO Box 4176,Boston,Massachusetts,02124
5976 Sutteridge Hill,Room 1061,Santa Barbara,California,93106
3925 American Ash Alley,PO Box 35347,Rochester,New York,14619
47 Tennessee Street,PO Box 96535,Cincinnati,Ohio,45223
59 Laurel Street,Apt 745,Richmond,Virginia,23289
752 Spohn Parkway,Suite 17,Tucson,Arizona,85748
2 Novick Alley,Apt 606,South Bend,Indiana,46614
809 Melby Center,Apt 1789,New Orleans,Louisiana,70142
199 Oak Avenue,Apt 1911,Jacksonville,Florida,32277
24235 Buell Place,Apt 33,Panama City,Florida,32412
10432 Bartillon Place,15th Floor,North Little Rock,Arkansas,72118
8575 Lakewood Junction,Room 1247,Littleton,Colorado,80126
300 Oak Valley Point,Room 1796,Birmingham,Alabama,35205
7303 Almo Alley,PO Box 98514,Lafayette,Louisiana,70593
8 Golf Course Center,5th Floor,Corpus Christi,Texas,78426
3899 Bartillon Park,12th Floor,Springfield,Illinois,62723
07004 Kedzie Crossing,Room 1938,Anaheim,California,92805
42046 Karstens Trail,12th Floor,Youngstown,Ohio,44555
007 Crowley Court,PO Box 85387,Spokane,Washington,99210
3648 Helena Parkway,Suite 61,Cleveland,Ohio,44197
0 Loftsgordon Crossing,Room 511,Washington,District of Columbia,20238
47255 Crowley Court,Apt 1623,Colorado Springs,Colorado,80930
0829 Almo Crossing,17th Floor,Aurora,Colorado,80045
61374 Meadow Ridge Terrace,Apt 961,Dayton,Ohio,45454
4536 Myrtle Circle,PO Box 58604,San Bernardino,California,92424
6526 Anniversary Terrace,Apt 837,Syracuse,New York,13224
61253 Pankratz Circle,PO Box 52155,Tacoma,Washington,98411
51 Banding Park,Suite 30,Corona,California,92883
8850 Paget Pass,Apt 368,Memphis,Tennessee,38150
94 Sutteridge Park,PO Box 96977,Lubbock,Texas,79405
5893 Service Crossing,Apt 1240,Philadelphia,Pennsylvania,19109
740 Springview Trail,Suite 57,Denver,Colorado,80291
810 Orin Alley,Room 803,Lansing,Michigan,48901
00882 Eggendart Trail,Suite 8,Springfield,Illinois,62776
72427 Golf Trail,Room 245,Schenectady,New York,12325
995 Moulton Street,Apt 1603,Rochester,New York,14624
8 Colorado Trail,PO Box 73915,Brockton,Massachusetts,02405
90495 Hansons Point,Suite 19,Charlotte,North Carolina,28225
2 Blackbird Hill,Suite 7,Canton,Ohio,44710
5 Mcguire Trail,2nd Floor,Albany,New York,12232
70951 Hazelcrest Trail,Apt 1253,Saint Louis,Missouri,63116
0548 Boyd Point,PO Box 4805,Sacramento,California,94291
38772 Canary Pass,Room 1232,Inglewood,California,90398
59130 Cascade Hill,Suite 73,Huntington,West Virginia,25726
0 Arrowood Pass,Apt 229,San Antonio,Texas,78210
14634 Cardinal Center,Room 1879,Saint Petersburg,Florida,33715
5 Bultman Center,Suite 24,Cleveland,Ohio,44177
791 Lillian Junction,Apt 1483,San Francisco,California,94105
7088 Union Trail,12th Floor,Chicago,Illinois,60674
70593 Hooker Center,PO Box 57395,Milwaukee,Wisconsin,53215
0287 Erie Court,Apt 1938,West Palm Beach,Florida,33421
03 Michigan Center,Suite 91,Spokane,Washington,99220
8466 Graedel Park,Room 853,Milwaukee,Wisconsin,53285
3 Spenser Terrace,Apt 1586,Orlando,Florida,32891
8 Russell Plaza,Apt 557,Brooklyn,New York,11225
34740 American Center,PO Box 11887,Los Angeles,California,90005
545 Pierstorff Point,PO Box 15637,Whittier,California,90605
639 Clove Lane,Apt 1317,Toledo,Ohio,43615
485 Stuart Pass,PO Box 68399,Cincinnati,Ohio,45203
5 Oriole Junction,6th Floor,New York City,New York,10170
910 Hoard Alley,PO Box 98002,Tucson,Arizona,85754
79486 Shopko Terrace,Suite 91,Cheyenne,Wyoming,82007
0 5th Center,Suite 62,Plano,Texas,75074
46944 Merrick Plaza,7th Floor,Jacksonville,Florida,32225
78 Portage Point,Room 1933,Elmira,New York,14905
811 Mallard Road,Suite 2,Flint,Michigan,48555
590 Buena Vista Alley,PO Box 89246,San Diego,California,92176
892 Karstens Plaza,2nd Floor,Waltham,Massachusetts,02453
98718 Westport Hill,Suite 87,Inglewood,California,90310
1 Express Parkway,Room 200,Phoenix,Arizona,85053
95879 Bowman Place,20th Floor,Cedar Rapids,Iowa,52405
15 Hovde Lane,Apt 1864,New York City,New York,10125
06076 Manufacturers Pass,Apt 1123,San Diego,California,92191
40 Carey Court,Suite 35,Bronx,New York,10464
59 Browning Terrace,Apt 742,Vero Beach,Florida,32969
098 Mcguire Street,Suite 36,Los Angeles,California,90005
00 Esch Park,Suite 24,Des Moines,Iowa,50320
7983 Loomis Junction,9th Floor,Toledo,Ohio,43699
14 Warrior Alley,Room 622,Lake Worth,Florida,33467
9 Tennyson Pass,Apt 1668,San Jose,California,95118
8209 Morningstar Lane,Room 448,Raleigh,North Carolina,27615
445 Forest Run Crossing,11th Floor,San Francisco,California,94116
709 Ryan Parkway,Suite 21,Tampa,Florida,33661
7 Nevada Place,20th Floor,Savannah,Georgia,31422
517 Hoffman Avenue,Apt 671,El Paso,Texas,79934
52543 Briar Crest Plaza,Suite 71,San Francisco,California,94105
99717 Waubesa Crossing,Suite 43,El Paso,Texas,88579
895 Sachtjen Drive,Suite 94,Lancaster,Pennsylvania,17605
46 Dunning Center,PO Box 47754,North Little Rock,Arkansas,72118
85274 Transport Street,14th Floor,Baltimore,Maryland,21282
70 Warbler Junction,Suite 57,Chicago,Illinois,60697
7 Ramsey Point,Room 203,Dallas,Texas,75353
71324 Forest Plaza,Suite 88,Saint Petersburg,Florida,33705
30260 Jackson Alley,Suite 38,Lake Worth,Florida,33462
80130 Springview Drive,Apt 769,Valdosta,Georgia,31605
94 Gateway Center,Room 699,Atlanta,Georgia,30323
24826 Gerald Parkway,16th Floor,San Francisco,California,94121
35 Shopko Way,Room 39,Orange,California,92862
18 Hansons Alley,Apt 1700,Gary,Indiana,46406
03 Bashford Circle,PO Box 25667,Mansfield,Ohio,44905
96 Melody Plaza,Room 1739,Chico,California,95973
44 Coleman Junction,PO Box 20263,Philadelphia,Pennsylvania,19120
0707 Anniversary Hill,Suite 63,New Orleans,Louisiana,70174
0861 Independence Drive,4th Floor,Youngstown,Ohio,44555
72982 Bowman Court,Apt 951,Salt Lake City,Utah,84140
544 Mayer Lane,16th Floor,New York City,New York,10029
98760 Burrows Place,Room 1202,Charleston,West Virginia,25336
6755 Dixon Court,PO Box 98394,Mesa,Arizona,85215
15 Ruskin Park,Suite 94,El Paso,Texas,88584
47 Grim Street,Suite 15,Fort Myers,Florida,33913
9441 8th Avenue,Apt 1712,Dallas,Texas,75216
4 Mayfield Alley,Apt 119,Scottsdale,Arizona,85271
99090 Village Point,Suite 62,Saint Cloud,Minnesota,56372
9359 Fordem Park,Suite 46,Nashville,Tennessee,37235
6720 Troy Court,PO Box 8574,Arlington,Virginia,22205
749 Mesta Plaza,PO Box 20741,Boston,Massachusetts,02114
607 Namekagon Avenue,Room 1639,Tampa,Florida,33647
43031 Jana Way,Room 764,Van Nuys,California,91499
59 Spenser Way,Room 1144,Greenville,South Carolina,29605
7837 Mifflin Parkway,20th Floor,Moreno Valley,California,92555
1419 Heath Street,5th Floor,Jacksonville,Florida,32277
108 Jay Street,Room 1817,Dallas,Texas,75379
145 Rockefeller Street,6th Floor,Colorado Springs,Colorado,80925
616 Petterle Circle,Room 557,Birmingham,Alabama,35279
15951 Truax Pass,17th Floor,Henderson,Nevada,89012
85 Nobel Park,1st Floor,Charlottesville,Virginia,22908
2 Parkside Court,Room 63,Pittsburgh,Pennsylvania,15274
36 7th Point,Suite 96,Las Vegas,Nevada,89140
198 Hoepker Terrace,Suite 34,Columbus,Ohio,43226
8133 Debra Trail,Room 1090,Spokane,Washington,99205
26 Tennessee Avenue,Room 1756,Washington,District of Columbia,20370
3400 Browning Trail,Room 819,Reno,Nevada,89510
40353 Bayside Court,Apt 350,San Antonio,Texas,78230
3705 Brickson Park Avenue,PO Box 75231,Montgomery,Alabama,36125
32958 Crest Line Alley,Apt 348,Murfreesboro,Tennessee,37131
6985 Shelley Hill,Apt 1128,Atlanta,Georgia,30392
89310 Westport Trail,11th Floor,Greensboro,North Carolina,27425
41 Mccormick Street,Room 1790,Nashville,Tennessee,37245
602 Doe Crossing Way,PO Box 62670,Orlando,Florida,32803
1338 Nelson Road,PO Box 88644,Columbus,Ohio,43210
21 Monterey Crossing,Suite 86,Sacramento,California,95865
0 Maple Junction,PO Box 78528,Santa Barbara,California,93150
91210 Vahlen Point,PO Box 17234,Loretto,Minnesota,55598
25 Stoughton Junction,Apt 1530,Los Angeles,California,90025
787 Sutherland Park,Room 344,Charleston,West Virginia,25326
3203 Eggendart Road,Apt 873,Shawnee Mission,Kansas,66215
005 Eastlawn Drive,19th Floor,Santa Cruz,California,95064
1 Stang Terrace,Suite 64,Fort Smith,Arkansas,72916
35450 Arapahoe Lane,1st Floor,Atlanta,Georgia,30356
492 Welch Point,Room 423,San Bernardino,California,92405
8071 Iowa Terrace,5th Floor,Pasadena,California,91109
96 Surrey Court,PO Box 38159,Jersey City,New Jersey,07310
5691 Swallow Park,Apt 1836,San Francisco,California,94121
7143 Fulton Circle,14th Floor,Sioux Falls,South Dakota,57188
15651 Canary Street,Room 1115,Frederick,Maryland,21705
45935 Holy Cross Circle,PO Box 10786,Columbia,Missouri,65211
4 Bluestem Center,Room 1502,Grand Junction,Colorado,81505
6853 Dahle Trail,Suite 7,San Jose,California,95108
48 Tomscot Pass,Apt 818,Charlotte,North Carolina,28235
6914 Carey Alley,PO Box 76432,Las Vegas,Nevada,89110
71 Heath Drive,PO Box 29842,Lynchburg,Virginia,24515
95 Northview Crossing,Suite 45,Baton Rouge,Louisiana,70836
6848 Graceland Alley,8th Floor,Santa Ana,California,92705
49 Logan Drive,Room 803,Sacramento,California,95852
7 Fairfield Drive,14th Floor,Birmingham,Alabama,35279
7 Hoepker Terrace,PO Box 22437,Oakland,California,94627
8 Elmside Junction,Apt 1356,Colorado Springs,Colorado,80915
0 Parkside Parkway,Suite 28,Pocatello,Idaho,83206
974 Utah Drive,3rd Floor,Salt Lake City,Utah,84115
280 Morrow Plaza,Room 601,Jamaica,New York,11480
27151 Kinsman Alley,Suite 18,Kansas City,Kansas,66105
8230 Mosinee Parkway,Suite 60,Sacramento,California,94250
399 Michigan Road,3rd Floor,Austin,Texas,78759
83572 Goodland Street,PO Box 94591,Everett,Washington,98206
1 Grim Pass,Apt 201,Pueblo,Colorado,81005
3 Clyde Gallagher Drive,Room 469,Memphis,Tennessee,38161
253 Petterle Plaza,Apt 1603,Fort Worth,Texas,76129
1 Dennis Parkway,Suite 10,Merrifield,Virginia,22119
8750 Homewood Terrace,PO Box 11515,Saginaw,Michigan,48609
4229 Emmet Parkway,Room 828,Champaign,Illinois,61825
6925 Claremont Parkway,Room 614,Jacksonville,Florida,32204
0478 Crowley Pass,Apt 30,New Haven,Connecticut,06505
49566 Fairfield Park,Room 1162,Buffalo,New York,14205
47 Hoepker Point,12th Floor,Miami,Florida,33147
8975 Clyde Gallagher Pass,Suite 12,Omaha,Nebraska,68134
07 Dapin Park,7th Floor,Washington,District of Columbia,20530
4 Grayhawk Way,Apt 436,Detroit,Michigan,48224
35 Kropf Terrace,Suite 46,Greensboro,North Carolina,27455
450 Hooker Center,15th Floor,Metairie,Louisiana,70005
2526 Loomis Drive,PO Box 69137,Cincinnati,Ohio,45264
8 Arapahoe Pass,PO Box 37072,Monticello,Minnesota,55585
88119 Carpenter Park,Suite 88,Houston,Texas,77288
6026 Linden Road,Suite 77,Stamford,Connecticut,06905
74379 Talisman Parkway,13th Floor,Charleston,West Virginia,25313
549 Sugar Plaza,Room 183,Atlanta,Georgia,30311
59 Dwight Pass,Room 1785,Springfield,Massachusetts,01129
0854 Aberg Crossing,Apt 1238,Charleston,West Virginia,25326
46397 Gateway Plaza,Apt 1110,Murfreesboro,Tennessee,37131
721 Huxley Point,Apt 1576,Dallas,Texas,75397
6837 Marcy Street,Suite 35,New York City,New York,10029
0616 Toban Trail,Apt 1847,Birmingham,Alabama,35231
44102 Marcy Point,Suite 85,Glendale,California,91205
77194 Iowa Hill,Room 1626,Chicago,Illinois,60674
2876 Darwin Trail,Room 877,El Paso,Texas,79923
52 2nd Junction,12th Floor,Santa Monica,California,90405
26 Artisan Plaza,PO Box 53320,Washington,District of Columbia,20456
059 Susan Point,Room 1508,Knoxville,Tennessee,37995
329 Kennedy Pass,PO Box 47858,Wichita,Kansas,67236
1243 Marquette Hill,Suite 37,Spring Hill,Florida,34611
3 Riverside Park,Apt 769,Abilene,Texas,79605
106 Arizona Drive,Apt 1697,Denver,Colorado,80291
8 Johnson Park,Room 456,Shreveport,Louisiana,71130
3 Pawling Terrace,Suite 71,Denver,Colorado,80209
57 Warrior Junction,Suite 9,San Francisco,California,94169
2473 Roth Lane,PO Box 36087,Colorado Springs,Colorado,80935
75002 Goodland Point,Suite 40,Houston,Texas,77288
6104 Homewood Avenue,Apt 352,Mesa,Arizona,85210
7713 Northview Parkway,9th Floor,Akron,Ohio,44321
47 Lien Pass,Apt 1637,Beaverton,Oregon,97075
01 Leroy Drive,Suite 87,Erie,Pennsylvania,16510
96374 Butternut Park,Room 774,Fort Lauderdale,Florida,33325
68637 Morrow Pass,Room 701,Loretto,Minnesota,55598
230 Cody Street,PO Box 72369,Boston,Massachusetts,02208
7466 Veith Road,3rd Floor,Lincoln,Nebraska,68517
39536 Susan Hill,16th Floor,Racine,Wisconsin,53405
2 Springview Street,Suite 40,Detroit,Michigan,48295
2130 Grover Pass,PO Box 74979,San Antonio,Texas,78205
73718 Coolidge Junction,Suite 4,Olympia,Washington,98516
772 Lakewood Gardens Drive,1st Floor,Chicago,Illinois,60674
9522 Calypso Avenue,PO Box 41287,Pocatello,Idaho,83206
1329 Judy Park,Room 249,Silver Spring,Maryland,20918
1671 Forest Run Circle,Suite 50,Los Angeles,California,90094
032 Dovetail Alley,Suite 23,Harrisburg,Pennsylvania,17105
172 Roth Center,PO Box 72139,Berkeley,California,94705
42577 Brentwood Way,Apt 1550,San Jose,California,95108
273 Carberry Circle,5th Floor,Columbia,Missouri,65218
13 Hollow Ridge Terrace,Suite 100,Reno,Nevada,89550
13245 Union Terrace,Room 1394,Atlanta,Georgia,30336
46 Calypso Center,Suite 64,New Orleans,Louisiana,70149
23 Northport Terrace,Suite 69,Las Vegas,Nevada,89155
00411 Darwin Road,Suite 77,Portland,Oregon,97211
88 Forest Dale Circle,Room 511,Jacksonville,Florida,32220
49 Marquette Park,17th Floor,Santa Ana,California,92725
7 American Ash Junction,Apt 323,North Las Vegas,Nevada,89087
247 Tony Lane,Room 1485,Simi Valley,California,93094
4075 David Pass,Suite 8,Baton Rouge,Louisiana,70883
8313 Sutteridge Point,PO Box 54019,South Bend,Indiana,46699
6 Marquette Plaza,19th Floor,Wichita,Kansas,67260
4759 Eagle Crest Plaza,Apt 504,Philadelphia,Pennsylvania,19093
8932 Bultman Drive,Room 60,Denver,Colorado,80299
8922 Paget Way,Room 1847,Gainesville,Florida,32610
1 Farmco Place,Apt 488,Murfreesboro,Tennessee,37131
05 Roth Place,PO Box 89614,Edmond,Oklahoma,73034
750 Michigan Way,Suite 21,Albuquerque,New Mexico,87201
2491 Mayfield Alley,Room 1062,Lima,Ohio,45807
65926 Mifflin Point,Suite 22,Phoenix,Arizona,85005
0 Stone Corner Way,Suite 47,Cincinnati,Ohio,45233
1 Northridge Road,Room 562,Washington,District of Columbia,20210
97246 Bluejay Junction,8th Floor,Chicago,Illinois,60681
9 Blue Bill Park Junction,Apt 88,Buffalo,New York,14225
14870 Heath Pass,Room 233,Gainesville,Florida,32627
5 2nd Plaza,Room 128,Huntington,West Virginia,25711
181 Coolidge Drive,Apt 881,Bellevue,Washington,98008
95645 Green Ridge Plaza,Suite 33,Waco,Texas,76711
62 Tennessee Alley,Suite 68,San Bernardino,California,92410
8451 Hanson Trail,19th Floor,Memphis,Tennessee,38119
9901 Lawn Street,Suite 15,Jacksonville,Florida,32209
87220 Burrows Terrace,Room 104,Philadelphia,Pennsylvania,19131
1 Carpenter Pass,Room 1560,Phoenix,Arizona,85030
1 Fisk Way,Apt 442,Tucson,Arizona,85720
23 Ramsey Park,Suite 77,Fairfield,Connecticut,06825
27120 Coleman Trail,Apt 1270,Syracuse,New York,13210
044 Delladonna Street,PO Box 91572,Port Charlotte,Florida,33954
4649 Oxford Plaza,PO Box 93448,Baltimore,Maryland,21229
5 Twin Pines Avenue,Room 1996,Phoenix,Arizona,85067
61 Dovetail Crossing,18th Floor,Mesa,Arizona,85215
8 Tony Park,Apt 31,Philadelphia,Pennsylvania,19120
46 Holy Cross Crossing,PO Box 19387,Charlotte,North Carolina,28210
32958 Manufacturers Way,Apt 1795,Boise,Idaho,83711
3260 Blackbird Point,14th Floor,Raleigh,North Carolina,27605
6098 Rusk Drive,Room 1274,Raleigh,North Carolina,27626
1 Everett Crossing,Apt 753,Greenville,South Carolina,29605
27419 Portage Junction,Apt 632,Evansville,Indiana,47732
58 Bowman Trail,Suite 77,Peoria,Illinois,61605
64 Sherman Pass,Apt 258,Cincinnati,Ohio,45249
50643 Butterfield Trail,Suite 31,Omaha,Nebraska,68144
645 Eliot Terrace,Room 963,San Luis Obispo,California,93407
9299 Merrick Center,Suite 97,Boise,Idaho,83757
65 Weeping Birch Junction,Suite 58,Brooklyn,New York,11220
0312 Hoepker Court,8th Floor,Pompano Beach,Florida,33064
926 Green Ridge Plaza,Apt 569,San Jose,California,95194
95287 Manley Alley,Room 1010,Flint,Michigan,48550
62604 Forest Dale Street,Room 378,Troy,Michigan,48098
64 Golf View Street,Room 1182,Atlanta,Georgia,30356
3 Prairie Rose Hill,PO Box 52153,Chicago,Illinois,60657
24896 Lakewood Hill,Suite 9,Huntington,West Virginia,25705
2156 Nova Point,Apt 1189,Lincoln,Nebraska,68524
511 Sachtjen Junction,Suite 90,Erie,Pennsylvania,16565
231 Dawn Alley,Room 128,Oakland,California,94605
692 Merrick Avenue,PO Box 25800,Huntington,West Virginia,25721
1 Union Hill,Room 392,Henderson,Nevada,89074
86 Hudson Court,20th Floor,Jeffersonville,Indiana,47134
9642 Kropf Place,16th Floor,New York City,New York,10115
31 Wayridge Parkway,Apt 540,Columbus,Ohio,43220
55843 Lyons Avenue,19th Floor,Jackson,Mississippi,39210
3 Upham Road,Suite 39,Baton Rouge,Louisiana,70883
81508 Shopko Center,1st Floor,Carol Stream,Illinois,60158
478 Forest Street,PO Box 82705,Washington,District of Columbia,20456
3 Hooker Place,Suite 6,Kansas City,Missouri,64190
30 Badeau Pass,5th Floor,Birmingham,Alabama,35215
24 Holy Cross Place,Suite 16,Boise,Idaho,83722
2 Hallows Point,Suite 78,Jackson,Mississippi,39236
0 Paget Park,Suite 8,Baltimore,Maryland,21290
474 Farmco Center,Suite 67,Tulsa,Oklahoma,74126
1 Armistice Avenue,Room 369,Huntington,West Virginia,25709
0885 Barnett Lane,Suite 10,El Paso,Texas,79905
7409 Thompson Drive,Suite 68,Houston,Texas,77212
4 Village Green Place,Suite 66,Omaha,Nebraska,68134
40170 Lakewood Gardens Street,Suite 35,Troy,Michigan,48098
4 Cascade Alley,Room 915,San Antonio,Texas,78296
35 Michigan Point,PO Box 63603,Corpus Christi,Texas,78470
63 Summit Way,Room 1594,Shawnee Mission,Kansas,66210
24933 Heffernan Plaza,PO Box 15109,Spokane,Washington,99252
7804 Mayer Avenue,Apt 402,Indianapolis,Indiana,46295
29 Sachtjen Crossing,Room 834,San Jose,California,95113
256 La Follette Center,15th Floor,Charleston,West Virginia,25389
