zipcode,state,city,address,carnumb
84403,Utah,Ogden,44 Paget Place,47
11054,New York,Port Washington,734 Katie Junction,47
93034,California,Oxnard,3 Johnson Point,73
77035,Texas,Houston,022 Becker Way,27
43666,Ohio,Toledo,4 6th Terrace,61
72222,Arkansas,Little Rock,20 Nevada Way,81
47812,Indiana,Terre Haute,26022 Dryden Alley,56
92424,California,San Bernardino,9 Loomis Place,99
57198,South Dakota,Sioux Falls,2083 Dixon Terrace,55
12237,New York,Albany,5 Acker Center,59
79171,Texas,Amarillo,0 Trailsway Lane,81
60686,Illinois,Chicago,5608 Hooker Lane,49
96820,Hawaii,Honolulu,550 Loftsgordon Park,62
92878,California,Corona,061 Surrey Terrace,71
33487,Florida,Boca Raton,322 Sachs Point,19
67205,Kansas,Wichita,4946 Redwing Center,58
29805,South Carolina,Aiken,17793 8th Drive,15
34474,Florida,Ocala,2 Vera Junction,54
10557,New York,Mount Vernon,698 Spaight Lane,62
48919,Michigan,Lansing,92674 Harbort Road,69
16550,Pennsylvania,Erie,894 Hoepker Terrace,80
94089,California,Sunnyvale,6 Coolidge Road,18
23464,Virginia,Virginia Beach,6413 Blue Bill Park Hill,51
98516,Washington,Olympia,30 Marcy Plaza,89
02453,Massachusetts,Waltham,702 Green Center,67
66205,Kansas,Shawnee Mission,668 Bartillon Point,22
34102,Florida,Naples,280 Cordelia Drive,16
98195,Washington,Seattle,3 Del Mar Court,34
63131,Missouri,Saint Louis,3220 1st Hill,25
73109,Oklahoma,Oklahoma City,7234 Sycamore Alley,69
77223,Texas,Houston,3 Milwaukee Plaza,35
85284,Arizona,Tempe,096 6th Center,99
95173,California,San Jose,378 Badeau Alley,10
73179,Oklahoma,Oklahoma City,9467 Miller Drive,21
92519,California,Riverside,49 Rowland Center,89
30375,Georgia,Atlanta,0 Messerschmidt Terrace,61
30245,Georgia,Lawrenceville,93858 Nova Court,18
98405,Washington,Tacoma,35671 Utah Lane,93
90831,California,Long Beach,4 Clyde Gallagher Circle,58
71307,Louisiana,Alexandria,2 Vera Hill,13
64190,Missouri,Kansas City,67 Talisman Hill,38
19109,Pennsylvania,Philadelphia,8849 Village Green Park,92
08619,New Jersey,Trenton,75225 Sutteridge Drive,53
91125,California,Pasadena,0039 Karstens Street,32
90060,California,Los Angeles,29935 Sherman Trail,72
34611,Florida,Spring Hill,44199 Graedel Place,39
16550,Pennsylvania,Erie,66 Derek Center,80
94913,California,San Rafael,1010 Brickson Park Avenue,82
06105,Connecticut,Hartford,88277 Emmet Terrace,86
56944,District of Columbia,Washington,8681 Maple Terrace,64
95194,California,San Jose,57622 Green Hill,67
63158,Missouri,Saint Louis,97386 Reindahl Place,28
66667,Kansas,Topeka,0053 Vahlen Terrace,77
12247,New York,Albany,804 Moulton Parkway,96
77005,Texas,Houston,9719 Hermina Court,28
23213,Virginia,Richmond,33359 Service Center,55
99252,Washington,Spokane,70709 Aberg Circle,97
98206,Washington,Everett,03 Lukken Junction,56
11447,New York,Jamaica,66 Barnett Road,30
33134,Florida,Miami,992 Crowley Drive,100
78744,Texas,Austin,4 Bartelt Plaza,13
64082,Missouri,Lees Summit,0 Manufacturers Lane,49
55585,Minnesota,Monticello,22650 Amoth Center,54
90610,California,Whittier,53 Victoria Alley,15
97229,Oregon,Portland,748 Delladonna Junction,55
34629,Florida,Clearwater,18 Bashford Circle,90
40524,Kentucky,Lexington,601 Cordelia Crossing,53
97271,Oregon,Portland,8 Transport Plaza,53
30089,Georgia,Decatur,80005 Manitowish Drive,70
23285,Virginia,Richmond,6 Rigney Crossing,77
91499,California,Van Nuys,6 Susan Way,23
38308,Tennessee,Jackson,783 Ridgeway Plaza,91
90805,California,Long Beach,6200 Dawn Plaza,84
20709,Maryland,Laurel,96 Roth Road,76
61635,Illinois,Peoria,52698 Mariners Cove Terrace,88
94177,California,San Francisco,67 Michigan Center,45
85210,Arizona,Mesa,006 Northwestern Place,37
77075,Texas,Houston,13442 John Wall Drive,28
98121,Washington,Seattle,05 Roxbury Parkway,67
17121,Pennsylvania,Harrisburg,121 Wayridge Plaza,54
94207,California,Sacramento,24 Scott Avenue,19
23509,Virginia,Norfolk,35 Forest Dale Road,22
53785,Wisconsin,Madison,57650 Farmco Trail,97
20319,District of Columbia,Washington,13985 Randy Plaza,40
55573,Minnesota,Young America,1 Moose Circle,36
95865,California,Sacramento,043 Sheridan Way,63
25336,West Virginia,Charleston,1691 Monument Point,55
10150,New York,New York City,871 Merrick Hill,50
47725,Indiana,Evansville,8 Spaight Parkway,46
33018,Florida,Hialeah,38 Evergreen Parkway,82
78789,Texas,Austin,7876 Hermina Court,22
62776,Illinois,Springfield,8744 Lindbergh Crossing,58
10090,New York,New York City,56 South Place,90
14624,New York,Rochester,6 Larry Plaza,59
55585,Minnesota,Monticello,02 Delladonna Circle,94
20215,District of Columbia,Washington,6364 Haas Lane,61
53234,Wisconsin,Milwaukee,53 Knutson Junction,92
77305,Texas,Conroe,4 Kipling Park,73
55114,Minnesota,Saint Paul,1 Carioca Parkway,39
01129,Massachusetts,Springfield,2875 Hansons Pass,67
45403,Ohio,Dayton,6 Morning Place,27
55470,Minnesota,Minneapolis,1896 Judy Pass,45
95219,California,Stockton,9 Kinsman Way,76
24048,Virginia,Roanoke,782 Florence Junction,76
98481,Washington,Tacoma,3319 Luster Court,56
06726,Connecticut,Waterbury,50257 Caliangt Circle,10
90010,California,Los Angeles,2094 Holmberg Plaza,36
20503,District of Columbia,Washington,7 Moland Park,90
64504,Missouri,Saint Joseph,78 Warner Hill,30
93111,California,Santa Barbara,74046 Waubesa Junction,65
33915,Florida,Cape Coral,31 Duke Center,58
15215,Pennsylvania,Pittsburgh,05212 Del Sol Plaza,17
94237,California,Sacramento,8426 Roxbury Pass,22
75287,Texas,Dallas,7000 5th Court,36
78250,Texas,San Antonio,97 Butterfield Way,51
62723,Illinois,Springfield,93 Wayridge Terrace,67
29305,South Carolina,Spartanburg,73612 Redwing Alley,62
17121,Pennsylvania,Harrisburg,0940 Loeprich Junction,89
34135,Florida,Bonita Springs,3 Messerschmidt Street,54
61640,Illinois,Peoria,9 Mcguire Trail,25
91913,California,Chula Vista,70 Algoma Hill,26
14614,New York,Rochester,113 Armistice Terrace,24
75710,Texas,Tyler,4466 Rusk Junction,46
64179,Missouri,Kansas City,858 Leroy Drive,79
29610,South Carolina,Greenville,00 Ridgeway Alley,42
32209,Florida,Jacksonville,99 Hansons Junction,55
17121,Pennsylvania,Harrisburg,0722 Mallard Way,33
92170,California,San Diego,15202 Gateway Crossing,92
52405,Iowa,Cedar Rapids,2 Superior Pass,13
75799,Texas,Tyler,674 Graceland Hill,43
11231,New York,Brooklyn,50 Old Shore Park,32
46620,Indiana,South Bend,7 Bellgrove Way,55
20036,District of Columbia,Washington,3355 Fieldstone Street,83
20022,District of Columbia,Washington,6 Onsgard Drive,62
67215,Kansas,Wichita,99 Heath Way,56
75265,Texas,Dallas,2885 Mendota Terrace,39
52410,Iowa,Cedar Rapids,00577 Iowa Road,52
85067,Arizona,Phoenix,800 Rowland Park,96
39216,Mississippi,Jackson,819 Pierstorff Court,27
97221,Oregon,Portland,596 Hauk Plaza,76
75185,Texas,Mesquite,43 Miller Circle,43
29305,South Carolina,Spartanburg,9815 Buena Vista Court,57
32605,Florida,Gainesville,18240 Morningstar Drive,43
20167,Virginia,Sterling,54884 Forest Run Way,22
85072,Arizona,Phoenix,443 Namekagon Avenue,58
94132,California,San Francisco,120 Kropf Terrace,92
27605,North Carolina,Raleigh,9 Lillian Park,87
44705,Ohio,Canton,8915 Hermina Avenue,17
48919,Michigan,Lansing,7617 Parkside Crossing,28
13210,New York,Syracuse,74419 Lunder Way,63
30392,Georgia,Atlanta,9 Pawling Drive,98
89150,Nevada,Las Vegas,0117 Maryland Place,43
10292,New York,New York City,0 Spenser Avenue,55
60619,Illinois,Chicago,8 Nevada Terrace,91
98447,Washington,Tacoma,7663 Badeau Place,100
55446,Minnesota,Minneapolis,54 Red Cloud Lane,74
34629,Florida,Clearwater,22754 Maryland Circle,26
77281,Texas,Houston,66546 Oriole Road,18
93907,California,Salinas,68287 Raven Place,79
31106,Georgia,Atlanta,8 Darwin Road,13
87190,New Mexico,Albuquerque,08 Glacier Hill Pass,11
71307,Louisiana,Alexandria,51748 Mcguire Road,72
32825,Florida,Orlando,3377 Clemons Hill,77
95138,California,San Jose,1087 Corscot Lane,40
14652,New York,Rochester,3380 Grasskamp Avenue,56
33661,Florida,Tampa,7369 Ruskin Alley,26
02119,Massachusetts,Boston,81253 Park Meadow Lane,77
80915,Colorado,Colorado Springs,891 Everett Parkway,39
74108,Oklahoma,Tulsa,84630 Clarendon Way,70
32941,Florida,Melbourne,754 Eastlawn Road,84
60652,Illinois,Chicago,1 Longview Alley,30
64101,Missouri,Kansas City,148 Monterey Terrace,81
20067,District of Columbia,Washington,7 Erie Place,66
48919,Michigan,Lansing,4 Ridge Oak Court,61
99507,Alaska,Anchorage,607 Cordelia Point,78
60208,Illinois,Evanston,9574 Warbler Parkway,42
20575,District of Columbia,Washington,3606 Schmedeman Drive,54
75507,Texas,Texarkana,125 Nancy Crossing,45
80525,Colorado,Fort Collins,7077 Helena Parkway,20
74184,Oklahoma,Tulsa,96 Crescent Oaks Trail,60
32835,Florida,Orlando,4929 Jenna Park,23
45223,Ohio,Cincinnati,753 Homewood Place,88
92519,California,Riverside,8378 Warbler Place,41
78726,Texas,Austin,91985 Commercial Point,52
21282,Maryland,Baltimore,0971 Katie Drive,73
52804,Iowa,Davenport,5322 Claremont Pass,35
17605,Pennsylvania,Lancaster,81020 Linden Terrace,62
23471,Virginia,Virginia Beach,84 Atwood Center,60
06816,Connecticut,Danbury,0713 Crowley Court,89
94137,California,San Francisco,5559 Mosinee Junction,66
10270,New York,New York City,8225 Duke Place,40
99252,Washington,Spokane,72887 Mifflin Avenue,36
52405,Iowa,Cedar Rapids,062 Porter Court,51
56398,Minnesota,Saint Cloud,64446 Autumn Leaf Pass,65
22093,Virginia,Ashburn,8 Nevada Center,30
55436,Minnesota,Minneapolis,1 Manley Trail,43
79699,Texas,Abilene,78654 Rutledge Parkway,27
35290,Alabama,Birmingham,841 Lukken Lane,34
87180,New Mexico,Albuquerque,0 Grover Lane,16
19892,Delaware,Wilmington,0508 Corben Road,33
77844,Texas,College Station,758 Mifflin Junction,43
06905,Connecticut,Stamford,8 Spenser Point,82
55573,Minnesota,Young America,6586 Cordelia Alley,75
75392,Texas,Dallas,487 Burrows Park,56
79182,Texas,Amarillo,2 Fairfield Circle,49
97296,Oregon,Portland,13 Mitchell Court,66
14263,New York,Buffalo,1379 Sundown Terrace,42
14225,New York,Buffalo,859 Fuller Lane,40
98115,Washington,Seattle,10 Summer Ridge Pass,89
93381,California,Bakersfield,6578 Mandrake Park,38
63104,Missouri,Saint Louis,34258 Mifflin Trail,76
65110,Missouri,Jefferson City,167 Cascade Avenue,39
02472,Massachusetts,Watertown,7 Coleman Way,85
75037,Texas,Irving,7 Summerview Park,13
29615,South Carolina,Greenville,5930 Valley Edge Parkway,46
12227,New York,Albany,72675 Mifflin Hill,58
88546,Texas,El Paso,14019 Sachs Way,66
77713,Texas,Beaumont,27389 Johnson Terrace,63
90010,California,Los Angeles,89 Elmside Crossing,94
38168,Tennessee,Memphis,03544 Eastlawn Drive,20
89193,Nevada,Las Vegas,83183 Badeau Hill,11
10175,New York,New York City,792 Clarendon Pass,97
33018,Florida,Hialeah,38262 7th Avenue,66
33034,Florida,Homestead,419 Ridgeview Center,50
27717,North Carolina,Durham,7468 Susan Lane,21
22903,Virginia,Charlottesville,089 Acker Place,57
46254,Indiana,Indianapolis,04 Lien Circle,58
94627,California,Oakland,57 Carioca Trail,19
94291,California,Sacramento,0721 John Wall Road,61
71151,Louisiana,Shreveport,8 Forest Dale Parkway,82
92013,California,Carlsbad,71 Longview Alley,23
91210,California,Glendale,495 Clyde Gallagher Avenue,44
92812,California,Anaheim,875 Hallows Park,84
73147,Oklahoma,Oklahoma City,8 Fuller Parkway,78
11470,New York,Jamaica,1 Badeau Place,50
01129,Massachusetts,Springfield,62803 Montana Hill,62
10060,New York,New York City,43312 Lawn Road,84
33233,Florida,Miami,102 Katie Street,76
20057,District of Columbia,Washington,5 Merchant Circle,34
83206,Idaho,Pocatello,350 Mayfield Avenue,91
55448,Minnesota,Minneapolis,0 Artisan Place,78
11220,New York,Brooklyn,7 Green Park,25
10459,New York,Bronx,48772 Heffernan Drive,28
93786,California,Fresno,56347 Merry Circle,11
87115,New Mexico,Albuquerque,4 Nancy Point,41
55412,Minnesota,Minneapolis,9 Forster Hill,38
19886,Delaware,Wilmington,37699 Stephen Plaza,87
94177,California,San Francisco,345 Vidon Place,13
12325,New York,Schenectady,86 Gina Point,70
23324,Virginia,Chesapeake,3684 Colorado Circle,59
93778,California,Fresno,7160 Corben Point,85
89510,Nevada,Reno,598 Talisman Avenue,54
28284,North Carolina,Charlotte,9 Artisan Circle,79
06538,Connecticut,New Haven,49886 Vernon Terrace,13
66205,Kansas,Shawnee Mission,9961 Graedel Point,22
59623,Montana,Helena,4 Lillian Trail,37
75705,Texas,Tyler,16 Coolidge Drive,93
55103,Minnesota,Saint Paul,01 Scoville Plaza,40
20414,District of Columbia,Washington,96276 Namekagon Street,46
46896,Indiana,Fort Wayne,0544 Cordelia Alley,45
34135,Florida,Bonita Springs,22 Iowa Center,100
41905,Kentucky,Migrate,7 Butternut Avenue,82
83722,Idaho,Boise,46 Bashford Point,90
80310,Colorado,Boulder,112 Fremont Drive,90
34102,Florida,Naples,0510 Lakewood Parkway,97
22225,Virginia,Arlington,53 Sage Drive,87
16534,Pennsylvania,Erie,984 Bonner Avenue,99
45254,Ohio,Cincinnati,766 Browning Street,95
80228,Colorado,Denver,356 Kensington Place,76
92555,California,Moreno Valley,359 Upham Avenue,28
27605,North Carolina,Raleigh,82987 Lighthouse Bay Road,40
55446,Minnesota,Minneapolis,7 Paget Avenue,79
23612,Virginia,Newport News,69122 Jackson Crossing,91
11044,New York,New Hyde Park,9 Stang Pass,76
79491,Texas,Lubbock,731 Barnett Drive,90
73157,Oklahoma,Oklahoma City,2 Moland Terrace,14
47306,Indiana,Muncie,13 Montana Center,66
33915,Florida,Cape Coral,9382 Fuller Place,50
85732,Arizona,Tucson,771 Roth Trail,37
17622,Pennsylvania,Lancaster,5 Sauthoff Drive,15
53277,Wisconsin,Milwaukee,49043 Vahlen Junction,55
33673,Florida,Tampa,12332 Kim Parkway,69
68197,Nebraska,Omaha,6640 Waxwing Center,39
33336,Florida,Fort Lauderdale,1 Brickson Park Way,12
15220,Pennsylvania,Pittsburgh,822 Springs Terrace,11
06120,Connecticut,Hartford,16 Holy Cross Alley,11
13251,New York,Syracuse,6 Orin Lane,82
28215,North Carolina,Charlotte,237 Lawn Court,76
48092,Michigan,Warren,4305 West Alley,27
37914,Tennessee,Knoxville,7 Jackson Trail,14
52804,Iowa,Davenport,93 Old Gate Crossing,31
23471,Virginia,Virginia Beach,68480 Crest Line Park,70
32941,Florida,Melbourne,21049 Russell Court,67
93381,California,Bakersfield,83 Kenwood Drive,65
11054,New York,Port Washington,08 Del Sol Center,42
40210,Kentucky,Louisville,476 Warbler Road,32
43204,Ohio,Columbus,01321 Sommers Street,74
34642,Florida,Seminole,77 Barnett Road,73
89505,Nevada,Reno,3 Debra Pass,71
94110,California,San Francisco,198 Golf Course Road,56
80209,Colorado,Denver,8 Shelley Hill,13
16522,Pennsylvania,Erie,18 South Road,37
45203,Ohio,Cincinnati,38 Colorado Lane,49
85077,Arizona,Phoenix,4309 Sutteridge Trail,22
44485,Ohio,Warren,48900 Linden Point,24
33190,Florida,Miami,3357 Barnett Park,91
88530,Texas,El Paso,66918 Mockingbird Trail,36
06905,Connecticut,Stamford,43047 Dovetail Point,58
73152,Oklahoma,Oklahoma City,473 East Drive,98
06859,Connecticut,Norwalk,0 Main Way,94
40591,Kentucky,Lexington,6306 Manufacturers Trail,41
79984,Texas,El Paso,780 Clyde Gallagher Avenue,87
28256,North Carolina,Charlotte,02 Welch Junction,98
94207,California,Sacramento,641 Superior Terrace,35
19172,Pennsylvania,Philadelphia,7757 Longview Parkway,82
78245,Texas,San Antonio,29 Starling Terrace,81
61614,Illinois,Peoria,6 6th Lane,68
80270,Colorado,Denver,925 Cardinal Point,39
22903,Virginia,Charlottesville,023 Huxley Lane,18
92555,California,Moreno Valley,287 Almo Parkway,11
46620,Indiana,South Bend,217 Havey Pass,69
79934,Texas,El Paso,608 Petterle Way,45
35487,Alabama,Tuscaloosa,497 Straubel Point,19
52804,Iowa,Davenport,42204 School Trail,88
01654,Massachusetts,Worcester,651 Mayfield Alley,11
79159,Texas,Amarillo,68 Bluejay Hill,83
37131,Tennessee,Murfreesboro,0 Westridge Trail,52
40576,Kentucky,Lexington,64 Eliot Junction,44
28235,North Carolina,Charlotte,2819 Summit Center,57
64054,Missouri,Independence,91 Moose Hill,12
90060,California,Los Angeles,0 Rockefeller Crossing,80
10633,New York,White Plains,388 Westport Road,60
70820,Louisiana,Baton Rouge,6 Straubel Place,44
10454,New York,Bronx,105 Buell Place,64
85725,Arizona,Tucson,66499 Northfield Way,66
10115,New York,New York City,8 Debs Way,76
37240,Tennessee,Nashville,681 Forster Place,76
92153,California,San Diego,817 Hoard Trail,48
27690,North Carolina,Raleigh,58193 Amoth Pass,52
76105,Texas,Fort Worth,59699 Oriole Alley,99
96835,Hawaii,Honolulu,2936 Warner Alley,25
94064,California,Redwood City,77500 6th Court,11
44197,Ohio,Cleveland,2700 East Parkway,28
33731,Florida,Saint Petersburg,7 Pennsylvania Way,30
70810,Louisiana,Baton Rouge,3 Northridge Center,38
49518,Michigan,Grand Rapids,12 Eastwood Point,96
96835,Hawaii,Honolulu,08502 Brickson Park Terrace,31
76198,Texas,Fort Worth,291 Stoughton Road,35
76011,Texas,Arlington,7882 Morrow Center,100
79405,Texas,Lubbock,1135 Mosinee Park,28
64144,Missouri,Kansas City,0 Menomonie Road,73
33906,Florida,Fort Myers,5424 American Circle,30
94627,California,Oakland,8 Talmadge Lane,26
75507,Texas,Texarkana,1935 Valley Edge Plaza,68
94089,California,Sunnyvale,33 Shelley Court,17
89150,Nevada,Las Vegas,0 Harbort Road,96
20414,District of Columbia,Washington,779 Butterfield Crossing,59
43666,Ohio,Toledo,4503 Prairieview Crossing,66
11247,New York,Brooklyn,0978 Gateway Alley,39
37235,Tennessee,Nashville,9 Kim Lane,23
84605,Utah,Provo,3 Corry Court,91
79905,Texas,El Paso,062 Forest Dale Drive,57
93005,California,Ventura,640 Stang Street,63
85215,Arizona,Mesa,1 Red Cloud Court,59
45807,Ohio,Lima,43369 Ilene Plaza,59
14683,New York,Rochester,8012 Pond Court,73
45208,Ohio,Cincinnati,437 Evergreen Trail,65
92668,California,Orange,5 Schurz Plaza,66
84115,Utah,Salt Lake City,106 Chive Place,56
32590,Florida,Pensacola,48 Main Alley,37
07310,New Jersey,Jersey City,8722 Sheridan Circle,34
73190,Oklahoma,Oklahoma City,011 Grasskamp Park,75
20409,District of Columbia,Washington,55 Elgar Court,10
71105,Louisiana,Shreveport,334 Mallory Park,80
31217,Georgia,Macon,48841 North Avenue,29
60691,Illinois,Chicago,7770 Cherokee Crossing,42
33811,Florida,Lakeland,2639 High Crossing Court,18
06859,Connecticut,Norwalk,5 Springview Trail,78
48956,Michigan,Lansing,9678 Hayes Plaza,27
90081,California,Los Angeles,72572 Declaration Avenue,84
75379,Texas,Dallas,9490 Golden Leaf Plaza,26
34981,Florida,Fort Pierce,79607 Sunnyside Street,77
06825,Connecticut,Fairfield,8824 Norway Maple Place,68
23454,Virginia,Virginia Beach,9560 Pankratz Lane,69
17140,Pennsylvania,Harrisburg,6 3rd Center,23
37228,Tennessee,Nashville,40325 Ridgeway Road,12
50369,Iowa,Des Moines,60359 Killdeer Drive,21
78291,Texas,San Antonio,3 Westport Crossing,74
88563,Texas,El Paso,55936 Corscot Plaza,91
89012,Nevada,Henderson,0 Sachs Center,33
83705,Idaho,Boise,42153 Prentice Point,65
48555,Michigan,Flint,3180 Comanche Place,59
93106,California,Santa Barbara,3482 Division Court,24
84110,Utah,Salt Lake City,9 Haas Road,22
95054,California,Santa Clara,23432 Ramsey Alley,84
45208,Ohio,Cincinnati,7 Pierstorff Hill,39
80638,Colorado,Greeley,60079 Rutledge Junction,14
78759,Texas,Austin,11856 Pankratz Park,28
07505,New Jersey,Paterson,18 Rigney Way,31
93106,California,Santa Barbara,90 Mccormick Parkway,20
91186,California,Pasadena,1056 Linden Trail,64
99812,Alaska,Juneau,2286 Manley Drive,54
32118,Florida,Daytona Beach,529 Loeprich Trail,32
20046,District of Columbia,Washington,038 Thompson Park,99
23285,Virginia,Richmond,3 Clove Street,59
14604,New York,Rochester,9 Superior Place,73
57188,South Dakota,Sioux Falls,8649 Welch Place,93
90081,California,Los Angeles,28975 Bluestem Way,100
02453,Massachusetts,Waltham,798 Columbus Hill,14
28314,North Carolina,Fayetteville,687 Vera Avenue,100
91406,California,Van Nuys,30449 Mesta Point,94
25321,West Virginia,Charleston,63788 Cambridge Plaza,79
13505,New York,Utica,231 Northridge Circle,79
83727,Idaho,Boise,98662 Forest Junction,26
45296,Ohio,Cincinnati,89 Fisk Pass,81
43610,Ohio,Toledo,7 Eastlawn Plaza,11
58122,North Dakota,Fargo,7 Jenifer Avenue,47
73109,Oklahoma,Oklahoma City,5654 Michigan Hill,59
75260,Texas,Dallas,873 Claremont Center,67
60657,Illinois,Chicago,747 Blaine Court,10
83722,Idaho,Boise,223 Columbus Hill,68
10705,New York,Yonkers,93 Walton Park,73
73142,Oklahoma,Oklahoma City,408 Duke Pass,71
33913,Florida,Fort Myers,27171 Mifflin Road,50
32526,Florida,Pensacola,92 Commercial Avenue,23
40210,Kentucky,Louisville,45 Myrtle Crossing,90
32520,Florida,Pensacola,9468 Weeping Birch Place,71
06510,Connecticut,New Haven,762 Forster Way,58
18105,Pennsylvania,Allentown,5 Tennyson Road,74
45432,Ohio,Dayton,3 Dorton Terrace,58
44485,Ohio,Warren,0 Hagan Trail,28
35263,Alabama,Birmingham,198 Vahlen Drive,42
10160,New York,New York City,490 Petterle Court,80
16534,Pennsylvania,Erie,47 Prairieview Alley,94
77218,Texas,Houston,579 Sachtjen Hill,21
92705,California,Santa Ana,653 Browning Way,68
55188,Minnesota,Saint Paul,5417 Merry Center,43
20167,Virginia,Sterling,1551 Saint Paul Trail,66
20062,District of Columbia,Washington,71 Clemons Junction,21
36605,Alabama,Mobile,711 Rieder Parkway,29
23454,Virginia,Virginia Beach,869 Corben Circle,67
30368,Georgia,Atlanta,42462 Warrior Crossing,79
40586,Kentucky,Lexington,9 Old Shore Lane,36
79105,Texas,Amarillo,9467 Burning Wood Avenue,90
10275,New York,New York City,8 Maple Wood Terrace,97
68110,Nebraska,Omaha,205 Hermina Alley,41
96850,Hawaii,Honolulu,27787 Northland Trail,66
34605,Florida,Brooksville,88 Sachtjen Plaza,43
23203,Virginia,Richmond,823 1st Drive,40
80310,Colorado,Boulder,99 Towne Pass,82
14646,New York,Rochester,2185 Rockefeller Trail,63
88569,Texas,El Paso,86475 Dixon Avenue,38
33906,Florida,Fort Myers,4 Fairfield Street,100
27404,North Carolina,Greensboro,85 Sachs Plaza,38
44310,Ohio,Akron,612 Dwight Road,48
92013,California,Carlsbad,3077 Kim Parkway,63
10292,New York,New York City,9 International Trail,95
31190,Georgia,Atlanta,3945 Scofield Alley,86
88553,Texas,El Paso,3 Dayton Trail,100
65105,Missouri,Jefferson City,22 Butternut Place,42
61640,Illinois,Peoria,6940 Quincy Circle,56
28210,North Carolina,Charlotte,74447 Hudson Point,42
92115,California,San Diego,6135 Kennedy Street,73
46266,Indiana,Indianapolis,1090 Cottonwood Pass,77
94257,California,Sacramento,1647 Ryan Point,60
95128,California,San Jose,2387 Boyd Junction,83
33142,Florida,Miami,88 Packers Point,50
06538,Connecticut,New Haven,367 Burning Wood Way,10
50981,Iowa,Des Moines,94 Chinook Lane,48
47405,Indiana,Bloomington,245 Fallview Street,90
06721,Connecticut,Waterbury,23614 Waubesa Terrace,94
80328,Colorado,Boulder,3 Macpherson Center,68
80262,Colorado,Denver,4 Muir Drive,45
17140,Pennsylvania,Harrisburg,6775 Clarendon Alley,89
62525,Illinois,Decatur,314 Sachs Plaza,46
30343,Georgia,Atlanta,16 Old Shore Alley,41
76310,Texas,Wichita Falls,3725 Hovde Pass,63
20599,District of Columbia,Washington,63 Prairie Rose Way,64
84140,Utah,Salt Lake City,1 2nd Avenue,65
20189,Virginia,Dulles,3123 Harper Center,58
22908,Virginia,Charlottesville,1320 Sauthoff Street,80
62776,Illinois,Springfield,08 7th Drive,42
92867,California,Orange,51638 Glacier Hill Circle,66
32854,Florida,Orlando,122 Lighthouse Bay Road,26
16505,Pennsylvania,Erie,7 Scott Place,73
89150,Nevada,Las Vegas,03 Shelley Place,75
50362,Iowa,Des Moines,7356 Meadow Valley Trail,67
23213,Virginia,Richmond,27742 Delladonna Circle,99
55565,Minnesota,Monticello,8324 Erie Court,46
75049,Texas,Garland,0 Reindahl Crossing,77
43699,Ohio,Toledo,43 Eagan Alley,46
77201,Texas,Houston,45477 Knutson Circle,18
95210,California,Stockton,97 Fordem Trail,68
20719,Maryland,Bowie,82 Oak Junction,72
62205,Illinois,East Saint Louis,4 Artisan Park,92
91606,California,North Hollywood,2155 Mandrake Alley,73
20503,District of Columbia,Washington,44804 Buell Junction,95
19897,Delaware,Wilmington,4 Northfield Park,94
55573,Minnesota,Young America,6213 Namekagon Pass,18
66205,Kansas,Shawnee Mission,79857 Shelley Terrace,38
13224,New York,Syracuse,30 Dovetail Crossing,40
49505,Michigan,Grand Rapids,4 Scofield Street,76
23504,Virginia,Norfolk,72728 Buena Vista Circle,80
44177,Ohio,Cleveland,9531 Green Alley,56
02745,Massachusetts,New Bedford,96 Pierstorff Way,55
24014,Virginia,Roanoke,0695 Roth Lane,91
65211,Missouri,Columbia,545 Calypso Parkway,84
46221,Indiana,Indianapolis,406 Oxford Lane,30
84115,Utah,Salt Lake City,5 Kropf Trail,58
55407,Minnesota,Minneapolis,890 Mcbride Parkway,78
94286,California,Sacramento,3423 Shasta Parkway,57
64153,Missouri,Kansas City,40093 Prentice Lane,82
72209,Arkansas,Little Rock,7662 Atwood Drive,56
33416,Florida,West Palm Beach,70385 Shopko Court,97
22234,Virginia,Arlington,6 Canary Trail,45
45419,Ohio,Dayton,6931 Dunning Park,96
64504,Missouri,Saint Joseph,740 Mandrake Lane,27
50347,Iowa,Des Moines,46 Aberg Avenue,84
20022,District of Columbia,Washington,5 Drewry Hill,60
31422,Georgia,Savannah,540 Corscot Terrace,42
83716,Idaho,Boise,49985 Rieder Road,89
85271,Arizona,Scottsdale,87 Dennis Street,55
79710,Texas,Midland,1327 Clemons Court,24
46015,Indiana,Anderson,39312 Doe Crossing Circle,99
31416,Georgia,Savannah,489 Sutteridge Junction,76
32520,Florida,Pensacola,8397 Cottonwood Crossing,55
79769,Texas,Odessa,4483 Raven Trail,11
07188,New Jersey,Newark,00437 Jana Park,31
21275,Maryland,Baltimore,65 Dovetail Point,17
64190,Missouri,Kansas City,79 Homewood Alley,36
97255,Oregon,Portland,75 Dottie Crossing,100
96805,Hawaii,Honolulu,34783 Bonner Pass,40
29240,South Carolina,Columbia,1 Dapin Lane,17
08695,New Jersey,Trenton,19663 Spenser Place,45
23220,Virginia,Richmond,3 Messerschmidt Road,75
10557,New York,Mount Vernon,5 Autumn Leaf Trail,66
35905,Alabama,Gadsden,9510 West Point,63
94302,California,Palo Alto,81 Evergreen Terrace,46
48295,Michigan,Detroit,396 Sheridan Court,86
76096,Texas,Arlington,77 Mendota Plaza,74
01654,Massachusetts,Worcester,27 Beilfuss Court,96
97240,Oregon,Portland,223 Hayes Center,71
30905,Georgia,Augusta,0846 Coleman Road,89
96154,California,South Lake Tahoe,2886 Cottonwood Lane,15
74141,Oklahoma,Tulsa,66950 Porter Place,87
55564,Minnesota,Young America,68 Pine View Park,83
32909,Florida,Palm Bay,2220 East Lane,64
20580,District of Columbia,Washington,85 Old Gate Plaza,64
40266,Kentucky,Louisville,171 Kedzie Hill,36
20591,District of Columbia,Washington,6 Nancy Crossing,31
93305,California,Bakersfield,29310 Grayhawk Junction,84
80235,Colorado,Denver,189 Chinook Place,51
94975,California,Petaluma,0922 Mallory Junction,60
34665,Florida,Pinellas Park,90674 Stone Corner Road,74
32259,Florida,Jacksonville,4991 Vera Lane,26
77266,Texas,Houston,9089 Springs Hill,16
44485,Ohio,Warren,8689 Park Meadow Street,41
76134,Texas,Fort Worth,3413 Kinsman Junction,93
10039,New York,New York City,909 Carpenter Plaza,40
87105,New Mexico,Albuquerque,59192 Reindahl Court,74
31217,Georgia,Macon,6831 Brentwood Plaza,92
21282,Maryland,Baltimore,86635 Fisk Point,16
07208,New Jersey,Elizabeth,29 Dovetail Circle,29
98109,Washington,Seattle,5 Steensland Center,80
28235,North Carolina,Charlotte,40759 Oakridge Junction,26
46814,Indiana,Fort Wayne,1905 Troy Hill,18
12232,New York,Albany,084 Monica Lane,21
63110,Missouri,Saint Louis,4 Superior Street,12
85010,Arizona,Phoenix,70817 Montana Avenue,22
89436,Nevada,Sparks,88 Hoffman Pass,24
50706,Iowa,Waterloo,90703 Iowa Avenue,26
07208,New Jersey,Elizabeth,8 Mendota Pass,42
21265,Maryland,Baltimore,97 Quincy Crossing,84
85737,Arizona,Tucson,2529 Cherokee Lane,56
44321,Ohio,Akron,268 Randy Trail,88
74133,Oklahoma,Tulsa,718 Jenifer Road,36
60078,Illinois,Palatine,76 Prairieview Court,26
93034,California,Oxnard,1243 Eastwood Hill,71
30195,Georgia,Duluth,86938 Forest Run Alley,71
30245,Georgia,Lawrenceville,90897 Anderson Road,89
93762,California,Fresno,8675 High Crossing Trail,25
54915,Wisconsin,Appleton,8404 Hovde Lane,71
15240,Pennsylvania,Pittsburgh,11 Monterey Junction,85
20910,Maryland,Silver Spring,575 Clarendon Road,95
19115,Pennsylvania,Philadelphia,6957 Northport Street,27
31904,Georgia,Columbus,1345 Longview Parkway,11
80305,Colorado,Boulder,72029 Coleman Junction,20
85072,Arizona,Phoenix,6 Twin Pines Lane,61
70149,Louisiana,New Orleans,183 Maywood Parkway,41
21239,Maryland,Baltimore,40 Gulseth Way,20
77288,Texas,Houston,86203 Hudson Parkway,18
46221,Indiana,Indianapolis,884 Hanover Road,87
92662,California,Newport Beach,527 Artisan Junction,62
77065,Texas,Houston,2 Saint Paul Plaza,23
66622,Kansas,Topeka,8128 Judy Park,23
23203,Virginia,Richmond,4 Springview Drive,37
71130,Louisiana,Shreveport,3 Hanson Drive,32
66622,Kansas,Topeka,1850 Sage Road,11
35895,Alabama,Huntsville,3125 West Place,16
99220,Washington,Spokane,306 Stephen Court,81
76205,Texas,Denton,2 Almo Center,36
78749,Texas,Austin,80004 Starling Court,94
80305,Colorado,Boulder,66683 Ridgeway Way,11
21405,Maryland,Annapolis,0 Harper Avenue,61
40591,Kentucky,Lexington,3 Pepper Wood Park,42
92844,California,Garden Grove,0161 Atwood Street,98
48211,Michigan,Detroit,0 Bartelt Trail,43
06183,Connecticut,Hartford,8 Dwight Junction,39
06538,Connecticut,New Haven,020 Pepper Wood Lane,56
95160,California,San Jose,015 Sloan Terrace,95
78250,Texas,San Antonio,56 Lerdahl Plaza,87
94230,California,Sacramento,87 Myrtle Terrace,21
33961,Florida,Naples,62520 Talmadge Lane,34
07188,New Jersey,Newark,9134 Lyons Way,87
15261,Pennsylvania,Pittsburgh,62 Bultman Crossing,40
33543,Florida,Zephyrhills,424 Hayes Lane,82
92648,California,Huntington Beach,340 Crownhardt Street,40
93750,California,Fresno,92 Melby Circle,31
78296,Texas,San Antonio,01895 Blue Bill Park Circle,68
53716,Wisconsin,Madison,6 Westend Road,31
36605,Alabama,Mobile,7302 Summerview Drive,13
44310,Ohio,Akron,4 Trailsway Terrace,14
66225,Kansas,Shawnee Mission,0160 Old Shore Alley,68
94237,California,Sacramento,1138 Sugar Drive,36
12247,New York,Albany,2 Farwell Court,44
23285,Virginia,Richmond,42 Melvin Park,34
20397,District of Columbia,Washington,93958 Lakeland Avenue,66
95155,California,San Jose,6 Moulton Parkway,50
45454,Ohio,Dayton,5 Sherman Street,63
10079,New York,New York City,096 International Alley,31
33462,Florida,Lake Worth,40 Sachtjen Alley,79
16107,Pennsylvania,New Castle,84 Birchwood Trail,76
66629,Kansas,Topeka,0 Hoard Junction,11
11220,New York,Brooklyn,53260 Red Cloud Hill,83
40225,Kentucky,Louisville,856 Arkansas Hill,31
48919,Michigan,Lansing,18262 Johnson Alley,65
60669,Illinois,Chicago,89178 Blackbird Crossing,67
96850,Hawaii,Honolulu,6 Main Avenue,96
10170,New York,New York City,558 Maywood Terrace,20
75216,Texas,Dallas,94173 Oriole Avenue,62
85743,Arizona,Tucson,41 Superior Hill,53
19191,Pennsylvania,Philadelphia,99230 Monica Court,78
11215,New York,Brooklyn,63 Armistice Road,89
20299,District of Columbia,Washington,833 Scoville Parkway,21
66622,Kansas,Topeka,77181 Maple Drive,67
39404,Mississippi,Hattiesburg,94 Scoville Circle,41
89036,Nevada,North Las Vegas,63913 Farragut Crossing,100
66220,Kansas,Shawnee Mission,27 Carey Park,40
89510,Nevada,Reno,917 Morning Court,40
20099,District of Columbia,Washington,5 Pearson Alley,29
31605,Georgia,Valdosta,5548 Hollow Ridge Parkway,49
61709,Illinois,Bloomington,177 Anthes Place,44
75062,Texas,Irving,9091 Mifflin Way,10
80127,Colorado,Littleton,31 Arrowood Park,16
32868,Florida,Orlando,34067 Roth Junction,27
55573,Minnesota,Young America,969 Valley Edge Parkway,82
85705,Arizona,Tucson,472 Rigney Way,26
55458,Minnesota,Minneapolis,0099 Talisman Way,40
90094,California,Los Angeles,721 Katie Drive,92
46825,Indiana,Fort Wayne,2693 Tennyson Park,79
93291,California,Visalia,1 Monument Alley,61
60663,Illinois,Chicago,778 Eastlawn Hill,60
19146,Pennsylvania,Philadelphia,68 Corben Junction,39
90025,California,Los Angeles,29234 Farmco Plaza,40
75049,Texas,Garland,3121 Grasskamp Junction,81
77020,Texas,Houston,49 Vahlen Alley,63
94257,California,Sacramento,5 Waywood Drive,31
92812,California,Anaheim,586 Cascade Avenue,31
78296,Texas,San Antonio,141 Melody Junction,32
97201,Oregon,Portland,4299 Superior Parkway,97
68197,Nebraska,Omaha,753 Kipling Terrace,68
44321,Ohio,Akron,55593 Katie Junction,37
55428,Minnesota,Minneapolis,5590 Thackeray Lane,86
46825,Indiana,Fort Wayne,11 Continental Junction,72
95138,California,San Jose,752 Sunbrook Park,74
90510,California,Torrance,1 Basil Place,55
72231,Arkansas,Little Rock,979 Melrose Center,98
10170,New York,New York City,51 Waywood Drive,47
73104,Oklahoma,Oklahoma City,5041 Washington Court,61
64114,Missouri,Kansas City,15385 Crownhardt Alley,73
31210,Georgia,Macon,37248 Chive Court,95
44118,Ohio,Cleveland,4340 Fair Oaks Park,69
48232,Michigan,Detroit,2 Springs Drive,34
46221,Indiana,Indianapolis,1 Prairie Rose Trail,36
94273,California,Sacramento,2049 Evergreen Crossing,11
77085,Texas,Houston,661 Golden Leaf Street,56
78240,Texas,San Antonio,85109 Pepper Wood Center,52
20546,District of Columbia,Washington,4667 Nelson Terrace,51
34479,Florida,Ocala,2373 Toban Trail,42
07188,New Jersey,Newark,92 Reinke Park,21
78744,Texas,Austin,37 Oak Valley Lane,65
50305,Iowa,Des Moines,373 Mcbride Way,73
14276,New York,Buffalo,6 Eagle Crest Alley,42
98127,Washington,Seattle,891 Shopko Point,91
20078,District of Columbia,Washington,99 Hooker Drive,81
01654,Massachusetts,Worcester,792 Marcy Point,38
53790,Wisconsin,Madison,114 Reinke Plaza,41
48901,Michigan,Lansing,1 Knutson Drive,46
92645,California,Garden Grove,5145 Ohio Place,63
33694,Florida,Tampa,50627 Anzinger Crossing,39
99790,Alaska,Fairbanks,432 Arapahoe Hill,32
43215,Ohio,Columbus,560 Welch Road,34
27717,North Carolina,Durham,8 Heffernan Alley,11
12262,New York,Albany,58 Oneill Place,98
55572,Minnesota,Maple Plain,9 School Alley,38
24009,Virginia,Roanoke,1 Old Gate Way,10
07305,New Jersey,Jersey City,7 Elgar Road,57
11241,New York,Brooklyn,8289 Pepper Wood Road,95
34114,Florida,Naples,646 Monterey Avenue,10
30306,Georgia,Atlanta,66 Maryland Center,76
50320,Iowa,Des Moines,309 Bluestem Park,21
28220,North Carolina,Charlotte,210 East Terrace,53
13205,New York,Syracuse,35037 Katie Point,86
43215,Ohio,Columbus,965 Victoria Court,38
78044,Texas,Laredo,360 Stone Corner Plaza,10
70142,Louisiana,New Orleans,66 Village Green Lane,65
73157,Oklahoma,Oklahoma City,56922 Oakridge Lane,94
92645,California,Garden Grove,39866 Cordelia Plaza,79
16550,Pennsylvania,Erie,00 Melrose Parkway,60
33124,Florida,Miami,609 Dahle Point,63
23509,Virginia,Norfolk,5 Londonderry Trail,73
64190,Missouri,Kansas City,19670 Becker Hill,86
46247,Indiana,Indianapolis,3657 Ramsey Point,87
32964,Florida,Vero Beach,7 Erie Lane,78
40215,Kentucky,Louisville,2046 Brentwood Trail,56
88514,Texas,El Paso,06450 Daystar Center,34
33982,Florida,Punta Gorda,51608 Hauk Plaza,90
06726,Connecticut,Waterbury,774 Fieldstone Terrace,10
77020,Texas,Houston,20078 Mendota Junction,92
60697,Illinois,Chicago,63658 Doe Crossing Hill,40
92105,California,San Diego,65307 Amoth Drive,88
32520,Florida,Pensacola,66 Carpenter Way,75
95828,California,Sacramento,25 7th Drive,45
94105,California,San Francisco,35887 Mandrake Crossing,27
45403,Ohio,Dayton,12554 Clove Junction,47
35285,Alabama,Birmingham,29 Banding Trail,60
19714,Delaware,Newark,0646 Lakewood Gardens Crossing,38
77343,Texas,Huntsville,2337 Stang Parkway,66
50981,Iowa,Des Moines,66959 Tennessee Trail,65
22301,Virginia,Alexandria,9729 Alpine Parkway,12
46278,Indiana,Indianapolis,526 Sycamore Parkway,34
83405,Idaho,Idaho Falls,811 Grasskamp Way,14
39216,Mississippi,Jackson,95 Loftsgordon Parkway,80
30245,Georgia,Lawrenceville,795 Meadow Vale Avenue,32
32259,Florida,Jacksonville,84 Lakewood Crossing,16
35215,Alabama,Birmingham,79 Mallard Street,72
47937,Indiana,Crawfordsville,8759 8th Trail,89
91131,California,Pasadena,6349 Buhler Street,74
72118,Arkansas,North Little Rock,33613 Messerschmidt Center,81
77276,Texas,Houston,84 Anniversary Parkway,57
77255,Texas,Houston,3028 Corben Center,81
62525,Illinois,Decatur,4 Roth Lane,11
45243,Ohio,Cincinnati,5054 Boyd Junction,20
33405,Florida,West Palm Beach,7101 Lunder Court,69
99522,Alaska,Anchorage,77 Summit Plaza,81
37131,Tennessee,Murfreesboro,9 Messerschmidt Drive,15
20851,Maryland,Rockville,7937 Dawn Road,96
33034,Florida,Homestead,875 Delladonna Trail,49
16510,Pennsylvania,Erie,2 Colorado Circle,45
28405,North Carolina,Wilmington,77 Hoepker Crossing,13
30301,Georgia,Atlanta,74 5th Center,45
74108,Oklahoma,Tulsa,36 Heffernan Way,89
75372,Texas,Dallas,0556 Bayside Plaza,37
33355,Florida,Fort Lauderdale,971 Granby Center,69
95118,California,San Jose,416 Vermont Drive,52
97211,Oregon,Portland,167 Carberry Parkway,58
18514,Pennsylvania,Scranton,63 Johnson Way,47
30323,Georgia,Atlanta,3553 Arkansas Junction,40
30343,Georgia,Atlanta,856 Coolidge Terrace,21
15230,Pennsylvania,Pittsburgh,93 Golf Course Point,37
27415,North Carolina,Greensboro,922 Steensland Center,27
95838,California,Sacramento,94688 Heffernan Way,52
73124,Oklahoma,Oklahoma City,4418 Main Junction,99
68197,Nebraska,Omaha,516 Bay Hill,37
32230,Florida,Jacksonville,291 Commercial Plaza,49
19897,Delaware,Wilmington,3458 Sundown Way,41
78732,Texas,Austin,9832 Hansons Point,15
07310,New Jersey,Jersey City,93387 Carey Lane,69
66642,Kansas,Topeka,533 Sheridan Lane,16
78240,Texas,San Antonio,4 Namekagon Court,70
92725,California,Santa Ana,79 Paget Junction,34
19178,Pennsylvania,Philadelphia,0549 1st Junction,79
91505,California,Burbank,1993 Grayhawk Hill,34
19115,Pennsylvania,Philadelphia,92679 8th Road,80
24004,Virginia,Roanoke,440 Brentwood Road,90
70174,Louisiana,New Orleans,1044 Steensland Alley,93
78426,Texas,Corpus Christi,180 Fairview Point,51
53790,Wisconsin,Madison,20652 Mayfield Circle,68
63121,Missouri,Saint Louis,807 Katie Parkway,79
17605,Pennsylvania,Lancaster,5265 Elgar Street,67
76178,Texas,Fort Worth,5 Old Gate Center,54
39210,Mississippi,Jackson,3310 Hooker Alley,76
90055,California,Los Angeles,3744 Lyons Terrace,35
19196,Pennsylvania,Philadelphia,29991 Glacier Hill Trail,98
32412,Florida,Panama City,357 North Point,21
01654,Massachusetts,Worcester,39 Ilene Alley,27
64504,Missouri,Saint Joseph,63 Old Gate Point,72
96820,Hawaii,Honolulu,3873 Mosinee Avenue,57
34233,Florida,Sarasota,79 Crownhardt Junction,51
17121,Pennsylvania,Harrisburg,12161 5th Alley,55
18763,Pennsylvania,Wilkes Barre,120 Orin Way,66
64153,Missouri,Kansas City,10514 Claremont Alley,74
70142,Louisiana,New Orleans,1 Bowman Parkway,46
45271,Ohio,Cincinnati,7 Amoth Court,47
20268,District of Columbia,Washington,679 Banding Street,14
80150,Colorado,Englewood,84 Bluejay Pass,18
79934,Texas,El Paso,0 Lukken Plaza,72
48107,Michigan,Ann Arbor,091 Loeprich Place,20
48555,Michigan,Flint,72 Sunfield Parkway,52
33164,Florida,Miami,3 Mcguire Parkway,45
47712,Indiana,Evansville,9969 Amoth Avenue,11
28284,North Carolina,Charlotte,1049 Continental Drive,64
53277,Wisconsin,Milwaukee,53317 Coolidge Junction,65
62711,Illinois,Springfield,13 Fisk Drive,76
92153,California,San Diego,88992 Spohn Terrace,74
80255,Colorado,Denver,547 Loeprich Center,98
78769,Texas,Austin,14 Packers Parkway,19
55402,Minnesota,Minneapolis,94 Graedel Point,25
98206,Washington,Everett,0 Johnson Lane,60
43284,Ohio,Columbus,46338 Dennis Street,40
73190,Oklahoma,Oklahoma City,493 Gina Hill,72
90010,California,Los Angeles,29 Scoville Pass,97
91117,California,Pasadena,147 Steensland Drive,10
95833,California,Sacramento,2950 Fordem Junction,18
50393,Iowa,Des Moines,41 Nelson Place,41
28305,North Carolina,Fayetteville,69 Ilene Pass,37
37131,Tennessee,Murfreesboro,98 Miller Parkway,19
88574,Texas,El Paso,6 Merry Trail,98
77090,Texas,Houston,908 Carioca Drive,15
64504,Missouri,Saint Joseph,7 Northland Junction,24
27110,North Carolina,Winston Salem,954 Graedel Crossing,18
15279,Pennsylvania,Pittsburgh,3242 Emmet Point,40
60646,Illinois,Chicago,6391 Utah Trail,47
92176,California,San Diego,63555 North Court,93
50347,Iowa,Des Moines,2 Stoughton Street,33
40618,Kentucky,Frankfort,2979 Thackeray Trail,43
15266,Pennsylvania,Pittsburgh,23478 Monument Street,24
63104,Missouri,Saint Louis,6837 Northwestern Place,41
53726,Wisconsin,Madison,0592 Dovetail Hill,15
34949,Florida,Fort Pierce,72360 Old Shore Way,93
33633,Florida,Tampa,789 High Crossing Avenue,20
50362,Iowa,Des Moines,12 Dovetail Hill,51
15205,Pennsylvania,Pittsburgh,0638 Duke Parkway,62
92648,California,Huntington Beach,94451 Annamark Plaza,59
15225,Pennsylvania,Pittsburgh,26 Dapin Hill,78
53726,Wisconsin,Madison,006 Ridgeview Alley,31
23612,Virginia,Newport News,21 Messerschmidt Center,21
84105,Utah,Salt Lake City,23064 Westport Hill,72
30919,Georgia,Augusta,642 Killdeer Center,21
78783,Texas,Austin,76132 Kenwood Center,78
27105,North Carolina,Winston Salem,243 Buell Crossing,87
79905,Texas,El Paso,0 Melvin Circle,76
11388,New York,Flushing,6 Southridge Place,81
33245,Florida,Miami,40452 Logan Terrace,23
85219,Arizona,Apache Junction,9 Haas Park,81
60686,Illinois,Chicago,534 Anniversary Hill,76
15261,Pennsylvania,Pittsburgh,7 Manley Center,93
55480,Minnesota,Minneapolis,48067 Nancy Junction,72
92612,California,Irvine,908 Lotheville Trail,63
33305,Florida,Fort Lauderdale,069 Sauthoff Crossing,72
66617,Kansas,Topeka,9 Lakeland Street,95
33064,Florida,Pompano Beach,81 Tennyson Street,65
48604,Michigan,Saginaw,5 Sunnyside Alley,70
20073,District of Columbia,Washington,8902 Shelley Terrace,72
22111,Virginia,Manassas,456 Daystar Center,70
06905,Connecticut,Stamford,04 Melby Street,91
66105,Kansas,Kansas City,374 Sutteridge Court,12
20436,District of Columbia,Washington,07649 Clemons Court,33
78778,Texas,Austin,7 Lakeland Drive,74
55407,Minnesota,Minneapolis,48768 Tomscot Park,96
33158,Florida,Miami,23 Bluestem Park,47
32118,Florida,Daytona Beach,71350 Sachtjen Point,96
01813,Massachusetts,Woburn,719 South Park,36
60697,Illinois,Chicago,61 Prairieview Crossing,26
43210,Ohio,Columbus,62683 Westport Hill,57
53234,Wisconsin,Milwaukee,25577 Lien Circle,51
02298,Massachusetts,Boston,40 Arkansas Crossing,37
20380,District of Columbia,Washington,5 Portage Point,81
71161,Louisiana,Shreveport,66 Nancy Road,94
64142,Missouri,Kansas City,65720 Ohio Trail,59
14210,New York,Buffalo,11001 Truax Circle,100
85062,Arizona,Phoenix,917 Jay Trail,85
33605,Florida,Tampa,8 Ronald Regan Park,93
55470,Minnesota,Minneapolis,12827 Dahle Terrace,90
24515,Virginia,Lynchburg,61 Spenser Center,81
45233,Ohio,Cincinnati,0677 Rockefeller Terrace,41
90510,California,Torrance,1 Anhalt Point,60
75287,Texas,Dallas,0 Ridgeway Plaza,34
48076,Michigan,Southfield,7008 Lyons Street,27
20425,District of Columbia,Washington,839 Melrose Plaza,82
31405,Georgia,Savannah,39756 Gale Plaza,14
40586,Kentucky,Lexington,0669 High Crossing Junction,82
78732,Texas,Austin,522 Waxwing Parkway,59
73142,Oklahoma,Oklahoma City,8786 Kennedy Terrace,96
81005,Colorado,Pueblo,3595 Mandrake Plaza,22
80935,Colorado,Colorado Springs,935 Annamark Hill,53
33777,Florida,Largo,71 Leroy Plaza,98
92662,California,Newport Beach,1 Fremont Park,17
20719,Maryland,Bowie,363 Daystar Point,13
95160,California,San Jose,87007 Russell Trail,81
43605,Ohio,Toledo,9 Mockingbird Hill,22
23668,Virginia,Hampton,73503 Dorton Lane,71
22111,Virginia,Manassas,56 Bowman Parkway,24
38143,Tennessee,Memphis,04856 Northwestern Hill,83
27499,North Carolina,Greensboro,017 Bartelt Trail,39
89505,Nevada,Reno,58 John Wall Point,14
31196,Georgia,Atlanta,0 Monica Place,73
95210,California,Stockton,0924 Summerview Place,45
47705,Indiana,Evansville,58711 Ryan Center,51
96825,Hawaii,Honolulu,48 Lawn Alley,18
85705,Arizona,Tucson,12594 Towne Plaza,18
90510,California,Torrance,58 Dryden Place,42
92110,California,San Diego,037 Russell Hill,34
63131,Missouri,Saint Louis,885 Upham Circle,13
90605,California,Whittier,964 Eliot Way,99
77080,Texas,Houston,41 Commercial Center,69
33811,Florida,Lakeland,16 Becker Center,66
40591,Kentucky,Lexington,028 Hauk Point,29
48211,Michigan,Detroit,16105 Fremont Trail,97
45233,Ohio,Cincinnati,61 Elgar Court,67
90398,California,Inglewood,80023 Forest Dale Way,90
90410,California,Santa Monica,73 Stang Junction,28
64179,Missouri,Kansas City,46733 Anthes Road,87
08922,New Jersey,New Brunswick,670 Waubesa Circle,71
11355,New York,Flushing,076 School Street,44
89510,Nevada,Reno,3422 Del Mar Street,27
33487,Florida,Boca Raton,34 Coolidge Drive,46
94245,California,Sacramento,2 Gerald Pass,48
90035,California,Los Angeles,62 Lakewood Gardens Drive,76
74133,Oklahoma,Tulsa,2 Bashford Center,95
76129,Texas,Fort Worth,44335 Oxford Trail,68
19093,Pennsylvania,Philadelphia,33 Luster Circle,87
23260,Virginia,Richmond,73419 Acker Trail,54
40250,Kentucky,Louisville,535 Cambridge Court,74
66276,Kansas,Shawnee Mission,61 Dryden Center,12
10310,New York,Staten Island,77 Melvin Junction,56
07104,New Jersey,Newark,73 Judy Center,28
95405,California,Santa Rosa,11109 Blaine Place,74
77234,Texas,Houston,67 Dottie Center,52
98133,Washington,Seattle,30 Monica Place,23
60663,Illinois,Chicago,2244 Stuart Hill,29
10105,New York,New York City,11 Sycamore Park,72
96810,Hawaii,Honolulu,9 Comanche Parkway,42
11236,New York,Brooklyn,75866 Iowa Lane,32
33610,Florida,Tampa,16 Packers Park,59
85754,Arizona,Tucson,3 Forest Run Terrace,44
55423,Minnesota,Minneapolis,3 Mitchell Hill,35
33153,Florida,Miami,5695 2nd Pass,36
55446,Minnesota,Minneapolis,91 Esker Hill,91
02163,Massachusetts,Boston,8 Southridge Place,66
60697,Illinois,Chicago,5488 Drewry Plaza,94
17140,Pennsylvania,Harrisburg,3 Eagle Crest Trail,85
77281,Texas,Houston,10 Mifflin Parkway,89
11210,New York,Brooklyn,68504 Dixon Plaza,15
61656,Illinois,Peoria,892 Rusk Street,26
28405,North Carolina,Wilmington,0 Arkansas Place,41
33064,Florida,Pompano Beach,87 Summer Ridge Place,22
98121,Washington,Seattle,85596 School Alley,60
80291,Colorado,Denver,7777 Towne Junction,76
43666,Ohio,Toledo,21 Schmedeman Avenue,83
46614,Indiana,South Bend,9278 Division Court,70
79415,Texas,Lubbock,5307 Badeau Place,89
32225,Florida,Jacksonville,350 Roth Avenue,51
00214,New Hampshire,Portsmouth,37156 Oak Pass,43
30368,Georgia,Atlanta,07 Fordem Park,34
20546,District of Columbia,Washington,0277 Kedzie Circle,22
45419,Ohio,Dayton,9 Bultman Circle,50
49018,Michigan,Battle Creek,636 Aberg Crossing,86
77010,Texas,Houston,74837 Cordelia Crossing,52
88589,Texas,El Paso,291 Loomis Point,18
22036,Virginia,Fairfax,119 Reinke Drive,76
89505,Nevada,Reno,877 Debs Plaza,12
01610,Massachusetts,Worcester,3 Hagan Way,95
92176,California,San Diego,2885 Fuller Center,42
32277,Florida,Jacksonville,06 Village Green Terrace,69
38119,Tennessee,Memphis,6 Del Mar Plaza,84
61640,Illinois,Peoria,42 Jackson Way,57
32909,Florida,Palm Bay,544 Barnett Center,92
23471,Virginia,Virginia Beach,61448 Coolidge Place,29
40287,Kentucky,Louisville,11 Alpine Alley,52
97255,Oregon,Portland,1664 Sutherland Way,90
27404,North Carolina,Greensboro,12060 Crescent Oaks Pass,74
03105,New Hampshire,Manchester,75 Lerdahl Park,69
32309,Florida,Tallahassee,78 Susan Avenue,38
80249,Colorado,Denver,29 Artisan Court,74
36641,Alabama,Mobile,18 Steensland Plaza,68
67220,Kansas,Wichita,6 Northport Point,14
70616,Louisiana,Lake Charles,84 Grover Trail,20
15250,Pennsylvania,Pittsburgh,12948 Mayfield Junction,26
80945,Colorado,Colorado Springs,02668 Forest Run Parkway,76
06533,Connecticut,New Haven,82629 Shasta Avenue,29
19897,Delaware,Wilmington,4508 East Park,20
22234,Virginia,Arlington,22747 5th Circle,37
92105,California,San Diego,09792 Cambridge Court,26
15210,Pennsylvania,Pittsburgh,12952 Stang Plaza,96
15205,Pennsylvania,Pittsburgh,01470 Main Avenue,75
28314,North Carolina,Fayetteville,514 Dunning Street,26
33615,Florida,Tampa,7 Cherokee Center,17
80279,Colorado,Denver,4406 Eastwood Avenue,23
78278,Texas,San Antonio,91 Elmside Junction,92
