street,city,state,zipcode
03 Pepper Wood Circle,Los Angeles,California,90035
0 Susan Terrace,Minneapolis,Minnesota,55417
0 Hooker Hill,Flint,Michigan,48555
942 John Wall Pass,New York City,New York,10280
571 Delladonna Court,Rockville,Maryland,20851
97688 Annamark Avenue,Flushing,New York,11388
1999 David Lane,San Mateo,California,94405
1 Bunting Court,Albuquerque,New Mexico,87180
86650 Carey Center,El Paso,Texas,88535
54535 Lakewood Gardens Circle,Chicago,Illinois,60652
0 Spenser Court,Milwaukee,Wisconsin,53263
912 2nd Court,Amarillo,Texas,79116
5681 Prairieview Drive,Santa Fe,New Mexico,87592
14927 Heffernan Place,Shawnee Mission,Kansas,66225
79 Sycamore Place,Washington,District of Columbia,20036
5738 Browning Center,Akron,Ohio,44315
5 Village Point,Washington,District of Columbia,20088
37 Havey Alley,Salem,Oregon,97306
981 Sage Trail,Prescott,Arizona,86305
0013 Stang Street,Burbank,California,91505
3 Old Gate Drive,Young America,Minnesota,55557
5 Maple Point,Scottsdale,Arizona,85271
647 Eliot Center,Schenectady,New York,12305
37353 Pierstorff Way,Visalia,California,93291
75282 Artisan Circle,Oklahoma City,Oklahoma,73109
65959 Center Trail,Lexington,Kentucky,40586
150 Moose Plaza,Brockton,Massachusetts,02305
8333 Daystar Circle,Austin,Texas,78710
5070 Duke Lane,Minneapolis,Minnesota,55436
47789 Meadow Valley Point,New Orleans,Louisiana,70116
6 Green Ridge Circle,Torrance,California,90505
39892 Talmadge Center,Santa Ana,California,92705
69 Holmberg Drive,Pittsburgh,Pennsylvania,15286
8 Vidon Crossing,New Orleans,Louisiana,70174
3 Colorado Street,Springfield,Massachusetts,01129
5561 Moose Avenue,Garland,Texas,75049
21622 Tennessee Place,Orlando,Florida,32803
0 Warrior Terrace,Madison,Wisconsin,53716
51983 Eastwood Pass,Shawnee Mission,Kansas,66286
86703 Anthes Crossing,Little Rock,Arkansas,72215
29 Banding Pass,Baltimore,Maryland,21229
925 Nevada Road,York,Pennsylvania,17405
3471 Cordelia Lane,Amarillo,Texas,79165
77113 Autumn Leaf Alley,Panama City,Florida,32412
67 Mifflin Street,Houston,Texas,77070
9 Summer Ridge Point,Mountain View,California,94042
55262 Cardinal Hill,Lubbock,Texas,79452
25 Crowley Trail,Chicago,Illinois,60604
2 Arapahoe Way,Washington,District of Columbia,20016
641 Messerschmidt Lane,Charleston,West Virginia,25331
471 High Crossing Place,Glendale,Arizona,85305
3 Canary Court,Akron,Ohio,44321
47 2nd Junction,Tulsa,Oklahoma,74184
25 Cherokee Crossing,Montpelier,Vermont,05609
8 Division Point,Helena,Montana,59623
822 Schmedeman Place,North Little Rock,Arkansas,72199
89926 Main Hill,Milwaukee,Wisconsin,53277
334 Londonderry Court,Mesa,Arizona,85205
120 Corben Point,Tampa,Florida,33620
3320 Gale Center,San Luis Obispo,California,93407
49 Grim Plaza,Detroit,Michigan,48206
15211 Straubel Court,Pensacola,Florida,32520
88790 Farwell Park,Providence,Rhode Island,02912
7859 Buell Parkway,Orlando,Florida,32819
3 Florence Junction,North Las Vegas,Nevada,89087
8 Stephen Center,Roanoke,Virginia,24040
2 Mcbride Alley,Huntsville,Alabama,35810
9 Little Fleur Drive,Bloomington,Illinois,61709
37 Leroy Street,Charlotte,North Carolina,28256
16 Texas Hill,El Paso,Texas,79911
3 Bellgrove Crossing,Ridgely,Maryland,21684
84 Golf View Drive,Hartford,Connecticut,06160
34059 North Lane,Bismarck,North Dakota,58505
38 Hooker Center,Tampa,Florida,33647
60 Village Green Parkway,Arlington,Texas,76011
8582 Hanson Road,Champaign,Illinois,61825
7 Calypso Way,Jeffersonville,Indiana,47134
95 Basil Court,Akron,Ohio,44310
6058 Warbler Road,San Antonio,Texas,78291
3 Clarendon Avenue,Cincinnati,Ohio,45233
25144 Stephen Place,Springfield,Illinois,62756
044 Erie Street,Kansas City,Kansas,66160
2841 Ridgeway Center,Hartford,Connecticut,06145
06 Randy Point,Memphis,Tennessee,38161
02 Jana Road,San Antonio,Texas,78245
0564 International Road,Trenton,New Jersey,08608
681 Dayton Plaza,Los Angeles,California,90071
89 Thierer Circle,Birmingham,Alabama,35225
1816 Carberry Terrace,San Francisco,California,94105
5777 Haas Plaza,Denver,Colorado,80279
8458 Maple Wood Drive,Marietta,Georgia,30066
2 Prentice Pass,Grand Junction,Colorado,81505
0 Loeprich Point,San Francisco,California,94105
12618 Stone Corner Crossing,Seattle,Washington,98166
6 Redwing Avenue,Ocala,Florida,34474
814 3rd Circle,Lafayette,Indiana,47905
68233 Stoughton Center,Springfield,Missouri,65810
5074 Arapahoe Hill,Washington,District of Columbia,20557
2 Forest Dale Lane,Los Angeles,California,90010
444 Arrowood Circle,Spokane,Washington,99252
