room_price,footprint,room_desc
109.84,833,"Integer aliquet, massa id lobortis convallis, tortor risus dapibus augue, vel accumsan tellus nisi eu orci. Mauris lacinia sapien quis libero. Nullam sit amet turpis elementum ligula vehicula consequat."
821.7,803,Morbi porttitor lorem id ligula. Suspendisse ornare consequat lectus.
772.15,441,"Maecenas leo odio, condimentum id, luctus nec, molestie sed, justo. Pellentesque viverra pede ac diam. Cras pellentesque volutpat dui."
735.93,928,In hac habitasse platea dictumst. Maecenas ut massa quis augue luctus tincidunt.
586.69,602,"Suspendisse ornare consequat lectus. In est risus, auctor sed, tristique in, tempus sit amet, sem."
143.01,836,"Maecenas tristique, est et tempus semper, est quam pharetra magna, ac consequat metus sapien ut nunc."
827.59,770,"Vestibulum ac est lacinia nisi venenatis tristique. Fusce congue, diam id ornare imperdiet, sapien urna pretium nisl, ut volutpat sapien arcu sed augue."
557.34,791,Maecenas tincidunt lacus at velit. Vivamus vel nulla eget eros elementum pellentesque. Quisque porta volutpat erat.
905.58,595,Duis consequat dui nec nisi volutpat eleifend. Donec ut dolor.
660.92,734,In hac habitasse platea dictumst.
329.05,487,Duis aliquam convallis nunc. Proin at turpis a pede posuere nonummy. Integer non velit.
766.94,996,Nullam porttitor lacus at turpis.
903.71,862,Suspendisse potenti. In eleifend quam a odio.
400.81,509,"Mauris enim leo, rhoncus sed, vestibulum sit amet, cursus id, turpis. Integer aliquet, massa id lobortis convallis, tortor risus dapibus augue, vel accumsan tellus nisi eu orci. Mauris lacinia sapien quis libero."
825.49,540,Vivamus vel nulla eget eros elementum pellentesque. Quisque porta volutpat erat.
373.92,466,Phasellus sit amet erat. Nulla tempus. Vivamus in felis eu sapien cursus vestibulum.
856.17,530,Morbi non quam nec dui luctus rutrum.
790.71,797,"Quisque porta volutpat erat. Quisque erat eros, viverra eget, congue eget, semper rutrum, nulla."
156.44,720,"Donec ut dolor. Morbi vel lectus in quam fringilla rhoncus. Mauris enim leo, rhoncus sed, vestibulum sit amet, cursus id, turpis."
629.31,874,Etiam pretium iaculis justo.
276.46,799,"Praesent lectus. Vestibulum quam sapien, varius ut, blandit non, interdum in, ante."
176.33,841,Suspendisse accumsan tortor quis turpis. Sed ante. Vivamus tortor.
850.5,575,"Maecenas tristique, est et tempus semper, est quam pharetra magna, ac consequat metus sapien ut nunc. Vestibulum ante ipsum primis in faucibus orci luctus et ultrices posuere cubilia Curae; Mauris viverra diam vitae quam. Suspendisse potenti."
493.75,612,Phasellus in felis. Donec semper sapien a libero.
775.03,565,"Vestibulum ante ipsum primis in faucibus orci luctus et ultrices posuere cubilia Curae; Nulla dapibus dolor vel est. Donec odio justo, sollicitudin ut, suscipit a, feugiat et, eros. Vestibulum ac est lacinia nisi venenatis tristique."
262.81,407,Vestibulum ante ipsum primis in faucibus orci luctus et ultrices posuere cubilia Curae; Nulla dapibus dolor vel est.
861.52,421,"Donec semper sapien a libero. Nam dui. Proin leo odio, porttitor id, consequat in, consequat ut, nulla."
865.95,818,"Cum sociis natoque penatibus et magnis dis parturient montes, nascetur ridiculus mus. Vivamus vestibulum sagittis sapien. Cum sociis natoque penatibus et magnis dis parturient montes, nascetur ridiculus mus."
595.02,648,Suspendisse potenti.
168.16,673,"Nam congue, risus semper porta volutpat, quam pede lobortis ligula, sit amet eleifend pede libero quis orci. Nullam molestie nibh in lectus."
119.27,806,"In hac habitasse platea dictumst. Morbi vestibulum, velit id pretium iaculis, diam erat fermentum justo, nec condimentum neque sapien placerat ante. Nulla justo."
130.45,856,Aliquam erat volutpat.
537.45,691,Nulla justo. Aliquam quis turpis eget elit sodales scelerisque.
156.03,610,Nulla mollis molestie lorem. Quisque ut erat. Curabitur gravida nisi at nibh.
862.88,972,In hac habitasse platea dictumst.
321.27,829,Phasellus sit amet erat. Nulla tempus. Vivamus in felis eu sapien cursus vestibulum.
353.61,543,Morbi ut odio.
100.47,417,Nullam varius. Nulla facilisi.
991.36,687,"Maecenas leo odio, condimentum id, luctus nec, molestie sed, justo."
364.92,886,"Vivamus vel nulla eget eros elementum pellentesque. Quisque porta volutpat erat. Quisque erat eros, viverra eget, congue eget, semper rutrum, nulla."
413.75,426,Donec quis orci eget orci vehicula condimentum. Curabitur in libero ut massa volutpat convallis.
396.69,575,Aenean lectus. Pellentesque eget nunc. Donec quis orci eget orci vehicula condimentum.
341.7,535,"Vivamus vestibulum sagittis sapien. Cum sociis natoque penatibus et magnis dis parturient montes, nascetur ridiculus mus."
905.5,841,Nulla tempus. Vivamus in felis eu sapien cursus vestibulum. Proin eu mi.
762.93,696,Mauris lacinia sapien quis libero. Nullam sit amet turpis elementum ligula vehicula consequat. Morbi a ipsum.
903.64,736,Integer ac leo. Pellentesque ultrices mattis odio.
555.91,877,Suspendisse potenti. Cras in purus eu magna vulputate luctus.
492.53,551,Aliquam erat volutpat. In congue. Etiam justo.
243.06,880,In congue. Etiam justo.
666.13,595,"Quisque erat eros, viverra eget, congue eget, semper rutrum, nulla. Nunc purus. Phasellus in felis."
239.98,803,"Donec vitae nisi. Nam ultrices, libero non mattis pulvinar, nulla pede ullamcorper augue, a suscipit nulla elit ac nulla."
298.58,444,Aenean fermentum. Donec ut mauris eget massa tempor convallis.
919.12,590,Integer tincidunt ante vel ipsum.
976.64,631,Praesent blandit lacinia erat. Vestibulum sed magna at nunc commodo placerat. Praesent blandit.
328.47,626,"Cras in purus eu magna vulputate luctus. Cum sociis natoque penatibus et magnis dis parturient montes, nascetur ridiculus mus."
409.52,522,Mauris lacinia sapien quis libero. Nullam sit amet turpis elementum ligula vehicula consequat. Morbi a ipsum.
365.97,988,Sed accumsan felis. Ut at dolor quis odio consequat varius.
183.79,883,Cras in purus eu magna vulputate luctus.
460.84,915,Ut at dolor quis odio consequat varius.
164.08,743,Nullam molestie nibh in lectus. Pellentesque at nulla.
111.73,553,"Cum sociis natoque penatibus et magnis dis parturient montes, nascetur ridiculus mus. Etiam vel augue."
224.84,532,Integer a nibh. In quis justo.
508.41,618,Nulla facilisi. Cras non velit nec nisi vulputate nonummy.
876.43,708,Donec vitae nisi.
628.82,700,"Cras mi pede, malesuada in, imperdiet et, commodo vulputate, justo. In blandit ultrices enim. Lorem ipsum dolor sit amet, consectetuer adipiscing elit."
271.9,820,"Morbi porttitor lorem id ligula. Suspendisse ornare consequat lectus. In est risus, auctor sed, tristique in, tempus sit amet, sem."
907.37,471,Aliquam quis turpis eget elit sodales scelerisque. Mauris sit amet eros. Suspendisse accumsan tortor quis turpis.
844.6,977,Morbi quis tortor id nulla ultrices aliquet.
769.89,857,In eleifend quam a odio.
782.77,863,Sed sagittis.
318.98,752,Suspendisse potenti. In eleifend quam a odio.
548.93,980,"In hac habitasse platea dictumst. Aliquam augue quam, sollicitudin vitae, consectetuer eget, rutrum at, lorem."
128.18,807,"Proin leo odio, porttitor id, consequat in, consequat ut, nulla. Sed accumsan felis."
854.36,850,Praesent id massa id nisl venenatis lacinia.
488.94,676,"Nullam orci pede, venenatis non, sodales sed, tincidunt eu, felis."
550.55,825,Etiam faucibus cursus urna.
670.16,763,Maecenas ut massa quis augue luctus tincidunt. Nulla mollis molestie lorem.
745.23,604,"In est risus, auctor sed, tristique in, tempus sit amet, sem. Fusce consequat."
848.75,762,Integer tincidunt ante vel ipsum.
638.42,418,"Nam congue, risus semper porta volutpat, quam pede lobortis ligula, sit amet eleifend pede libero quis orci."
324.21,513,"Morbi quis tortor id nulla ultrices aliquet. Maecenas leo odio, condimentum id, luctus nec, molestie sed, justo. Pellentesque viverra pede ac diam."
607.32,817,Pellentesque eget nunc. Donec quis orci eget orci vehicula condimentum.
352.03,675,"Quisque arcu libero, rutrum ac, lobortis vel, dapibus at, diam. Nam tristique tortor eu pede."
780.16,848,Sed vel enim sit amet nunc viverra dapibus. Nulla suscipit ligula in lacus.
252.11,824,Nullam varius. Nulla facilisi. Cras non velit nec nisi vulputate nonummy.
842.46,895,"Vivamus metus arcu, adipiscing molestie, hendrerit at, vulputate vitae, nisl."
213.75,774,Nullam molestie nibh in lectus. Pellentesque at nulla.
814.68,818,Phasellus in felis. Donec semper sapien a libero.
334.52,777,Integer tincidunt ante vel ipsum.
847.32,848,Cras non velit nec nisi vulputate nonummy. Maecenas tincidunt lacus at velit. Vivamus vel nulla eget eros elementum pellentesque.
567.45,723,Phasellus sit amet erat.
386.12,880,"Donec odio justo, sollicitudin ut, suscipit a, feugiat et, eros."
582.32,763,Maecenas tincidunt lacus at velit. Vivamus vel nulla eget eros elementum pellentesque. Quisque porta volutpat erat.
450.77,643,Nullam sit amet turpis elementum ligula vehicula consequat. Morbi a ipsum.
645.27,457,Duis ac nibh.
279.02,924,Cras non velit nec nisi vulputate nonummy.
499.4,925,"Nam dui. Proin leo odio, porttitor id, consequat in, consequat ut, nulla."
185.6,822,"Nulla ac enim. In tempor, turpis nec euismod scelerisque, quam turpis adipiscing lorem, vitae mattis nibh ligula nec sem. Duis aliquam convallis nunc."
412.25,453,Etiam faucibus cursus urna. Ut tellus. Nulla ut erat id mauris vulputate elementum.
722.89,404,In hac habitasse platea dictumst. Maecenas ut massa quis augue luctus tincidunt.
300.11,400,Praesent id massa id nisl venenatis lacinia.
395.55,800,"Morbi porttitor lorem id ligula. Suspendisse ornare consequat lectus. In est risus, auctor sed, tristique in, tempus sit amet, sem."
701.89,594,Suspendisse potenti. In eleifend quam a odio. In hac habitasse platea dictumst.
553.89,865,"Cras in purus eu magna vulputate luctus. Cum sociis natoque penatibus et magnis dis parturient montes, nascetur ridiculus mus. Vivamus vestibulum sagittis sapien."
132.01,942,"Proin interdum mauris non ligula pellentesque ultrices. Phasellus id sapien in sapien iaculis congue. Vivamus metus arcu, adipiscing molestie, hendrerit at, vulputate vitae, nisl."
229.72,599,"Maecenas leo odio, condimentum id, luctus nec, molestie sed, justo. Pellentesque viverra pede ac diam."
114.81,835,"Vestibulum quam sapien, varius ut, blandit non, interdum in, ante."
749.0,752,"Donec odio justo, sollicitudin ut, suscipit a, feugiat et, eros. Vestibulum ac est lacinia nisi venenatis tristique."
519.75,408,"Morbi vestibulum, velit id pretium iaculis, diam erat fermentum justo, nec condimentum neque sapien placerat ante. Nulla justo. Aliquam quis turpis eget elit sodales scelerisque."
256.94,538,"Praesent blandit. Nam nulla. Integer pede justo, lacinia eget, tincidunt eget, tempus vel, pede."
862.15,833,In hac habitasse platea dictumst.
735.74,879,"Sed sagittis. Nam congue, risus semper porta volutpat, quam pede lobortis ligula, sit amet eleifend pede libero quis orci."
555.13,934,Vivamus tortor. Duis mattis egestas metus. Aenean fermentum.
771.16,700,Maecenas tincidunt lacus at velit. Vivamus vel nulla eget eros elementum pellentesque.
841.4,407,Donec semper sapien a libero. Nam dui.
634.58,642,"In tempor, turpis nec euismod scelerisque, quam turpis adipiscing lorem, vitae mattis nibh ligula nec sem. Duis aliquam convallis nunc. Proin at turpis a pede posuere nonummy."
275.1,687,In sagittis dui vel nisl.
643.43,877,"Lorem ipsum dolor sit amet, consectetuer adipiscing elit. Proin interdum mauris non ligula pellentesque ultrices. Phasellus id sapien in sapien iaculis congue."
485.92,957,Etiam vel augue. Vestibulum rutrum rutrum neque.
267.81,688,Donec semper sapien a libero. Nam dui.
507.74,890,"Mauris ullamcorper purus sit amet nulla. Quisque arcu libero, rutrum ac, lobortis vel, dapibus at, diam. Nam tristique tortor eu pede."
578.25,991,"Duis bibendum, felis sed interdum venenatis, turpis enim blandit mi, in porttitor pede justo eu massa. Donec dapibus. Duis at velit eu est congue elementum."
785.01,733,Ut tellus. Nulla ut erat id mauris vulputate elementum. Nullam varius.
397.4,445,"Integer aliquet, massa id lobortis convallis, tortor risus dapibus augue, vel accumsan tellus nisi eu orci. Mauris lacinia sapien quis libero. Nullam sit amet turpis elementum ligula vehicula consequat."
392.46,660,Vivamus vel nulla eget eros elementum pellentesque.
690.9,962,Phasellus id sapien in sapien iaculis congue.
401.87,607,Etiam justo. Etiam pretium iaculis justo.
646.15,660,"Curabitur in libero ut massa volutpat convallis. Morbi odio odio, elementum eu, interdum eu, tincidunt in, leo."
337.27,780,Maecenas pulvinar lobortis est. Phasellus sit amet erat. Nulla tempus.
523.68,442,In congue.
353.88,778,Duis aliquam convallis nunc.
950.64,527,"Vivamus metus arcu, adipiscing molestie, hendrerit at, vulputate vitae, nisl. Aenean lectus. Pellentesque eget nunc."
815.72,541,Nulla ac enim.
694.15,784,"Donec odio justo, sollicitudin ut, suscipit a, feugiat et, eros. Vestibulum ac est lacinia nisi venenatis tristique. Fusce congue, diam id ornare imperdiet, sapien urna pretium nisl, ut volutpat sapien arcu sed augue."
500.09,432,"In tempor, turpis nec euismod scelerisque, quam turpis adipiscing lorem, vitae mattis nibh ligula nec sem."
925.58,796,Nulla ac enim.
825.24,577,"Morbi vel lectus in quam fringilla rhoncus. Mauris enim leo, rhoncus sed, vestibulum sit amet, cursus id, turpis. Integer aliquet, massa id lobortis convallis, tortor risus dapibus augue, vel accumsan tellus nisi eu orci."
535.41,779,"Nam dui. Proin leo odio, porttitor id, consequat in, consequat ut, nulla."
981.62,756,"Fusce congue, diam id ornare imperdiet, sapien urna pretium nisl, ut volutpat sapien arcu sed augue."
709.46,546,"Nullam orci pede, venenatis non, sodales sed, tincidunt eu, felis. Fusce posuere felis sed lacus."
864.73,754,"Aliquam sit amet diam in magna bibendum imperdiet. Nullam orci pede, venenatis non, sodales sed, tincidunt eu, felis. Fusce posuere felis sed lacus."
973.32,659,Maecenas tincidunt lacus at velit.
721.33,445,Etiam justo. Etiam pretium iaculis justo. In hac habitasse platea dictumst.
131.99,630,Nulla mollis molestie lorem. Quisque ut erat.
772.64,874,Quisque id justo sit amet sapien dignissim vestibulum.
776.84,832,Aliquam erat volutpat. In congue. Etiam justo.
311.84,402,Integer tincidunt ante vel ipsum. Praesent blandit lacinia erat.
759.96,620,Proin at turpis a pede posuere nonummy.
532.44,896,Vestibulum ac est lacinia nisi venenatis tristique.
535.98,760,Suspendisse accumsan tortor quis turpis. Sed ante. Vivamus tortor.
150.76,799,Etiam faucibus cursus urna.
300.82,589,"Maecenas tristique, est et tempus semper, est quam pharetra magna, ac consequat metus sapien ut nunc."
912.49,744,Aenean auctor gravida sem.
566.2,588,Maecenas tincidunt lacus at velit. Vivamus vel nulla eget eros elementum pellentesque. Quisque porta volutpat erat.
848.17,859,Nulla ut erat id mauris vulputate elementum. Nullam varius.
436.47,789,Nulla nisl. Nunc nisl.
748.76,879,"In est risus, auctor sed, tristique in, tempus sit amet, sem. Fusce consequat. Nulla nisl."
258.42,447,Fusce consequat. Nulla nisl. Nunc nisl.
103.48,649,Nunc nisl.
172.76,788,"Phasellus id sapien in sapien iaculis congue. Vivamus metus arcu, adipiscing molestie, hendrerit at, vulputate vitae, nisl. Aenean lectus."
496.59,933,"Integer non velit. Donec diam neque, vestibulum eget, vulputate ut, ultrices vel, augue."
132.58,619,Vestibulum ante ipsum primis in faucibus orci luctus et ultrices posuere cubilia Curae; Mauris viverra diam vitae quam.
631.7,780,"Phasellus id sapien in sapien iaculis congue. Vivamus metus arcu, adipiscing molestie, hendrerit at, vulputate vitae, nisl."
839.07,845,In quis justo. Maecenas rhoncus aliquam lacus. Morbi quis tortor id nulla ultrices aliquet.
103.23,516,Proin at turpis a pede posuere nonummy.
542.97,636,Morbi vel lectus in quam fringilla rhoncus.
346.93,771,Integer ac leo. Pellentesque ultrices mattis odio.
499.31,920,Maecenas rhoncus aliquam lacus. Morbi quis tortor id nulla ultrices aliquet.
824.96,962,Proin eu mi. Nulla ac enim.
337.59,608,"Morbi quis tortor id nulla ultrices aliquet. Maecenas leo odio, condimentum id, luctus nec, molestie sed, justo. Pellentesque viverra pede ac diam."
410.35,959,"Nam dui. Proin leo odio, porttitor id, consequat in, consequat ut, nulla."
558.95,856,Nulla justo. Aliquam quis turpis eget elit sodales scelerisque.
728.56,729,"Aenean sit amet justo. Morbi ut odio. Cras mi pede, malesuada in, imperdiet et, commodo vulputate, justo."
354.97,525,"Nunc nisl. Duis bibendum, felis sed interdum venenatis, turpis enim blandit mi, in porttitor pede justo eu massa. Donec dapibus."
843.14,507,"Integer pede justo, lacinia eget, tincidunt eget, tempus vel, pede. Morbi porttitor lorem id ligula. Suspendisse ornare consequat lectus."
514.54,799,"Sed sagittis. Nam congue, risus semper porta volutpat, quam pede lobortis ligula, sit amet eleifend pede libero quis orci."
704.98,865,Fusce consequat. Nulla nisl.
341.28,766,"In hac habitasse platea dictumst. Morbi vestibulum, velit id pretium iaculis, diam erat fermentum justo, nec condimentum neque sapien placerat ante. Nulla justo."
419.81,669,Nunc rhoncus dui vel sem.
942.13,593,Suspendisse ornare consequat lectus.
650.28,969,Morbi porttitor lorem id ligula.
890.1,515,"Proin interdum mauris non ligula pellentesque ultrices. Phasellus id sapien in sapien iaculis congue. Vivamus metus arcu, adipiscing molestie, hendrerit at, vulputate vitae, nisl."
548.22,551,Duis consequat dui nec nisi volutpat eleifend.
523.87,741,Vestibulum sed magna at nunc commodo placerat. Praesent blandit. Nam nulla.
219.4,418,"Donec ut mauris eget massa tempor convallis. Nulla neque libero, convallis eget, eleifend luctus, ultricies eu, nibh. Quisque id justo sit amet sapien dignissim vestibulum."
388.49,579,Phasellus sit amet erat.
678.12,740,Mauris lacinia sapien quis libero. Nullam sit amet turpis elementum ligula vehicula consequat.
578.09,426,"Maecenas rhoncus aliquam lacus. Morbi quis tortor id nulla ultrices aliquet. Maecenas leo odio, condimentum id, luctus nec, molestie sed, justo."
922.53,434,Nulla justo. Aliquam quis turpis eget elit sodales scelerisque.
463.19,855,"In blandit ultrices enim. Lorem ipsum dolor sit amet, consectetuer adipiscing elit."
793.81,780,Suspendisse potenti.
276.05,624,In eleifend quam a odio. In hac habitasse platea dictumst.
135.39,846,In quis justo. Maecenas rhoncus aliquam lacus. Morbi quis tortor id nulla ultrices aliquet.
265.99,999,"Nam ultrices, libero non mattis pulvinar, nulla pede ullamcorper augue, a suscipit nulla elit ac nulla. Sed vel enim sit amet nunc viverra dapibus. Nulla suscipit ligula in lacus."
621.26,683,"Vestibulum ante ipsum primis in faucibus orci luctus et ultrices posuere cubilia Curae; Nulla dapibus dolor vel est. Donec odio justo, sollicitudin ut, suscipit a, feugiat et, eros. Vestibulum ac est lacinia nisi venenatis tristique."
252.23,958,"Quisque id justo sit amet sapien dignissim vestibulum. Vestibulum ante ipsum primis in faucibus orci luctus et ultrices posuere cubilia Curae; Nulla dapibus dolor vel est. Donec odio justo, sollicitudin ut, suscipit a, feugiat et, eros."
550.67,979,"Integer pede justo, lacinia eget, tincidunt eget, tempus vel, pede."
439.37,734,Donec dapibus.
351.89,931,"Lorem ipsum dolor sit amet, consectetuer adipiscing elit. Proin interdum mauris non ligula pellentesque ultrices."
486.79,939,Cras pellentesque volutpat dui.
684.25,850,"In hac habitasse platea dictumst. Aliquam augue quam, sollicitudin vitae, consectetuer eget, rutrum at, lorem. Integer tincidunt ante vel ipsum."
770.1,944,Nam tristique tortor eu pede.
162.76,478,"In hac habitasse platea dictumst. Aliquam augue quam, sollicitudin vitae, consectetuer eget, rutrum at, lorem. Integer tincidunt ante vel ipsum."
412.23,794,Praesent lectus.
534.96,640,"Morbi vel lectus in quam fringilla rhoncus. Mauris enim leo, rhoncus sed, vestibulum sit amet, cursus id, turpis."
440.22,841,Nulla facilisi. Cras non velit nec nisi vulputate nonummy.
614.87,474,Nullam varius. Nulla facilisi.
706.06,542,"Donec ut mauris eget massa tempor convallis. Nulla neque libero, convallis eget, eleifend luctus, ultricies eu, nibh."
636.15,918,"In blandit ultrices enim. Lorem ipsum dolor sit amet, consectetuer adipiscing elit."
660.97,698,"Donec odio justo, sollicitudin ut, suscipit a, feugiat et, eros."
673.72,458,"Quisque id justo sit amet sapien dignissim vestibulum. Vestibulum ante ipsum primis in faucibus orci luctus et ultrices posuere cubilia Curae; Nulla dapibus dolor vel est. Donec odio justo, sollicitudin ut, suscipit a, feugiat et, eros."
102.42,650,"Nam nulla. Integer pede justo, lacinia eget, tincidunt eget, tempus vel, pede. Morbi porttitor lorem id ligula."
480.2,790,Nulla suscipit ligula in lacus. Curabitur at ipsum ac tellus semper interdum. Mauris ullamcorper purus sit amet nulla.
596.24,811,Pellentesque at nulla. Suspendisse potenti.
153.97,581,Proin risus.
876.31,504,Vivamus tortor. Duis mattis egestas metus. Aenean fermentum.
178.16,509,Nulla suscipit ligula in lacus. Curabitur at ipsum ac tellus semper interdum.
240.68,549,Nulla mollis molestie lorem. Quisque ut erat.
766.5,639,"Nunc rhoncus dui vel sem. Sed sagittis. Nam congue, risus semper porta volutpat, quam pede lobortis ligula, sit amet eleifend pede libero quis orci."
647.51,832,Vestibulum ante ipsum primis in faucibus orci luctus et ultrices posuere cubilia Curae; Duis faucibus accumsan odio. Curabitur convallis.
392.03,507,"Fusce posuere felis sed lacus. Morbi sem mauris, laoreet ut, rhoncus aliquet, pulvinar sed, nisl."
218.03,581,Vivamus in felis eu sapien cursus vestibulum.
400.9,574,"Fusce congue, diam id ornare imperdiet, sapien urna pretium nisl, ut volutpat sapien arcu sed augue. Aliquam erat volutpat."
933.53,807,Suspendisse potenti. In eleifend quam a odio. In hac habitasse platea dictumst.
204.7,593,Praesent blandit.
725.65,459,"Vivamus metus arcu, adipiscing molestie, hendrerit at, vulputate vitae, nisl. Aenean lectus."
630.34,419,"Vestibulum quam sapien, varius ut, blandit non, interdum in, ante. Vestibulum ante ipsum primis in faucibus orci luctus et ultrices posuere cubilia Curae; Duis faucibus accumsan odio. Curabitur convallis."
664.22,833,In sagittis dui vel nisl.
703.22,551,Mauris ullamcorper purus sit amet nulla.
167.61,494,Aliquam non mauris. Morbi non lectus.
237.36,818,Donec quis orci eget orci vehicula condimentum.
553.57,818,Curabitur gravida nisi at nibh.
790.69,621,Ut tellus. Nulla ut erat id mauris vulputate elementum. Nullam varius.
134.5,938,"Maecenas tristique, est et tempus semper, est quam pharetra magna, ac consequat metus sapien ut nunc."
100.2,758,Suspendisse ornare consequat lectus.
185.04,643,"In sagittis dui vel nisl. Duis ac nibh. Fusce lacus purus, aliquet at, feugiat non, pretium quis, lectus."
413.1,488,Sed vel enim sit amet nunc viverra dapibus.
805.96,866,"Cum sociis natoque penatibus et magnis dis parturient montes, nascetur ridiculus mus. Etiam vel augue. Vestibulum rutrum rutrum neque."
700.08,586,Vivamus in felis eu sapien cursus vestibulum. Proin eu mi. Nulla ac enim.
343.22,875,Suspendisse potenti.
756.07,400,Cras non velit nec nisi vulputate nonummy. Maecenas tincidunt lacus at velit.
214.49,446,"Maecenas tristique, est et tempus semper, est quam pharetra magna, ac consequat metus sapien ut nunc."
384.07,524,Curabitur gravida nisi at nibh. In hac habitasse platea dictumst.
899.13,705,Maecenas tincidunt lacus at velit. Vivamus vel nulla eget eros elementum pellentesque.
377.57,494,Vestibulum sed magna at nunc commodo placerat. Praesent blandit. Nam nulla.
727.81,695,"Sed sagittis. Nam congue, risus semper porta volutpat, quam pede lobortis ligula, sit amet eleifend pede libero quis orci."
319.69,508,"Lorem ipsum dolor sit amet, consectetuer adipiscing elit."
486.17,439,In hac habitasse platea dictumst. Maecenas ut massa quis augue luctus tincidunt. Nulla mollis molestie lorem.
567.48,538,Maecenas tincidunt lacus at velit. Vivamus vel nulla eget eros elementum pellentesque.
325.58,637,"Morbi vel lectus in quam fringilla rhoncus. Mauris enim leo, rhoncus sed, vestibulum sit amet, cursus id, turpis. Integer aliquet, massa id lobortis convallis, tortor risus dapibus augue, vel accumsan tellus nisi eu orci."
721.48,922,Donec ut mauris eget massa tempor convallis.
712.45,508,"Duis bibendum, felis sed interdum venenatis, turpis enim blandit mi, in porttitor pede justo eu massa. Donec dapibus. Duis at velit eu est congue elementum."
511.97,411,"Fusce lacus purus, aliquet at, feugiat non, pretium quis, lectus. Suspendisse potenti."
817.01,533,Aenean sit amet justo.
696.23,667,Aenean auctor gravida sem.
242.43,427,"Cum sociis natoque penatibus et magnis dis parturient montes, nascetur ridiculus mus. Etiam vel augue. Vestibulum rutrum rutrum neque."
646.92,839,Vivamus in felis eu sapien cursus vestibulum. Proin eu mi.
769.33,508,"Donec ut mauris eget massa tempor convallis. Nulla neque libero, convallis eget, eleifend luctus, ultricies eu, nibh. Quisque id justo sit amet sapien dignissim vestibulum."
746.64,862,Suspendisse potenti.
354.51,989,Vivamus tortor. Duis mattis egestas metus.
633.25,619,"Maecenas rhoncus aliquam lacus. Morbi quis tortor id nulla ultrices aliquet. Maecenas leo odio, condimentum id, luctus nec, molestie sed, justo."
660.47,602,Maecenas ut massa quis augue luctus tincidunt.
655.27,809,Nulla tempus. Vivamus in felis eu sapien cursus vestibulum.
676.03,445,Nulla mollis molestie lorem. Quisque ut erat. Curabitur gravida nisi at nibh.
682.06,907,Vestibulum rutrum rutrum neque. Aenean auctor gravida sem. Praesent id massa id nisl venenatis lacinia.
755.53,539,"Nam nulla. Integer pede justo, lacinia eget, tincidunt eget, tempus vel, pede. Morbi porttitor lorem id ligula."
408.1,512,Integer ac neque. Duis bibendum.
730.97,613,"Maecenas leo odio, condimentum id, luctus nec, molestie sed, justo. Pellentesque viverra pede ac diam. Cras pellentesque volutpat dui."
180.88,486,Donec ut dolor. Morbi vel lectus in quam fringilla rhoncus.
531.59,883,In hac habitasse platea dictumst. Etiam faucibus cursus urna. Ut tellus.
522.17,535,Duis at velit eu est congue elementum.
817.49,735,"Nam congue, risus semper porta volutpat, quam pede lobortis ligula, sit amet eleifend pede libero quis orci. Nullam molestie nibh in lectus."
844.18,794,Nullam sit amet turpis elementum ligula vehicula consequat. Morbi a ipsum. Integer a nibh.
689.55,932,Nulla justo.
847.23,947,"Lorem ipsum dolor sit amet, consectetuer adipiscing elit. Proin risus."
888.26,541,Nullam porttitor lacus at turpis. Donec posuere metus vitae ipsum.
607.77,718,"Donec diam neque, vestibulum eget, vulputate ut, ultrices vel, augue. Vestibulum ante ipsum primis in faucibus orci luctus et ultrices posuere cubilia Curae; Donec pharetra, magna vestibulum aliquet ultrices, erat tortor sollicitudin mi, sit amet lobortis sapien sapien non mi. Integer ac neque."
328.97,842,"Nam congue, risus semper porta volutpat, quam pede lobortis ligula, sit amet eleifend pede libero quis orci."
595.73,931,Morbi a ipsum. Integer a nibh. In quis justo.
520.83,614,Vestibulum sed magna at nunc commodo placerat. Praesent blandit. Nam nulla.
964.34,578,Curabitur convallis. Duis consequat dui nec nisi volutpat eleifend.
948.12,479,"Maecenas rhoncus aliquam lacus. Morbi quis tortor id nulla ultrices aliquet. Maecenas leo odio, condimentum id, luctus nec, molestie sed, justo."
587.94,696,Aenean auctor gravida sem.
344.41,706,In congue. Etiam justo. Etiam pretium iaculis justo.
235.75,415,"Suspendisse ornare consequat lectus. In est risus, auctor sed, tristique in, tempus sit amet, sem. Fusce consequat."
639.88,876,Maecenas ut massa quis augue luctus tincidunt.
993.3,494,Mauris ullamcorper purus sit amet nulla.
372.01,914,"Aliquam augue quam, sollicitudin vitae, consectetuer eget, rutrum at, lorem. Integer tincidunt ante vel ipsum."
483.33,491,Nullam molestie nibh in lectus. Pellentesque at nulla. Suspendisse potenti.
376.68,719,Nunc purus. Phasellus in felis. Donec semper sapien a libero.
343.54,627,"In tempor, turpis nec euismod scelerisque, quam turpis adipiscing lorem, vitae mattis nibh ligula nec sem. Duis aliquam convallis nunc. Proin at turpis a pede posuere nonummy."
793.71,721,In eleifend quam a odio.
777.85,953,Suspendisse potenti.
555.68,462,Integer ac neque. Duis bibendum.
940.67,928,"In blandit ultrices enim. Lorem ipsum dolor sit amet, consectetuer adipiscing elit."
646.62,720,Nullam porttitor lacus at turpis. Donec posuere metus vitae ipsum.
375.29,995,"Morbi non lectus. Aliquam sit amet diam in magna bibendum imperdiet. Nullam orci pede, venenatis non, sodales sed, tincidunt eu, felis."
262.6,679,Vestibulum sed magna at nunc commodo placerat. Praesent blandit. Nam nulla.
286.63,975,In quis justo.
196.43,548,Vestibulum sed magna at nunc commodo placerat. Praesent blandit.
920.65,512,"Duis ac nibh. Fusce lacus purus, aliquet at, feugiat non, pretium quis, lectus. Suspendisse potenti."
745.93,792,"Cras mi pede, malesuada in, imperdiet et, commodo vulputate, justo. In blandit ultrices enim. Lorem ipsum dolor sit amet, consectetuer adipiscing elit."
234.52,844,Nullam porttitor lacus at turpis.
396.88,400,Vivamus in felis eu sapien cursus vestibulum.
956.55,941,Vestibulum ante ipsum primis in faucibus orci luctus et ultrices posuere cubilia Curae; Duis faucibus accumsan odio. Curabitur convallis.
412.71,725,Vestibulum ante ipsum primis in faucibus orci luctus et ultrices posuere cubilia Curae; Nulla dapibus dolor vel est.
188.8,982,"Maecenas tristique, est et tempus semper, est quam pharetra magna, ac consequat metus sapien ut nunc."
362.86,685,Duis consequat dui nec nisi volutpat eleifend. Donec ut dolor. Morbi vel lectus in quam fringilla rhoncus.
180.22,911,Etiam justo. Etiam pretium iaculis justo. In hac habitasse platea dictumst.
238.87,531,"Maecenas tristique, est et tempus semper, est quam pharetra magna, ac consequat metus sapien ut nunc. Vestibulum ante ipsum primis in faucibus orci luctus et ultrices posuere cubilia Curae; Mauris viverra diam vitae quam."
533.61,585,In congue. Etiam justo.
652.88,744,Nulla facilisi. Cras non velit nec nisi vulputate nonummy.
840.27,465,"Vestibulum ante ipsum primis in faucibus orci luctus et ultrices posuere cubilia Curae; Donec pharetra, magna vestibulum aliquet ultrices, erat tortor sollicitudin mi, sit amet lobortis sapien sapien non mi. Integer ac neque. Duis bibendum."
179.59,532,Pellentesque at nulla. Suspendisse potenti. Cras in purus eu magna vulputate luctus.
301.74,715,Quisque id justo sit amet sapien dignissim vestibulum.
263.16,716,Nulla justo. Aliquam quis turpis eget elit sodales scelerisque.
326.73,922,Curabitur at ipsum ac tellus semper interdum.
869.16,586,Vivamus tortor. Duis mattis egestas metus. Aenean fermentum.
542.29,621,"Nulla neque libero, convallis eget, eleifend luctus, ultricies eu, nibh."
560.76,814,Nunc purus. Phasellus in felis. Donec semper sapien a libero.
245.36,787,"Duis ac nibh. Fusce lacus purus, aliquet at, feugiat non, pretium quis, lectus."
854.58,865,Suspendisse potenti.
659.9,964,Curabitur in libero ut massa volutpat convallis.
348.6,419,Nulla tellus. In sagittis dui vel nisl. Duis ac nibh.
264.5,832,"Integer pede justo, lacinia eget, tincidunt eget, tempus vel, pede."
762.16,853,"Vivamus metus arcu, adipiscing molestie, hendrerit at, vulputate vitae, nisl."
663.23,712,Suspendisse potenti. Nullam porttitor lacus at turpis.
290.82,647,Vestibulum rutrum rutrum neque. Aenean auctor gravida sem.
196.56,969,Sed vel enim sit amet nunc viverra dapibus. Nulla suscipit ligula in lacus. Curabitur at ipsum ac tellus semper interdum.
355.56,683,Aliquam quis turpis eget elit sodales scelerisque. Mauris sit amet eros. Suspendisse accumsan tortor quis turpis.
217.39,459,Praesent blandit lacinia erat. Vestibulum sed magna at nunc commodo placerat. Praesent blandit.
492.41,521,Nulla mollis molestie lorem. Quisque ut erat. Curabitur gravida nisi at nibh.
110.92,683,Maecenas ut massa quis augue luctus tincidunt.
571.52,674,Praesent lectus.
815.14,862,Maecenas tincidunt lacus at velit. Vivamus vel nulla eget eros elementum pellentesque.
508.0,730,"Proin leo odio, porttitor id, consequat in, consequat ut, nulla. Sed accumsan felis. Ut at dolor quis odio consequat varius."
623.47,575,Morbi non quam nec dui luctus rutrum. Nulla tellus. In sagittis dui vel nisl.
245.88,468,"Vestibulum quam sapien, varius ut, blandit non, interdum in, ante. Vestibulum ante ipsum primis in faucibus orci luctus et ultrices posuere cubilia Curae; Duis faucibus accumsan odio."
253.34,933,"Pellentesque viverra pede ac diam. Cras pellentesque volutpat dui. Maecenas tristique, est et tempus semper, est quam pharetra magna, ac consequat metus sapien ut nunc."
928.59,874,"Integer aliquet, massa id lobortis convallis, tortor risus dapibus augue, vel accumsan tellus nisi eu orci. Mauris lacinia sapien quis libero."
513.35,534,"Donec semper sapien a libero. Nam dui. Proin leo odio, porttitor id, consequat in, consequat ut, nulla."
740.1,918,Aliquam non mauris. Morbi non lectus. Aliquam sit amet diam in magna bibendum imperdiet.
826.06,416,Nulla nisl.
532.54,657,Etiam pretium iaculis justo. In hac habitasse platea dictumst. Etiam faucibus cursus urna.
113.62,839,Nulla nisl. Nunc nisl.
818.65,415,Nunc rhoncus dui vel sem. Sed sagittis.
137.92,875,Vivamus tortor. Duis mattis egestas metus.
283.73,501,"Nam dui. Proin leo odio, porttitor id, consequat in, consequat ut, nulla. Sed accumsan felis."
367.79,795,Nullam sit amet turpis elementum ligula vehicula consequat. Morbi a ipsum. Integer a nibh.
990.8,535,"Fusce lacus purus, aliquet at, feugiat non, pretium quis, lectus. Suspendisse potenti. In eleifend quam a odio."
583.94,883,"Donec odio justo, sollicitudin ut, suscipit a, feugiat et, eros."
789.41,674,Vestibulum rutrum rutrum neque.
495.85,853,Duis at velit eu est congue elementum.
324.37,425,Curabitur gravida nisi at nibh. In hac habitasse platea dictumst.
663.78,752,"Fusce lacus purus, aliquet at, feugiat non, pretium quis, lectus. Suspendisse potenti. In eleifend quam a odio."
130.48,415,"Vestibulum ac est lacinia nisi venenatis tristique. Fusce congue, diam id ornare imperdiet, sapien urna pretium nisl, ut volutpat sapien arcu sed augue. Aliquam erat volutpat."
595.26,660,Nullam varius. Nulla facilisi. Cras non velit nec nisi vulputate nonummy.
788.62,989,"In blandit ultrices enim. Lorem ipsum dolor sit amet, consectetuer adipiscing elit."
330.11,732,In sagittis dui vel nisl.
806.29,714,Aenean fermentum. Donec ut mauris eget massa tempor convallis.
452.61,736,"Maecenas tristique, est et tempus semper, est quam pharetra magna, ac consequat metus sapien ut nunc."
212.68,672,Duis bibendum. Morbi non quam nec dui luctus rutrum.
479.72,933,Vivamus tortor. Duis mattis egestas metus. Aenean fermentum.
457.64,406,Donec dapibus. Duis at velit eu est congue elementum. In hac habitasse platea dictumst.
712.5,460,Fusce posuere felis sed lacus.
833.0,856,Praesent blandit lacinia erat.
886.16,775,"Cum sociis natoque penatibus et magnis dis parturient montes, nascetur ridiculus mus. Etiam vel augue."
231.16,841,Nulla tellus.
429.21,747,"Aliquam sit amet diam in magna bibendum imperdiet. Nullam orci pede, venenatis non, sodales sed, tincidunt eu, felis. Fusce posuere felis sed lacus."
175.52,696,Integer a nibh. In quis justo.
737.07,431,In congue.
722.4,512,Aliquam non mauris. Morbi non lectus.
776.02,569,Integer ac neque. Duis bibendum. Morbi non quam nec dui luctus rutrum.
898.85,654,Suspendisse potenti.
233.55,538,"Praesent blandit. Nam nulla. Integer pede justo, lacinia eget, tincidunt eget, tempus vel, pede."
227.08,903,"Proin risus. Praesent lectus. Vestibulum quam sapien, varius ut, blandit non, interdum in, ante."
197.94,493,Vestibulum ante ipsum primis in faucibus orci luctus et ultrices posuere cubilia Curae; Duis faucibus accumsan odio.
706.35,849,Praesent blandit lacinia erat. Vestibulum sed magna at nunc commodo placerat.
576.26,572,Morbi vel lectus in quam fringilla rhoncus.
506.68,648,Nulla ac enim.
842.41,944,Morbi non lectus.
110.48,434,Proin eu mi. Nulla ac enim.
764.59,563,Quisque id justo sit amet sapien dignissim vestibulum.
102.37,842,Duis consequat dui nec nisi volutpat eleifend. Donec ut dolor.
156.27,873,"Integer aliquet, massa id lobortis convallis, tortor risus dapibus augue, vel accumsan tellus nisi eu orci."
998.26,998,"Aliquam sit amet diam in magna bibendum imperdiet. Nullam orci pede, venenatis non, sodales sed, tincidunt eu, felis."
340.02,601,Phasellus sit amet erat. Nulla tempus.
612.29,701,Duis at velit eu est congue elementum. In hac habitasse platea dictumst.
310.04,438,Maecenas rhoncus aliquam lacus. Morbi quis tortor id nulla ultrices aliquet.
685.39,643,Integer ac leo. Pellentesque ultrices mattis odio.
167.77,707,"Morbi sem mauris, laoreet ut, rhoncus aliquet, pulvinar sed, nisl. Nunc rhoncus dui vel sem."
769.61,614,"Nam congue, risus semper porta volutpat, quam pede lobortis ligula, sit amet eleifend pede libero quis orci. Nullam molestie nibh in lectus."
444.06,451,Nulla tellus. In sagittis dui vel nisl.
719.02,770,In quis justo. Maecenas rhoncus aliquam lacus.
720.66,530,Sed accumsan felis.
567.25,675,Donec vitae nisi.
966.95,641,"Nulla ac enim. In tempor, turpis nec euismod scelerisque, quam turpis adipiscing lorem, vitae mattis nibh ligula nec sem. Duis aliquam convallis nunc."
423.66,944,"Donec vitae nisi. Nam ultrices, libero non mattis pulvinar, nulla pede ullamcorper augue, a suscipit nulla elit ac nulla. Sed vel enim sit amet nunc viverra dapibus."
739.82,518,"Quisque arcu libero, rutrum ac, lobortis vel, dapibus at, diam. Nam tristique tortor eu pede."
819.09,776,Nulla justo.
251.39,924,Maecenas tincidunt lacus at velit. Vivamus vel nulla eget eros elementum pellentesque. Quisque porta volutpat erat.
896.53,607,Mauris sit amet eros.
770.24,721,"Cum sociis natoque penatibus et magnis dis parturient montes, nascetur ridiculus mus."
198.39,752,Duis mattis egestas metus.
434.05,840,Curabitur at ipsum ac tellus semper interdum. Mauris ullamcorper purus sit amet nulla.
218.23,550,"Donec ut mauris eget massa tempor convallis. Nulla neque libero, convallis eget, eleifend luctus, ultricies eu, nibh. Quisque id justo sit amet sapien dignissim vestibulum."
355.07,864,Donec semper sapien a libero. Nam dui.
904.57,651,Sed ante. Vivamus tortor.
621.89,496,Quisque id justo sit amet sapien dignissim vestibulum. Vestibulum ante ipsum primis in faucibus orci luctus et ultrices posuere cubilia Curae; Nulla dapibus dolor vel est.
188.4,758,Nulla tellus.
274.85,712,Vivamus vel nulla eget eros elementum pellentesque.
688.22,985,Nulla suscipit ligula in lacus. Curabitur at ipsum ac tellus semper interdum. Mauris ullamcorper purus sit amet nulla.
539.91,626,"Morbi sem mauris, laoreet ut, rhoncus aliquet, pulvinar sed, nisl. Nunc rhoncus dui vel sem. Sed sagittis."
839.46,987,"Cum sociis natoque penatibus et magnis dis parturient montes, nascetur ridiculus mus."
515.57,428,"Nunc nisl. Duis bibendum, felis sed interdum venenatis, turpis enim blandit mi, in porttitor pede justo eu massa. Donec dapibus."
963.75,586,Proin at turpis a pede posuere nonummy. Integer non velit.
718.23,519,"Donec ut mauris eget massa tempor convallis. Nulla neque libero, convallis eget, eleifend luctus, ultricies eu, nibh."
903.61,528,In sagittis dui vel nisl. Duis ac nibh.
431.35,827,"Nam nulla. Integer pede justo, lacinia eget, tincidunt eget, tempus vel, pede."
200.11,773,Nullam varius. Nulla facilisi.
166.68,478,In hac habitasse platea dictumst. Etiam faucibus cursus urna.
818.13,432,"Vestibulum quam sapien, varius ut, blandit non, interdum in, ante. Vestibulum ante ipsum primis in faucibus orci luctus et ultrices posuere cubilia Curae; Duis faucibus accumsan odio. Curabitur convallis."
893.19,738,Nulla tempus.
458.5,452,In hac habitasse platea dictumst.
884.2,844,"Suspendisse ornare consequat lectus. In est risus, auctor sed, tristique in, tempus sit amet, sem. Fusce consequat."
161.24,608,"Nunc nisl. Duis bibendum, felis sed interdum venenatis, turpis enim blandit mi, in porttitor pede justo eu massa."
632.71,682,Duis ac nibh.
657.74,752,Mauris sit amet eros. Suspendisse accumsan tortor quis turpis.
709.43,756,Nulla justo.
528.15,598,"Proin eu mi. Nulla ac enim. In tempor, turpis nec euismod scelerisque, quam turpis adipiscing lorem, vitae mattis nibh ligula nec sem."
574.47,403,"Integer aliquet, massa id lobortis convallis, tortor risus dapibus augue, vel accumsan tellus nisi eu orci. Mauris lacinia sapien quis libero. Nullam sit amet turpis elementum ligula vehicula consequat."
805.7,419,Donec posuere metus vitae ipsum. Aliquam non mauris.
936.56,538,Suspendisse potenti. Nullam porttitor lacus at turpis. Donec posuere metus vitae ipsum.
646.13,675,Morbi non quam nec dui luctus rutrum.
960.59,593,Phasellus in felis.
103.93,760,Maecenas ut massa quis augue luctus tincidunt. Nulla mollis molestie lorem. Quisque ut erat.
999.24,665,Phasellus sit amet erat. Nulla tempus. Vivamus in felis eu sapien cursus vestibulum.
458.35,617,Phasellus id sapien in sapien iaculis congue.
834.4,473,"Fusce congue, diam id ornare imperdiet, sapien urna pretium nisl, ut volutpat sapien arcu sed augue. Aliquam erat volutpat."
167.45,804,In hac habitasse platea dictumst.
813.16,836,"Curabitur in libero ut massa volutpat convallis. Morbi odio odio, elementum eu, interdum eu, tincidunt in, leo. Maecenas pulvinar lobortis est."
445.88,821,Suspendisse potenti. Nullam porttitor lacus at turpis.
442.4,572,"Fusce lacus purus, aliquet at, feugiat non, pretium quis, lectus."
666.28,665,Morbi a ipsum. Integer a nibh. In quis justo.
399.77,435,Etiam justo. Etiam pretium iaculis justo.
871.8,985,"Vivamus vel nulla eget eros elementum pellentesque. Quisque porta volutpat erat. Quisque erat eros, viverra eget, congue eget, semper rutrum, nulla."
516.18,599,"Mauris enim leo, rhoncus sed, vestibulum sit amet, cursus id, turpis. Integer aliquet, massa id lobortis convallis, tortor risus dapibus augue, vel accumsan tellus nisi eu orci. Mauris lacinia sapien quis libero."
697.22,704,"Fusce congue, diam id ornare imperdiet, sapien urna pretium nisl, ut volutpat sapien arcu sed augue. Aliquam erat volutpat."
960.99,893,Nullam varius.
939.24,606,"Fusce congue, diam id ornare imperdiet, sapien urna pretium nisl, ut volutpat sapien arcu sed augue. Aliquam erat volutpat."
598.54,427,"Cum sociis natoque penatibus et magnis dis parturient montes, nascetur ridiculus mus. Vivamus vestibulum sagittis sapien. Cum sociis natoque penatibus et magnis dis parturient montes, nascetur ridiculus mus."
689.54,501,In congue. Etiam justo. Etiam pretium iaculis justo.
424.29,811,Pellentesque eget nunc. Donec quis orci eget orci vehicula condimentum. Curabitur in libero ut massa volutpat convallis.
812.39,505,In hac habitasse platea dictumst. Maecenas ut massa quis augue luctus tincidunt. Nulla mollis molestie lorem.
893.04,1000,Proin at turpis a pede posuere nonummy.
792.1,751,"Maecenas leo odio, condimentum id, luctus nec, molestie sed, justo. Pellentesque viverra pede ac diam. Cras pellentesque volutpat dui."
350.56,636,Maecenas ut massa quis augue luctus tincidunt.
224.5,508,Sed accumsan felis. Ut at dolor quis odio consequat varius. Integer ac leo.
406.35,661,Aenean lectus. Pellentesque eget nunc.
560.77,734,Donec posuere metus vitae ipsum. Aliquam non mauris.
398.23,615,"Donec ut dolor. Morbi vel lectus in quam fringilla rhoncus. Mauris enim leo, rhoncus sed, vestibulum sit amet, cursus id, turpis."
199.6,652,Nullam molestie nibh in lectus.
255.13,737,Proin interdum mauris non ligula pellentesque ultrices.
549.15,640,"In tempor, turpis nec euismod scelerisque, quam turpis adipiscing lorem, vitae mattis nibh ligula nec sem. Duis aliquam convallis nunc."
214.77,770,Cras pellentesque volutpat dui.
451.11,539,"Integer non velit. Donec diam neque, vestibulum eget, vulputate ut, ultrices vel, augue."
825.06,673,Vivamus in felis eu sapien cursus vestibulum. Proin eu mi. Nulla ac enim.
227.59,813,Ut at dolor quis odio consequat varius. Integer ac leo.
849.73,688,Phasellus sit amet erat.
706.06,862,Integer ac neque.
583.73,491,Maecenas rhoncus aliquam lacus. Morbi quis tortor id nulla ultrices aliquet.
860.04,647,Ut tellus.
240.05,753,"Morbi sem mauris, laoreet ut, rhoncus aliquet, pulvinar sed, nisl."
682.78,940,"Nam dui. Proin leo odio, porttitor id, consequat in, consequat ut, nulla. Sed accumsan felis."
242.43,781,Aliquam erat volutpat. In congue.
214.78,509,Donec ut mauris eget massa tempor convallis.
650.45,723,Aliquam erat volutpat. In congue.
986.59,778,Nunc rhoncus dui vel sem. Sed sagittis.
375.89,573,In quis justo. Maecenas rhoncus aliquam lacus.
535.3,651,Sed accumsan felis. Ut at dolor quis odio consequat varius. Integer ac leo.
537.44,839,"Cum sociis natoque penatibus et magnis dis parturient montes, nascetur ridiculus mus. Etiam vel augue."
612.15,731,"Fusce posuere felis sed lacus. Morbi sem mauris, laoreet ut, rhoncus aliquet, pulvinar sed, nisl. Nunc rhoncus dui vel sem."
151.01,933,"Fusce lacus purus, aliquet at, feugiat non, pretium quis, lectus."
765.48,756,Integer ac leo.
999.67,662,"Duis bibendum, felis sed interdum venenatis, turpis enim blandit mi, in porttitor pede justo eu massa. Donec dapibus."
945.79,487,"Vivamus vestibulum sagittis sapien. Cum sociis natoque penatibus et magnis dis parturient montes, nascetur ridiculus mus. Etiam vel augue."
278.1,588,Praesent blandit.
294.21,611,Aliquam non mauris.
311.36,503,Vivamus tortor.
667.38,897,"Cum sociis natoque penatibus et magnis dis parturient montes, nascetur ridiculus mus. Vivamus vestibulum sagittis sapien."
418.58,517,Integer ac neque.
544.59,996,"Nulla neque libero, convallis eget, eleifend luctus, ultricies eu, nibh."
688.75,704,Aenean auctor gravida sem. Praesent id massa id nisl venenatis lacinia.
683.77,669,Maecenas pulvinar lobortis est. Phasellus sit amet erat. Nulla tempus.
288.34,637,In quis justo.
502.97,874,Nam tristique tortor eu pede.
218.48,891,"Integer aliquet, massa id lobortis convallis, tortor risus dapibus augue, vel accumsan tellus nisi eu orci."
660.0,915,Curabitur gravida nisi at nibh. In hac habitasse platea dictumst.
557.1,621,Vivamus vestibulum sagittis sapien.
420.45,941,Sed sagittis.
332.64,693,"Vivamus vel nulla eget eros elementum pellentesque. Quisque porta volutpat erat. Quisque erat eros, viverra eget, congue eget, semper rutrum, nulla."
714.64,797,Maecenas pulvinar lobortis est. Phasellus sit amet erat. Nulla tempus.
845.2,539,Duis aliquam convallis nunc. Proin at turpis a pede posuere nonummy. Integer non velit.
579.33,597,"Nam congue, risus semper porta volutpat, quam pede lobortis ligula, sit amet eleifend pede libero quis orci. Nullam molestie nibh in lectus."
357.37,764,"Fusce posuere felis sed lacus. Morbi sem mauris, laoreet ut, rhoncus aliquet, pulvinar sed, nisl."
124.03,579,"Quisque arcu libero, rutrum ac, lobortis vel, dapibus at, diam. Nam tristique tortor eu pede."
205.29,530,Sed vel enim sit amet nunc viverra dapibus.
863.93,472,Integer a nibh. In quis justo.
989.03,788,Duis ac nibh.
186.01,952,Aenean auctor gravida sem.
638.38,963,Nulla ut erat id mauris vulputate elementum. Nullam varius.
112.62,809,"Curabitur at ipsum ac tellus semper interdum. Mauris ullamcorper purus sit amet nulla. Quisque arcu libero, rutrum ac, lobortis vel, dapibus at, diam."
953.13,731,Nullam varius. Nulla facilisi. Cras non velit nec nisi vulputate nonummy.
220.18,505,Proin risus. Praesent lectus.
416.53,756,Curabitur gravida nisi at nibh. In hac habitasse platea dictumst.
123.27,752,In blandit ultrices enim.
769.59,436,Duis bibendum.
271.27,869,In congue. Etiam justo.
415.7,943,Suspendisse accumsan tortor quis turpis. Sed ante. Vivamus tortor.
148.39,505,Pellentesque eget nunc. Donec quis orci eget orci vehicula condimentum. Curabitur in libero ut massa volutpat convallis.
945.86,495,Donec semper sapien a libero.
246.02,727,"Nullam orci pede, venenatis non, sodales sed, tincidunt eu, felis."
859.68,860,Curabitur convallis. Duis consequat dui nec nisi volutpat eleifend. Donec ut dolor.
777.46,558,Morbi porttitor lorem id ligula.
595.54,699,"Nam congue, risus semper porta volutpat, quam pede lobortis ligula, sit amet eleifend pede libero quis orci. Nullam molestie nibh in lectus."
274.98,558,"Fusce lacus purus, aliquet at, feugiat non, pretium quis, lectus. Suspendisse potenti."
724.03,689,Nulla tellus. In sagittis dui vel nisl. Duis ac nibh.
503.02,866,"Vivamus vel nulla eget eros elementum pellentesque. Quisque porta volutpat erat. Quisque erat eros, viverra eget, congue eget, semper rutrum, nulla."
943.42,588,"Integer pede justo, lacinia eget, tincidunt eget, tempus vel, pede."
329.6,526,Pellentesque eget nunc. Donec quis orci eget orci vehicula condimentum. Curabitur in libero ut massa volutpat convallis.
323.91,609,Morbi porttitor lorem id ligula.
109.5,581,Suspendisse accumsan tortor quis turpis.
486.75,734,Suspendisse potenti.
306.74,752,Donec posuere metus vitae ipsum. Aliquam non mauris.
259.0,548,"Aenean sit amet justo. Morbi ut odio. Cras mi pede, malesuada in, imperdiet et, commodo vulputate, justo."
735.05,960,Nullam sit amet turpis elementum ligula vehicula consequat. Morbi a ipsum.
974.14,773,Aliquam quis turpis eget elit sodales scelerisque. Mauris sit amet eros.
777.9,940,Etiam vel augue. Vestibulum rutrum rutrum neque. Aenean auctor gravida sem.
673.4,769,Nam nulla.
498.94,450,"Morbi sem mauris, laoreet ut, rhoncus aliquet, pulvinar sed, nisl. Nunc rhoncus dui vel sem."
533.57,604,"Lorem ipsum dolor sit amet, consectetuer adipiscing elit. Proin interdum mauris non ligula pellentesque ultrices. Phasellus id sapien in sapien iaculis congue."
554.78,612,Proin at turpis a pede posuere nonummy. Integer non velit.
934.28,406,Suspendisse potenti. In eleifend quam a odio.
679.55,748,"Cum sociis natoque penatibus et magnis dis parturient montes, nascetur ridiculus mus. Etiam vel augue."
591.5,456,Donec posuere metus vitae ipsum. Aliquam non mauris. Morbi non lectus.
884.66,760,Sed accumsan felis. Ut at dolor quis odio consequat varius.
687.69,815,"Suspendisse ornare consequat lectus. In est risus, auctor sed, tristique in, tempus sit amet, sem. Fusce consequat."
468.51,555,Etiam faucibus cursus urna.
719.89,533,Nullam porttitor lacus at turpis. Donec posuere metus vitae ipsum. Aliquam non mauris.
997.45,464,"In tempor, turpis nec euismod scelerisque, quam turpis adipiscing lorem, vitae mattis nibh ligula nec sem."
794.28,784,Aliquam non mauris. Morbi non lectus.
427.27,745,Phasellus sit amet erat.
187.34,755,Sed accumsan felis. Ut at dolor quis odio consequat varius.
767.84,594,"Donec ut dolor. Morbi vel lectus in quam fringilla rhoncus. Mauris enim leo, rhoncus sed, vestibulum sit amet, cursus id, turpis."
503.6,655,"Nam dui. Proin leo odio, porttitor id, consequat in, consequat ut, nulla. Sed accumsan felis."
197.89,649,"Donec diam neque, vestibulum eget, vulputate ut, ultrices vel, augue."
539.44,574,Nulla tellus.
305.72,792,Maecenas ut massa quis augue luctus tincidunt. Nulla mollis molestie lorem.
558.39,404,In hac habitasse platea dictumst.
626.83,510,Sed accumsan felis.
412.21,576,"Aenean fermentum. Donec ut mauris eget massa tempor convallis. Nulla neque libero, convallis eget, eleifend luctus, ultricies eu, nibh."
458.53,461,Donec quis orci eget orci vehicula condimentum.
637.01,491,"In tempor, turpis nec euismod scelerisque, quam turpis adipiscing lorem, vitae mattis nibh ligula nec sem. Duis aliquam convallis nunc."
957.45,730,"In est risus, auctor sed, tristique in, tempus sit amet, sem."
708.36,620,"Duis ac nibh. Fusce lacus purus, aliquet at, feugiat non, pretium quis, lectus. Suspendisse potenti."
104.44,965,Nulla ut erat id mauris vulputate elementum. Nullam varius. Nulla facilisi.
904.19,786,Ut tellus. Nulla ut erat id mauris vulputate elementum. Nullam varius.
492.51,990,"Vestibulum quam sapien, varius ut, blandit non, interdum in, ante."
886.65,534,Maecenas tincidunt lacus at velit. Vivamus vel nulla eget eros elementum pellentesque. Quisque porta volutpat erat.
479.74,840,Pellentesque eget nunc.
668.1,695,"Vestibulum quam sapien, varius ut, blandit non, interdum in, ante. Vestibulum ante ipsum primis in faucibus orci luctus et ultrices posuere cubilia Curae; Duis faucibus accumsan odio."
906.14,707,Phasellus sit amet erat. Nulla tempus. Vivamus in felis eu sapien cursus vestibulum.
615.06,970,Etiam faucibus cursus urna. Ut tellus.
795.8,440,"Quisque erat eros, viverra eget, congue eget, semper rutrum, nulla."
550.47,965,"Donec odio justo, sollicitudin ut, suscipit a, feugiat et, eros. Vestibulum ac est lacinia nisi venenatis tristique. Fusce congue, diam id ornare imperdiet, sapien urna pretium nisl, ut volutpat sapien arcu sed augue."
879.62,416,"In sagittis dui vel nisl. Duis ac nibh. Fusce lacus purus, aliquet at, feugiat non, pretium quis, lectus."
926.13,545,Nullam sit amet turpis elementum ligula vehicula consequat. Morbi a ipsum.
131.15,488,Nulla tempus.
991.28,631,Curabitur convallis. Duis consequat dui nec nisi volutpat eleifend.
617.27,940,Duis aliquam convallis nunc. Proin at turpis a pede posuere nonummy. Integer non velit.
784.13,580,Proin eu mi. Nulla ac enim.
637.58,407,Vestibulum ante ipsum primis in faucibus orci luctus et ultrices posuere cubilia Curae; Duis faucibus accumsan odio. Curabitur convallis. Duis consequat dui nec nisi volutpat eleifend.
689.35,853,"Praesent lectus. Vestibulum quam sapien, varius ut, blandit non, interdum in, ante. Vestibulum ante ipsum primis in faucibus orci luctus et ultrices posuere cubilia Curae; Duis faucibus accumsan odio."
649.39,902,"Nullam orci pede, venenatis non, sodales sed, tincidunt eu, felis."
375.05,535,Suspendisse potenti. Cras in purus eu magna vulputate luctus.
862.26,606,"In blandit ultrices enim. Lorem ipsum dolor sit amet, consectetuer adipiscing elit."
675.86,778,"In est risus, auctor sed, tristique in, tempus sit amet, sem. Fusce consequat. Nulla nisl."
608.7,451,Suspendisse potenti. In eleifend quam a odio.
505.74,417,"Nam congue, risus semper porta volutpat, quam pede lobortis ligula, sit amet eleifend pede libero quis orci."
333.41,811,"Duis bibendum, felis sed interdum venenatis, turpis enim blandit mi, in porttitor pede justo eu massa."
757.96,501,"Vestibulum ac est lacinia nisi venenatis tristique. Fusce congue, diam id ornare imperdiet, sapien urna pretium nisl, ut volutpat sapien arcu sed augue. Aliquam erat volutpat."
569.42,800,Vestibulum sed magna at nunc commodo placerat. Praesent blandit.
347.7,970,Nulla ut erat id mauris vulputate elementum. Nullam varius.
437.25,409,"In tempor, turpis nec euismod scelerisque, quam turpis adipiscing lorem, vitae mattis nibh ligula nec sem. Duis aliquam convallis nunc. Proin at turpis a pede posuere nonummy."
822.72,500,"Morbi vel lectus in quam fringilla rhoncus. Mauris enim leo, rhoncus sed, vestibulum sit amet, cursus id, turpis."
689.27,630,"Lorem ipsum dolor sit amet, consectetuer adipiscing elit. Proin risus."
370.93,730,Duis consequat dui nec nisi volutpat eleifend. Donec ut dolor. Morbi vel lectus in quam fringilla rhoncus.
136.16,515,Maecenas ut massa quis augue luctus tincidunt.
340.94,763,Nulla justo.
692.98,638,Quisque ut erat. Curabitur gravida nisi at nibh. In hac habitasse platea dictumst.
292.06,734,Suspendisse potenti.
265.35,990,Nulla facilisi. Cras non velit nec nisi vulputate nonummy. Maecenas tincidunt lacus at velit.
404.25,666,Quisque id justo sit amet sapien dignissim vestibulum.
813.91,468,Morbi a ipsum. Integer a nibh. In quis justo.
907.75,619,"Praesent blandit. Nam nulla. Integer pede justo, lacinia eget, tincidunt eget, tempus vel, pede."
207.32,631,Etiam vel augue. Vestibulum rutrum rutrum neque. Aenean auctor gravida sem.
726.45,627,Donec dapibus.
821.19,788,Fusce posuere felis sed lacus.
779.93,678,"Donec vitae nisi. Nam ultrices, libero non mattis pulvinar, nulla pede ullamcorper augue, a suscipit nulla elit ac nulla. Sed vel enim sit amet nunc viverra dapibus."
995.44,983,"Vivamus vestibulum sagittis sapien. Cum sociis natoque penatibus et magnis dis parturient montes, nascetur ridiculus mus. Etiam vel augue."
868.42,502,In quis justo. Maecenas rhoncus aliquam lacus.
265.35,959,"Phasellus id sapien in sapien iaculis congue. Vivamus metus arcu, adipiscing molestie, hendrerit at, vulputate vitae, nisl. Aenean lectus."
123.66,835,"Nunc nisl. Duis bibendum, felis sed interdum venenatis, turpis enim blandit mi, in porttitor pede justo eu massa. Donec dapibus."
197.6,818,Mauris lacinia sapien quis libero.
533.2,598,Duis at velit eu est congue elementum.
165.67,999,"Morbi sem mauris, laoreet ut, rhoncus aliquet, pulvinar sed, nisl. Nunc rhoncus dui vel sem. Sed sagittis."
257.19,879,"Morbi porttitor lorem id ligula. Suspendisse ornare consequat lectus. In est risus, auctor sed, tristique in, tempus sit amet, sem."
132.51,827,Aenean auctor gravida sem.
261.01,468,Morbi non lectus.
528.61,598,"Quisque erat eros, viverra eget, congue eget, semper rutrum, nulla. Nunc purus. Phasellus in felis."
593.21,810,Nulla ut erat id mauris vulputate elementum.
115.44,906,"Donec odio justo, sollicitudin ut, suscipit a, feugiat et, eros."
634.4,827,Nulla mollis molestie lorem. Quisque ut erat. Curabitur gravida nisi at nibh.
689.26,956,Etiam faucibus cursus urna. Ut tellus. Nulla ut erat id mauris vulputate elementum.
881.39,681,Maecenas tincidunt lacus at velit.
462.02,904,"Proin interdum mauris non ligula pellentesque ultrices. Phasellus id sapien in sapien iaculis congue. Vivamus metus arcu, adipiscing molestie, hendrerit at, vulputate vitae, nisl."
961.22,846,Praesent blandit lacinia erat. Vestibulum sed magna at nunc commodo placerat.
179.21,955,Vestibulum ante ipsum primis in faucibus orci luctus et ultrices posuere cubilia Curae; Mauris viverra diam vitae quam. Suspendisse potenti.
176.82,704,Nulla justo.
794.41,882,"Mauris ullamcorper purus sit amet nulla. Quisque arcu libero, rutrum ac, lobortis vel, dapibus at, diam."
339.52,662,Ut at dolor quis odio consequat varius. Integer ac leo. Pellentesque ultrices mattis odio.
764.63,986,Aliquam quis turpis eget elit sodales scelerisque. Mauris sit amet eros. Suspendisse accumsan tortor quis turpis.
279.3,796,Suspendisse potenti. Nullam porttitor lacus at turpis. Donec posuere metus vitae ipsum.
187.89,523,Suspendisse potenti. Nullam porttitor lacus at turpis. Donec posuere metus vitae ipsum.
981.66,928,Suspendisse accumsan tortor quis turpis. Sed ante.
636.11,812,Vivamus vel nulla eget eros elementum pellentesque.
849.06,832,In quis justo. Maecenas rhoncus aliquam lacus.
922.84,799,"Nulla neque libero, convallis eget, eleifend luctus, ultricies eu, nibh. Quisque id justo sit amet sapien dignissim vestibulum."
794.71,600,Nulla tempus.
436.07,615,Suspendisse potenti.
668.72,904,Proin risus.
645.9,956,"Aenean sit amet justo. Morbi ut odio. Cras mi pede, malesuada in, imperdiet et, commodo vulputate, justo."
914.18,901,Integer a nibh.
913.01,434,Nullam molestie nibh in lectus. Pellentesque at nulla.
803.5,559,Etiam faucibus cursus urna.
422.27,992,Donec posuere metus vitae ipsum.
497.03,880,Nam dui.
957.67,979,Donec dapibus.
118.72,546,"Proin leo odio, porttitor id, consequat in, consequat ut, nulla. Sed accumsan felis. Ut at dolor quis odio consequat varius."
607.3,510,"Vivamus vestibulum sagittis sapien. Cum sociis natoque penatibus et magnis dis parturient montes, nascetur ridiculus mus."
272.15,640,Sed accumsan felis. Ut at dolor quis odio consequat varius. Integer ac leo.
221.93,497,Sed ante. Vivamus tortor.
348.87,499,"Fusce lacus purus, aliquet at, feugiat non, pretium quis, lectus. Suspendisse potenti. In eleifend quam a odio."
740.59,933,Donec posuere metus vitae ipsum. Aliquam non mauris. Morbi non lectus.
238.71,744,Nullam varius. Nulla facilisi. Cras non velit nec nisi vulputate nonummy.
639.07,545,Maecenas rhoncus aliquam lacus.
936.13,974,"Maecenas tristique, est et tempus semper, est quam pharetra magna, ac consequat metus sapien ut nunc."
206.83,919,"Morbi sem mauris, laoreet ut, rhoncus aliquet, pulvinar sed, nisl."
248.57,898,In congue.
470.77,511,"Integer non velit. Donec diam neque, vestibulum eget, vulputate ut, ultrices vel, augue. Vestibulum ante ipsum primis in faucibus orci luctus et ultrices posuere cubilia Curae; Donec pharetra, magna vestibulum aliquet ultrices, erat tortor sollicitudin mi, sit amet lobortis sapien sapien non mi."
286.18,519,Duis consequat dui nec nisi volutpat eleifend.
847.57,424,"In tempor, turpis nec euismod scelerisque, quam turpis adipiscing lorem, vitae mattis nibh ligula nec sem."
471.97,435,Ut at dolor quis odio consequat varius.
105.68,1000,Aliquam non mauris.
284.62,808,"Mauris enim leo, rhoncus sed, vestibulum sit amet, cursus id, turpis."
650.84,616,Nulla facilisi. Cras non velit nec nisi vulputate nonummy.
904.82,725,Nulla mollis molestie lorem. Quisque ut erat. Curabitur gravida nisi at nibh.
234.12,756,Morbi vel lectus in quam fringilla rhoncus.
719.72,722,"Mauris enim leo, rhoncus sed, vestibulum sit amet, cursus id, turpis. Integer aliquet, massa id lobortis convallis, tortor risus dapibus augue, vel accumsan tellus nisi eu orci."
706.84,758,Morbi quis tortor id nulla ultrices aliquet.
882.88,777,"Quisque id justo sit amet sapien dignissim vestibulum. Vestibulum ante ipsum primis in faucibus orci luctus et ultrices posuere cubilia Curae; Nulla dapibus dolor vel est. Donec odio justo, sollicitudin ut, suscipit a, feugiat et, eros."
688.67,451,Vestibulum sed magna at nunc commodo placerat.
768.22,660,"Donec ut mauris eget massa tempor convallis. Nulla neque libero, convallis eget, eleifend luctus, ultricies eu, nibh. Quisque id justo sit amet sapien dignissim vestibulum."
287.69,683,In hac habitasse platea dictumst. Etiam faucibus cursus urna.
791.01,544,"Quisque erat eros, viverra eget, congue eget, semper rutrum, nulla. Nunc purus."
667.46,689,"Vivamus vestibulum sagittis sapien. Cum sociis natoque penatibus et magnis dis parturient montes, nascetur ridiculus mus."
532.3,793,"Quisque arcu libero, rutrum ac, lobortis vel, dapibus at, diam. Nam tristique tortor eu pede."
408.62,970,"Donec odio justo, sollicitudin ut, suscipit a, feugiat et, eros. Vestibulum ac est lacinia nisi venenatis tristique. Fusce congue, diam id ornare imperdiet, sapien urna pretium nisl, ut volutpat sapien arcu sed augue."
876.55,877,Etiam faucibus cursus urna. Ut tellus.
833.45,811,Duis aliquam convallis nunc.
368.16,675,Aenean auctor gravida sem. Praesent id massa id nisl venenatis lacinia. Aenean sit amet justo.
531.36,844,Praesent blandit. Nam nulla.
201.79,728,Aliquam non mauris.
990.53,731,Aenean lectus. Pellentesque eget nunc.
642.28,713,"Vestibulum quam sapien, varius ut, blandit non, interdum in, ante."
689.33,670,"Nam congue, risus semper porta volutpat, quam pede lobortis ligula, sit amet eleifend pede libero quis orci."
128.29,876,Praesent blandit lacinia erat. Vestibulum sed magna at nunc commodo placerat. Praesent blandit.
621.92,645,"Nam congue, risus semper porta volutpat, quam pede lobortis ligula, sit amet eleifend pede libero quis orci. Nullam molestie nibh in lectus. Pellentesque at nulla."
949.13,979,Vestibulum ante ipsum primis in faucibus orci luctus et ultrices posuere cubilia Curae; Duis faucibus accumsan odio.
931.76,408,In congue. Etiam justo. Etiam pretium iaculis justo.
250.96,759,"Suspendisse ornare consequat lectus. In est risus, auctor sed, tristique in, tempus sit amet, sem."
640.86,866,Curabitur convallis. Duis consequat dui nec nisi volutpat eleifend. Donec ut dolor.
450.24,536,"Nullam orci pede, venenatis non, sodales sed, tincidunt eu, felis. Fusce posuere felis sed lacus. Morbi sem mauris, laoreet ut, rhoncus aliquet, pulvinar sed, nisl."
537.21,592,Vestibulum rutrum rutrum neque. Aenean auctor gravida sem.
802.15,689,"Nam ultrices, libero non mattis pulvinar, nulla pede ullamcorper augue, a suscipit nulla elit ac nulla. Sed vel enim sit amet nunc viverra dapibus."
928.81,653,"In hac habitasse platea dictumst. Aliquam augue quam, sollicitudin vitae, consectetuer eget, rutrum at, lorem."
856.08,446,Proin at turpis a pede posuere nonummy.
495.34,934,Duis mattis egestas metus. Aenean fermentum.
202.49,842,Nunc rhoncus dui vel sem.
880.03,903,Pellentesque eget nunc.
815.5,742,Sed vel enim sit amet nunc viverra dapibus. Nulla suscipit ligula in lacus.
384.69,471,"Cras pellentesque volutpat dui. Maecenas tristique, est et tempus semper, est quam pharetra magna, ac consequat metus sapien ut nunc."
671.13,728,"Mauris ullamcorper purus sit amet nulla. Quisque arcu libero, rutrum ac, lobortis vel, dapibus at, diam."
648.29,411,Nullam porttitor lacus at turpis.
338.92,826,Phasellus sit amet erat.
374.43,563,"Nam ultrices, libero non mattis pulvinar, nulla pede ullamcorper augue, a suscipit nulla elit ac nulla."
836.05,580,Integer ac leo. Pellentesque ultrices mattis odio. Donec vitae nisi.
859.03,570,Nulla nisl. Nunc nisl.
704.35,600,"Donec odio justo, sollicitudin ut, suscipit a, feugiat et, eros. Vestibulum ac est lacinia nisi venenatis tristique."
268.02,905,Suspendisse accumsan tortor quis turpis. Sed ante. Vivamus tortor.
308.72,856,"Proin leo odio, porttitor id, consequat in, consequat ut, nulla. Sed accumsan felis. Ut at dolor quis odio consequat varius."
413.32,442,In eleifend quam a odio. In hac habitasse platea dictumst.
984.23,989,"Morbi sem mauris, laoreet ut, rhoncus aliquet, pulvinar sed, nisl. Nunc rhoncus dui vel sem. Sed sagittis."
745.21,626,"Morbi odio odio, elementum eu, interdum eu, tincidunt in, leo. Maecenas pulvinar lobortis est. Phasellus sit amet erat."
417.81,762,"Nam nulla. Integer pede justo, lacinia eget, tincidunt eget, tempus vel, pede."
983.68,831,Vestibulum ante ipsum primis in faucibus orci luctus et ultrices posuere cubilia Curae; Nulla dapibus dolor vel est.
499.48,652,Quisque ut erat.
973.02,792,"Nullam orci pede, venenatis non, sodales sed, tincidunt eu, felis. Fusce posuere felis sed lacus."
807.92,556,Nullam sit amet turpis elementum ligula vehicula consequat.
133.4,726,"Donec diam neque, vestibulum eget, vulputate ut, ultrices vel, augue. Vestibulum ante ipsum primis in faucibus orci luctus et ultrices posuere cubilia Curae; Donec pharetra, magna vestibulum aliquet ultrices, erat tortor sollicitudin mi, sit amet lobortis sapien sapien non mi. Integer ac neque."
872.85,546,Curabitur gravida nisi at nibh.
114.33,889,Etiam justo.
915.51,696,Vestibulum ac est lacinia nisi venenatis tristique.
934.18,474,Aliquam non mauris.
183.4,931,Mauris sit amet eros.
836.26,631,Nunc purus. Phasellus in felis. Donec semper sapien a libero.
621.47,937,Etiam justo.
387.86,510,"Maecenas leo odio, condimentum id, luctus nec, molestie sed, justo. Pellentesque viverra pede ac diam."
789.61,533,Etiam vel augue. Vestibulum rutrum rutrum neque.
448.67,534,Vivamus vestibulum sagittis sapien.
977.0,688,"Proin interdum mauris non ligula pellentesque ultrices. Phasellus id sapien in sapien iaculis congue. Vivamus metus arcu, adipiscing molestie, hendrerit at, vulputate vitae, nisl."
492.88,848,"Quisque porta volutpat erat. Quisque erat eros, viverra eget, congue eget, semper rutrum, nulla."
251.19,612,"Aliquam sit amet diam in magna bibendum imperdiet. Nullam orci pede, venenatis non, sodales sed, tincidunt eu, felis."
170.13,466,Vivamus vel nulla eget eros elementum pellentesque.
757.16,685,Praesent id massa id nisl venenatis lacinia. Aenean sit amet justo. Morbi ut odio.
756.63,911,"Cum sociis natoque penatibus et magnis dis parturient montes, nascetur ridiculus mus. Vivamus vestibulum sagittis sapien."
356.89,667,Suspendisse accumsan tortor quis turpis. Sed ante. Vivamus tortor.
222.94,848,In sagittis dui vel nisl. Duis ac nibh.
341.23,709,Donec posuere metus vitae ipsum. Aliquam non mauris.
776.55,810,Donec dapibus. Duis at velit eu est congue elementum.
769.91,506,Pellentesque ultrices mattis odio. Donec vitae nisi.
343.24,637,Vivamus vestibulum sagittis sapien.
490.74,851,Nulla facilisi. Cras non velit nec nisi vulputate nonummy. Maecenas tincidunt lacus at velit.
401.55,453,Nunc purus. Phasellus in felis.
340.65,408,Aliquam erat volutpat.
189.94,491,Vestibulum rutrum rutrum neque. Aenean auctor gravida sem. Praesent id massa id nisl venenatis lacinia.
776.4,704,In quis justo. Maecenas rhoncus aliquam lacus.
419.21,631,Suspendisse potenti.
880.65,658,Vivamus tortor. Duis mattis egestas metus.
682.93,723,Duis consequat dui nec nisi volutpat eleifend.
695.94,571,Morbi porttitor lorem id ligula. Suspendisse ornare consequat lectus.
649.13,739,"Donec diam neque, vestibulum eget, vulputate ut, ultrices vel, augue. Vestibulum ante ipsum primis in faucibus orci luctus et ultrices posuere cubilia Curae; Donec pharetra, magna vestibulum aliquet ultrices, erat tortor sollicitudin mi, sit amet lobortis sapien sapien non mi. Integer ac neque."
842.47,653,"Morbi sem mauris, laoreet ut, rhoncus aliquet, pulvinar sed, nisl. Nunc rhoncus dui vel sem. Sed sagittis."
928.52,852,Nulla tellus. In sagittis dui vel nisl.
966.0,822,Vestibulum ante ipsum primis in faucibus orci luctus et ultrices posuere cubilia Curae; Duis faucibus accumsan odio. Curabitur convallis.
421.52,899,Integer ac neque.
976.4,998,In quis justo.
317.84,603,Cras non velit nec nisi vulputate nonummy.
325.43,531,Morbi a ipsum. Integer a nibh. In quis justo.
710.68,636,Integer tincidunt ante vel ipsum. Praesent blandit lacinia erat.
844.88,640,"Nullam orci pede, venenatis non, sodales sed, tincidunt eu, felis."
179.1,624,Aliquam erat volutpat.
844.25,703,Nulla justo. Aliquam quis turpis eget elit sodales scelerisque. Mauris sit amet eros.
440.9,647,Duis at velit eu est congue elementum.
697.31,690,"Nulla ac enim. In tempor, turpis nec euismod scelerisque, quam turpis adipiscing lorem, vitae mattis nibh ligula nec sem."
561.9,487,Curabitur at ipsum ac tellus semper interdum. Mauris ullamcorper purus sit amet nulla.
743.17,776,"Maecenas leo odio, condimentum id, luctus nec, molestie sed, justo. Pellentesque viverra pede ac diam."
772.07,601,Curabitur at ipsum ac tellus semper interdum. Mauris ullamcorper purus sit amet nulla.
818.53,597,Ut at dolor quis odio consequat varius.
296.28,784,"Fusce congue, diam id ornare imperdiet, sapien urna pretium nisl, ut volutpat sapien arcu sed augue. Aliquam erat volutpat. In congue."
268.07,788,Donec dapibus. Duis at velit eu est congue elementum. In hac habitasse platea dictumst.
980.38,562,Vivamus tortor.
409.8,462,Phasellus sit amet erat. Nulla tempus.
895.54,866,"Curabitur in libero ut massa volutpat convallis. Morbi odio odio, elementum eu, interdum eu, tincidunt in, leo."
535.15,794,"Quisque arcu libero, rutrum ac, lobortis vel, dapibus at, diam. Nam tristique tortor eu pede."
728.32,491,Nullam molestie nibh in lectus. Pellentesque at nulla.
445.13,582,Mauris sit amet eros. Suspendisse accumsan tortor quis turpis. Sed ante.
219.59,505,"Donec diam neque, vestibulum eget, vulputate ut, ultrices vel, augue. Vestibulum ante ipsum primis in faucibus orci luctus et ultrices posuere cubilia Curae; Donec pharetra, magna vestibulum aliquet ultrices, erat tortor sollicitudin mi, sit amet lobortis sapien sapien non mi."
635.87,463,Aliquam erat volutpat. In congue.
548.51,741,Duis mattis egestas metus. Aenean fermentum. Donec ut mauris eget massa tempor convallis.
317.25,541,"In est risus, auctor sed, tristique in, tempus sit amet, sem. Fusce consequat."
146.36,579,Morbi a ipsum. Integer a nibh.
930.13,577,"Curabitur in libero ut massa volutpat convallis. Morbi odio odio, elementum eu, interdum eu, tincidunt in, leo."
342.56,739,Nulla nisl.
584.17,881,"Vestibulum ante ipsum primis in faucibus orci luctus et ultrices posuere cubilia Curae; Donec pharetra, magna vestibulum aliquet ultrices, erat tortor sollicitudin mi, sit amet lobortis sapien sapien non mi. Integer ac neque. Duis bibendum."
629.09,625,Nulla justo. Aliquam quis turpis eget elit sodales scelerisque. Mauris sit amet eros.
932.15,643,Praesent blandit lacinia erat. Vestibulum sed magna at nunc commodo placerat.
826.43,639,Maecenas pulvinar lobortis est. Phasellus sit amet erat.
519.79,775,"Duis ac nibh. Fusce lacus purus, aliquet at, feugiat non, pretium quis, lectus. Suspendisse potenti."
386.69,440,Praesent id massa id nisl venenatis lacinia. Aenean sit amet justo.
963.65,788,"Quisque id justo sit amet sapien dignissim vestibulum. Vestibulum ante ipsum primis in faucibus orci luctus et ultrices posuere cubilia Curae; Nulla dapibus dolor vel est. Donec odio justo, sollicitudin ut, suscipit a, feugiat et, eros."
786.15,662,"Cras mi pede, malesuada in, imperdiet et, commodo vulputate, justo. In blandit ultrices enim. Lorem ipsum dolor sit amet, consectetuer adipiscing elit."
995.57,685,Donec posuere metus vitae ipsum.
911.55,896,Donec ut dolor. Morbi vel lectus in quam fringilla rhoncus.
763.61,722,Nullam varius.
723.71,766,"Morbi quis tortor id nulla ultrices aliquet. Maecenas leo odio, condimentum id, luctus nec, molestie sed, justo."
116.26,635,"In hac habitasse platea dictumst. Aliquam augue quam, sollicitudin vitae, consectetuer eget, rutrum at, lorem. Integer tincidunt ante vel ipsum."
845.08,840,In eleifend quam a odio. In hac habitasse platea dictumst.
345.67,425,Integer tincidunt ante vel ipsum. Praesent blandit lacinia erat.
208.83,921,"Morbi quis tortor id nulla ultrices aliquet. Maecenas leo odio, condimentum id, luctus nec, molestie sed, justo. Pellentesque viverra pede ac diam."
416.27,623,Nulla facilisi. Cras non velit nec nisi vulputate nonummy. Maecenas tincidunt lacus at velit.
654.12,867,"Integer non velit. Donec diam neque, vestibulum eget, vulputate ut, ultrices vel, augue."
123.62,486,Phasellus sit amet erat. Nulla tempus. Vivamus in felis eu sapien cursus vestibulum.
629.02,448,"Phasellus id sapien in sapien iaculis congue. Vivamus metus arcu, adipiscing molestie, hendrerit at, vulputate vitae, nisl."
347.5,593,Mauris sit amet eros. Suspendisse accumsan tortor quis turpis.
977.02,857,Morbi a ipsum. Integer a nibh. In quis justo.
765.98,536,"Integer pede justo, lacinia eget, tincidunt eget, tempus vel, pede. Morbi porttitor lorem id ligula. Suspendisse ornare consequat lectus."
356.87,577,Mauris lacinia sapien quis libero.
166.67,906,"Vestibulum ante ipsum primis in faucibus orci luctus et ultrices posuere cubilia Curae; Nulla dapibus dolor vel est. Donec odio justo, sollicitudin ut, suscipit a, feugiat et, eros. Vestibulum ac est lacinia nisi venenatis tristique."
421.91,637,In sagittis dui vel nisl. Duis ac nibh.
391.93,611,Vivamus tortor. Duis mattis egestas metus.
227.05,998,Morbi non quam nec dui luctus rutrum.
980.48,644,Integer ac neque. Duis bibendum. Morbi non quam nec dui luctus rutrum.
512.57,922,Aenean sit amet justo. Morbi ut odio.
697.67,640,"Cras in purus eu magna vulputate luctus. Cum sociis natoque penatibus et magnis dis parturient montes, nascetur ridiculus mus."
241.04,928,Praesent blandit lacinia erat. Vestibulum sed magna at nunc commodo placerat.
168.48,599,Etiam justo. Etiam pretium iaculis justo.
164.48,463,Morbi non lectus. Aliquam sit amet diam in magna bibendum imperdiet.
352.47,611,"Nam congue, risus semper porta volutpat, quam pede lobortis ligula, sit amet eleifend pede libero quis orci. Nullam molestie nibh in lectus."
410.62,772,"Nulla neque libero, convallis eget, eleifend luctus, ultricies eu, nibh."
176.3,588,"Duis at velit eu est congue elementum. In hac habitasse platea dictumst. Morbi vestibulum, velit id pretium iaculis, diam erat fermentum justo, nec condimentum neque sapien placerat ante."
223.54,962,Etiam justo. Etiam pretium iaculis justo. In hac habitasse platea dictumst.
951.85,501,In eleifend quam a odio. In hac habitasse platea dictumst. Maecenas ut massa quis augue luctus tincidunt.
432.21,786,"Mauris enim leo, rhoncus sed, vestibulum sit amet, cursus id, turpis. Integer aliquet, massa id lobortis convallis, tortor risus dapibus augue, vel accumsan tellus nisi eu orci. Mauris lacinia sapien quis libero."
593.28,521,"Donec diam neque, vestibulum eget, vulputate ut, ultrices vel, augue. Vestibulum ante ipsum primis in faucibus orci luctus et ultrices posuere cubilia Curae; Donec pharetra, magna vestibulum aliquet ultrices, erat tortor sollicitudin mi, sit amet lobortis sapien sapien non mi."
429.5,492,"Aenean sit amet justo. Morbi ut odio. Cras mi pede, malesuada in, imperdiet et, commodo vulputate, justo."
683.07,707,Nunc rhoncus dui vel sem. Sed sagittis.
895.89,477,Pellentesque eget nunc.
919.04,408,Vestibulum ante ipsum primis in faucibus orci luctus et ultrices posuere cubilia Curae; Mauris viverra diam vitae quam. Suspendisse potenti. Nullam porttitor lacus at turpis.
512.48,885,Suspendisse potenti.
160.65,663,"Aliquam sit amet diam in magna bibendum imperdiet. Nullam orci pede, venenatis non, sodales sed, tincidunt eu, felis."
917.53,541,"In sagittis dui vel nisl. Duis ac nibh. Fusce lacus purus, aliquet at, feugiat non, pretium quis, lectus."
941.21,601,Praesent lectus.
407.13,633,Ut at dolor quis odio consequat varius. Integer ac leo. Pellentesque ultrices mattis odio.
333.05,921,"Vestibulum ante ipsum primis in faucibus orci luctus et ultrices posuere cubilia Curae; Donec pharetra, magna vestibulum aliquet ultrices, erat tortor sollicitudin mi, sit amet lobortis sapien sapien non mi."
675.41,654,In hac habitasse platea dictumst.
640.3,486,In congue. Etiam justo. Etiam pretium iaculis justo.
969.15,699,"Fusce posuere felis sed lacus. Morbi sem mauris, laoreet ut, rhoncus aliquet, pulvinar sed, nisl. Nunc rhoncus dui vel sem."
785.72,417,Vestibulum ante ipsum primis in faucibus orci luctus et ultrices posuere cubilia Curae; Mauris viverra diam vitae quam.
416.91,438,Aliquam non mauris. Morbi non lectus.
826.56,500,Praesent blandit lacinia erat.
925.96,798,In eleifend quam a odio.
663.59,675,Donec ut dolor.
208.88,563,Donec quis orci eget orci vehicula condimentum.
405.94,514,"Cras pellentesque volutpat dui. Maecenas tristique, est et tempus semper, est quam pharetra magna, ac consequat metus sapien ut nunc. Vestibulum ante ipsum primis in faucibus orci luctus et ultrices posuere cubilia Curae; Mauris viverra diam vitae quam."
269.93,744,"Nam nulla. Integer pede justo, lacinia eget, tincidunt eget, tempus vel, pede. Morbi porttitor lorem id ligula."
163.28,619,"Aliquam sit amet diam in magna bibendum imperdiet. Nullam orci pede, venenatis non, sodales sed, tincidunt eu, felis."
223.82,801,"Nulla neque libero, convallis eget, eleifend luctus, ultricies eu, nibh. Quisque id justo sit amet sapien dignissim vestibulum."
742.14,730,"Integer pede justo, lacinia eget, tincidunt eget, tempus vel, pede."
232.93,820,"Vestibulum ante ipsum primis in faucibus orci luctus et ultrices posuere cubilia Curae; Donec pharetra, magna vestibulum aliquet ultrices, erat tortor sollicitudin mi, sit amet lobortis sapien sapien non mi. Integer ac neque."
750.63,912,"Donec diam neque, vestibulum eget, vulputate ut, ultrices vel, augue."
732.04,688,Maecenas pulvinar lobortis est. Phasellus sit amet erat.
745.35,631,Quisque ut erat.
984.94,437,In hac habitasse platea dictumst.
847.06,879,Vivamus in felis eu sapien cursus vestibulum. Proin eu mi. Nulla ac enim.
243.94,820,In blandit ultrices enim.
250.7,864,"Cras in purus eu magna vulputate luctus. Cum sociis natoque penatibus et magnis dis parturient montes, nascetur ridiculus mus. Vivamus vestibulum sagittis sapien."
280.59,460,Nullam porttitor lacus at turpis. Donec posuere metus vitae ipsum.
987.23,497,"Donec ut mauris eget massa tempor convallis. Nulla neque libero, convallis eget, eleifend luctus, ultricies eu, nibh."
647.08,499,"Aliquam augue quam, sollicitudin vitae, consectetuer eget, rutrum at, lorem."
291.25,630,"Nulla neque libero, convallis eget, eleifend luctus, ultricies eu, nibh. Quisque id justo sit amet sapien dignissim vestibulum. Vestibulum ante ipsum primis in faucibus orci luctus et ultrices posuere cubilia Curae; Nulla dapibus dolor vel est."
450.19,484,Nulla justo.
954.53,515,"Vestibulum ac est lacinia nisi venenatis tristique. Fusce congue, diam id ornare imperdiet, sapien urna pretium nisl, ut volutpat sapien arcu sed augue. Aliquam erat volutpat."
253.85,854,"Mauris enim leo, rhoncus sed, vestibulum sit amet, cursus id, turpis. Integer aliquet, massa id lobortis convallis, tortor risus dapibus augue, vel accumsan tellus nisi eu orci. Mauris lacinia sapien quis libero."
447.16,647,"Nulla ac enim. In tempor, turpis nec euismod scelerisque, quam turpis adipiscing lorem, vitae mattis nibh ligula nec sem. Duis aliquam convallis nunc."
126.1,941,"Nam ultrices, libero non mattis pulvinar, nulla pede ullamcorper augue, a suscipit nulla elit ac nulla. Sed vel enim sit amet nunc viverra dapibus. Nulla suscipit ligula in lacus."
374.22,489,Donec dapibus.
235.69,509,Proin risus. Praesent lectus.
192.79,950,Etiam pretium iaculis justo.
357.99,443,Etiam faucibus cursus urna.
709.78,669,Nulla ut erat id mauris vulputate elementum.
873.19,445,Duis bibendum.
332.61,574,Cras pellentesque volutpat dui.
739.11,589,Duis at velit eu est congue elementum. In hac habitasse platea dictumst.
832.5,796,Vestibulum ante ipsum primis in faucibus orci luctus et ultrices posuere cubilia Curae; Mauris viverra diam vitae quam.
693.94,977,"Praesent lectus. Vestibulum quam sapien, varius ut, blandit non, interdum in, ante. Vestibulum ante ipsum primis in faucibus orci luctus et ultrices posuere cubilia Curae; Duis faucibus accumsan odio."
746.83,508,"Nulla neque libero, convallis eget, eleifend luctus, ultricies eu, nibh. Quisque id justo sit amet sapien dignissim vestibulum. Vestibulum ante ipsum primis in faucibus orci luctus et ultrices posuere cubilia Curae; Nulla dapibus dolor vel est."
640.51,804,"Vestibulum quam sapien, varius ut, blandit non, interdum in, ante. Vestibulum ante ipsum primis in faucibus orci luctus et ultrices posuere cubilia Curae; Duis faucibus accumsan odio."
336.52,439,Ut tellus. Nulla ut erat id mauris vulputate elementum.
352.56,417,Vivamus tortor.
206.35,545,Morbi porttitor lorem id ligula.
510.95,485,Aliquam quis turpis eget elit sodales scelerisque.
130.96,818,Duis at velit eu est congue elementum. In hac habitasse platea dictumst.
548.82,865,"Nullam orci pede, venenatis non, sodales sed, tincidunt eu, felis. Fusce posuere felis sed lacus. Morbi sem mauris, laoreet ut, rhoncus aliquet, pulvinar sed, nisl."
344.9,678,"Donec ut dolor. Morbi vel lectus in quam fringilla rhoncus. Mauris enim leo, rhoncus sed, vestibulum sit amet, cursus id, turpis."
900.01,841,In blandit ultrices enim.
753.57,711,"Morbi odio odio, elementum eu, interdum eu, tincidunt in, leo. Maecenas pulvinar lobortis est."
961.35,890,Duis consequat dui nec nisi volutpat eleifend. Donec ut dolor. Morbi vel lectus in quam fringilla rhoncus.
396.53,774,"Donec vitae nisi. Nam ultrices, libero non mattis pulvinar, nulla pede ullamcorper augue, a suscipit nulla elit ac nulla."
151.11,571,"Donec semper sapien a libero. Nam dui. Proin leo odio, porttitor id, consequat in, consequat ut, nulla."
522.95,587,Phasellus in felis.
713.82,768,Donec semper sapien a libero.
264.95,667,Etiam faucibus cursus urna.
459.28,613,"Fusce congue, diam id ornare imperdiet, sapien urna pretium nisl, ut volutpat sapien arcu sed augue. Aliquam erat volutpat."
919.88,862,"Nulla neque libero, convallis eget, eleifend luctus, ultricies eu, nibh."
655.14,724,Sed accumsan felis. Ut at dolor quis odio consequat varius.
120.2,717,Ut tellus.
342.2,905,"Fusce lacus purus, aliquet at, feugiat non, pretium quis, lectus. Suspendisse potenti. In eleifend quam a odio."
105.81,892,Vivamus in felis eu sapien cursus vestibulum. Proin eu mi.
822.95,503,Nulla justo.
870.93,942,"Integer aliquet, massa id lobortis convallis, tortor risus dapibus augue, vel accumsan tellus nisi eu orci. Mauris lacinia sapien quis libero. Nullam sit amet turpis elementum ligula vehicula consequat."
627.7,909,"Quisque porta volutpat erat. Quisque erat eros, viverra eget, congue eget, semper rutrum, nulla. Nunc purus."
757.86,835,"Suspendisse ornare consequat lectus. In est risus, auctor sed, tristique in, tempus sit amet, sem."
887.98,997,Curabitur convallis. Duis consequat dui nec nisi volutpat eleifend.
655.65,926,Nullam sit amet turpis elementum ligula vehicula consequat. Morbi a ipsum. Integer a nibh.
563.82,936,"Vestibulum quam sapien, varius ut, blandit non, interdum in, ante. Vestibulum ante ipsum primis in faucibus orci luctus et ultrices posuere cubilia Curae; Duis faucibus accumsan odio."
143.38,518,"In hac habitasse platea dictumst. Aliquam augue quam, sollicitudin vitae, consectetuer eget, rutrum at, lorem. Integer tincidunt ante vel ipsum."
375.5,655,Vestibulum sed magna at nunc commodo placerat. Praesent blandit.
424.82,435,"Nunc nisl. Duis bibendum, felis sed interdum venenatis, turpis enim blandit mi, in porttitor pede justo eu massa."
917.1,402,"Duis ac nibh. Fusce lacus purus, aliquet at, feugiat non, pretium quis, lectus. Suspendisse potenti."
785.26,742,Suspendisse accumsan tortor quis turpis.
651.84,857,"Donec diam neque, vestibulum eget, vulputate ut, ultrices vel, augue. Vestibulum ante ipsum primis in faucibus orci luctus et ultrices posuere cubilia Curae; Donec pharetra, magna vestibulum aliquet ultrices, erat tortor sollicitudin mi, sit amet lobortis sapien sapien non mi. Integer ac neque."
595.46,498,Pellentesque at nulla.
629.58,892,Praesent blandit.
899.95,989,Morbi a ipsum.
216.3,532,Aliquam erat volutpat. In congue. Etiam justo.
126.38,627,Nulla mollis molestie lorem. Quisque ut erat. Curabitur gravida nisi at nibh.
301.2,677,Proin interdum mauris non ligula pellentesque ultrices.
660.1,511,Praesent id massa id nisl venenatis lacinia.
807.16,407,Donec dapibus.
159.22,972,"Lorem ipsum dolor sit amet, consectetuer adipiscing elit. Proin risus."
335.69,795,"Duis bibendum, felis sed interdum venenatis, turpis enim blandit mi, in porttitor pede justo eu massa."
240.02,687,Morbi non quam nec dui luctus rutrum. Nulla tellus. In sagittis dui vel nisl.
160.68,861,Aliquam erat volutpat. In congue.
135.93,809,In quis justo. Maecenas rhoncus aliquam lacus. Morbi quis tortor id nulla ultrices aliquet.
722.02,567,Morbi non quam nec dui luctus rutrum.
864.87,413,In sagittis dui vel nisl. Duis ac nibh.
675.1,742,Nunc rhoncus dui vel sem.
848.07,741,"Phasellus id sapien in sapien iaculis congue. Vivamus metus arcu, adipiscing molestie, hendrerit at, vulputate vitae, nisl. Aenean lectus."
977.56,771,Suspendisse accumsan tortor quis turpis. Sed ante. Vivamus tortor.
294.53,685,Vestibulum ante ipsum primis in faucibus orci luctus et ultrices posuere cubilia Curae; Duis faucibus accumsan odio. Curabitur convallis.
950.12,676,Fusce consequat. Nulla nisl. Nunc nisl.
485.66,575,Nullam sit amet turpis elementum ligula vehicula consequat. Morbi a ipsum. Integer a nibh.
926.15,752,"Morbi vel lectus in quam fringilla rhoncus. Mauris enim leo, rhoncus sed, vestibulum sit amet, cursus id, turpis. Integer aliquet, massa id lobortis convallis, tortor risus dapibus augue, vel accumsan tellus nisi eu orci."
555.82,517,"Nullam orci pede, venenatis non, sodales sed, tincidunt eu, felis. Fusce posuere felis sed lacus. Morbi sem mauris, laoreet ut, rhoncus aliquet, pulvinar sed, nisl."
171.5,870,Ut at dolor quis odio consequat varius. Integer ac leo.
167.29,557,"In blandit ultrices enim. Lorem ipsum dolor sit amet, consectetuer adipiscing elit. Proin interdum mauris non ligula pellentesque ultrices."
479.87,565,"Curabitur at ipsum ac tellus semper interdum. Mauris ullamcorper purus sit amet nulla. Quisque arcu libero, rutrum ac, lobortis vel, dapibus at, diam."
218.84,438,Duis consequat dui nec nisi volutpat eleifend. Donec ut dolor.
942.98,537,"In hac habitasse platea dictumst. Aliquam augue quam, sollicitudin vitae, consectetuer eget, rutrum at, lorem. Integer tincidunt ante vel ipsum."
895.84,506,"Morbi sem mauris, laoreet ut, rhoncus aliquet, pulvinar sed, nisl."
116.26,884,Morbi non quam nec dui luctus rutrum. Nulla tellus.
124.6,844,Ut at dolor quis odio consequat varius.
614.92,729,"Maecenas tristique, est et tempus semper, est quam pharetra magna, ac consequat metus sapien ut nunc. Vestibulum ante ipsum primis in faucibus orci luctus et ultrices posuere cubilia Curae; Mauris viverra diam vitae quam."
191.63,616,Maecenas tincidunt lacus at velit. Vivamus vel nulla eget eros elementum pellentesque.
210.19,888,"Phasellus id sapien in sapien iaculis congue. Vivamus metus arcu, adipiscing molestie, hendrerit at, vulputate vitae, nisl. Aenean lectus."
736.82,519,"Integer aliquet, massa id lobortis convallis, tortor risus dapibus augue, vel accumsan tellus nisi eu orci. Mauris lacinia sapien quis libero."
706.86,897,Duis mattis egestas metus. Aenean fermentum.
660.52,786,"Cras mi pede, malesuada in, imperdiet et, commodo vulputate, justo."
634.28,640,Sed vel enim sit amet nunc viverra dapibus. Nulla suscipit ligula in lacus. Curabitur at ipsum ac tellus semper interdum.
467.23,707,Maecenas pulvinar lobortis est. Phasellus sit amet erat. Nulla tempus.
669.25,486,Sed accumsan felis. Ut at dolor quis odio consequat varius.
370.35,803,Integer ac leo. Pellentesque ultrices mattis odio.
113.38,514,Vestibulum sed magna at nunc commodo placerat. Praesent blandit. Nam nulla.
321.35,746,Nullam varius. Nulla facilisi.
443.93,659,"Vestibulum ac est lacinia nisi venenatis tristique. Fusce congue, diam id ornare imperdiet, sapien urna pretium nisl, ut volutpat sapien arcu sed augue."
529.55,448,Phasellus sit amet erat. Nulla tempus. Vivamus in felis eu sapien cursus vestibulum.
358.58,968,"Integer aliquet, massa id lobortis convallis, tortor risus dapibus augue, vel accumsan tellus nisi eu orci. Mauris lacinia sapien quis libero."
731.7,689,In sagittis dui vel nisl.
572.45,931,Praesent id massa id nisl venenatis lacinia. Aenean sit amet justo.
928.3,801,Maecenas pulvinar lobortis est. Phasellus sit amet erat. Nulla tempus.
223.64,606,Sed accumsan felis.
263.69,922,Proin risus. Praesent lectus.
102.95,596,"Integer aliquet, massa id lobortis convallis, tortor risus dapibus augue, vel accumsan tellus nisi eu orci. Mauris lacinia sapien quis libero."
888.77,574,Morbi porttitor lorem id ligula. Suspendisse ornare consequat lectus.
902.56,407,Aenean lectus. Pellentesque eget nunc.
763.06,907,Duis consequat dui nec nisi volutpat eleifend. Donec ut dolor.
409.63,883,"Morbi sem mauris, laoreet ut, rhoncus aliquet, pulvinar sed, nisl."
821.64,710,Curabitur gravida nisi at nibh.
703.86,918,"In est risus, auctor sed, tristique in, tempus sit amet, sem."
257.18,511,"Curabitur at ipsum ac tellus semper interdum. Mauris ullamcorper purus sit amet nulla. Quisque arcu libero, rutrum ac, lobortis vel, dapibus at, diam."
869.94,712,"Nullam orci pede, venenatis non, sodales sed, tincidunt eu, felis. Fusce posuere felis sed lacus. Morbi sem mauris, laoreet ut, rhoncus aliquet, pulvinar sed, nisl."
979.42,516,"Vestibulum quam sapien, varius ut, blandit non, interdum in, ante. Vestibulum ante ipsum primis in faucibus orci luctus et ultrices posuere cubilia Curae; Duis faucibus accumsan odio. Curabitur convallis."
552.68,614,Aenean lectus. Pellentesque eget nunc. Donec quis orci eget orci vehicula condimentum.
613.09,567,Mauris ullamcorper purus sit amet nulla.
344.23,805,Proin interdum mauris non ligula pellentesque ultrices.
566.23,695,Aliquam quis turpis eget elit sodales scelerisque. Mauris sit amet eros. Suspendisse accumsan tortor quis turpis.
471.31,789,Maecenas rhoncus aliquam lacus. Morbi quis tortor id nulla ultrices aliquet.
795.92,528,"In est risus, auctor sed, tristique in, tempus sit amet, sem. Fusce consequat. Nulla nisl."
169.67,436,Suspendisse potenti.
171.08,453,"Curabitur at ipsum ac tellus semper interdum. Mauris ullamcorper purus sit amet nulla. Quisque arcu libero, rutrum ac, lobortis vel, dapibus at, diam."
561.46,590,Integer ac leo.
321.21,923,Cras non velit nec nisi vulputate nonummy. Maecenas tincidunt lacus at velit. Vivamus vel nulla eget eros elementum pellentesque.
568.07,511,"Duis ac nibh. Fusce lacus purus, aliquet at, feugiat non, pretium quis, lectus."
547.49,639,Nulla facilisi.
473.08,696,Nulla tellus.
568.52,496,Donec ut dolor. Morbi vel lectus in quam fringilla rhoncus.
815.02,857,"Aliquam augue quam, sollicitudin vitae, consectetuer eget, rutrum at, lorem. Integer tincidunt ante vel ipsum. Praesent blandit lacinia erat."
276.94,536,"Vestibulum ac est lacinia nisi venenatis tristique. Fusce congue, diam id ornare imperdiet, sapien urna pretium nisl, ut volutpat sapien arcu sed augue."
253.95,792,"In est risus, auctor sed, tristique in, tempus sit amet, sem."
920.29,752,Maecenas pulvinar lobortis est.
641.6,999,Integer a nibh. In quis justo. Maecenas rhoncus aliquam lacus.
150.79,438,Vestibulum rutrum rutrum neque.
961.57,633,"Nam congue, risus semper porta volutpat, quam pede lobortis ligula, sit amet eleifend pede libero quis orci. Nullam molestie nibh in lectus. Pellentesque at nulla."
529.34,509,Mauris lacinia sapien quis libero.
174.18,981,Suspendisse potenti. Nullam porttitor lacus at turpis. Donec posuere metus vitae ipsum.
193.15,421,Suspendisse accumsan tortor quis turpis. Sed ante. Vivamus tortor.
784.82,880,Etiam vel augue.
317.13,959,Sed vel enim sit amet nunc viverra dapibus. Nulla suscipit ligula in lacus.
837.94,859,Praesent blandit lacinia erat. Vestibulum sed magna at nunc commodo placerat. Praesent blandit.
