airplane_id,manufacturer,model,occupancy
a001,BOEING,707-320B,160
a002,BAC,ONE-ELEVEN 400,50
a003,DOUGLAS,DC-8-61,50
a004,AIRBUS,A320-110,160
a005,FOKKER,F.28-4000,50
a006,AIRBUS,A300 B4-200,250
a007,DOUGLAS,DC-10-30CF,80
a008,FOKKER,F.28-3000,250
a009,BRITISH AEROSPACE,146-300,100
a010,FOKKER,F.28-6000,50
a011,DOUGLAS,DC-9-31,80
a012,BOEING,747-200BM,500
a013,AIRBUS,A300 B2-100,250
a014,BOEING,737-200,180
a015,DOUGLAS,MD-88,20
a016,BOEING,747-100B,500
a017,BOEING,727-200,20
a018,BOEING,767-200ERM,200
a019,BOEING,747-300,250
a020,AIRBUS,A300 B4-220F,250
a021,BRITISH AEROSPACE,146-300,100
a022,AIRBUS,A310-200,210
a023,DOUGLAS,MD-90-30,50
a024,BOEING,737-200C,180
a025,DOUGLAS,DC-9-31CF(M),50
a026,BAC/SUD,CONCORDE,100
a027,BOEING,767-200,200
a028,DOUGLAS,MD-87,80
a029,AIRBUS,A300-600R,250
a030,BOEING,747-200B,500
a031,BOEING,737-200C ADV.,180
a032,BOEING,707-320C,160
a033,DOUGLAS,DC-9-51,20
a034,BOEING,737-700,180
a035,EMBRAER,190 LR,100
a036,EMBRAER,190 AR,50
a037,AIRBUS,A321-110,200
a038,CESSNA,"441 
CONQUEST II",80
a039,ANTONOV,AN-24,100
a040,PBN,"BN-2A-III 
TRISLANDER",50
a041,CESSNA,"404 
TITAN",50
a042,BEECH,A90 KING AIR,80
a043,COMMANDER,690C,100
a044,PIPER,"PA-42 
CHEYENNE III",50
a045,BEECH,100 KING AIR,50
a046,BEECH,E90 KING AIR,80
a047,COMMANDER,680T,80
a048,YAKOVLEV,YAK-40K,80
a049,BEECH,300LW KING AIR,250
a050,MCKINNON,"G21G 
TURBO GOOSE",50
a051,MITSUBISHI,MU-2B-36A,20
a052,BEECH,C90 KING AIR,50
a053,YAKOVLEV,YAK-40D,20
a054,ANTONOV,AN-8,50
a055,ANTONOV,AN-32,50
a056,XIAN,YUN-7-100,50
a057,PIPER,PA-31 T1040,50
a058,LET,410A TURBOLET,80
a059,CESSNA,"208 
CARGOMASTER",50
a060,ANTONOV,AN-140,20
a061,CESSNA,"208B 
GRAND CARGOMASTER",100
a062,ANTONOV,AN-26B,100
a063,BEECH,C90B KING AIR,50
a064,ILYUSHIN,IL-62M,100
a065,CAIC,MA60,100
a066,ANTONOV,AN-26-100,50
a067,PBN,"BN-2 
ISLANDER",80
a068,NEIVA,"NE-821 
CARAJA (PIPER PA-31)",80
a069,QUEST,KODIAK,100
a070,BEECH,B90 KING AIR,100
a071,ANTONOV,AN-2 (PISTON),50
a072,PBN,"BN-2T 
TURBINE ISLANDER",50
a073,GRUMMAN,"159 
GULFSTREAM IC",100
a074,FAIRCHILD,F-27,100
a075,FAIRCHILD,FH-227,50
a076,CONVAIR,640,20
a077,VICKERS,800 VISCOUNT,20
a078,IPTN,CN-235-100,80
a079,DHC,DASH 8-300,250
a080,DHC,DHC-5 BUFFALO,20
a081,A.S.T.A.,"(GAF) 
NOMAD N22",80
a082,BRITISH AEROSPACE,JETSTREAM 41,100
a083,FOKKER,F.27-500,20
a084,EMBRAER,"EMB-110E(J) 
BANDEIRANTE",80
a085,BRITISH AEROSPACE,JETSTREAM 32,100
a086,LOCKHEED,"188 
ELECTRA",80
a087,IPTN,212-100,100
a088,VICKERS,700 VISCOUNT,100
a089,LOCKHEED,"100-30 
HERCULES",100
a090,DORNIER,328-100,50
a091,EMBRAER,"EMB-110P2 
BANDEIRANTE",20
a092,HAWKER-SIDDELEY,"
748 SRS.2B",80
a093,SHORTS,360-300,250
a094,CASA,CN-235-200,20
a095,FAIRCHILD,"SA-226AT 
MERLIN IVA",50
a096,GRUMMAN,"159 
GULFSTREAM I",20
a097,GRUMMAN,"TURBINE 
MALLARD",50
a098,DHC,DASH 8-400,50
a099,EMBRAER,"EMB-110 
BANDEIRANTE",20
a100,CASA,212-100,20
a101,SAAB,340A,100
a102,ATR,72-500,20
a103,DHC-6,"TWIN OTTER 
400 (VIKING)",80
