hotel_id,name,stars,street,city,state,zipcode,num_rooms,phone_num
h001,Mahali Mzuri,4,03 Pepper Wood Circle,Los Angeles,California,90035,12,4589478155
h002,Nayara Tented Group,3,0 Susan Terrace,Minneapolis,Minnesota,55417,29,2960674901
h003,The Opposite House,4,0 Hooker Hill,Flint,Michigan,48555,99,7533880147
h004,Capella Bangkok,5,942 John Wall Pass,New York City,New York,10280,101,8081502646
h005,Capella Ubud,5,571 Delladonna Court,Rockville,Maryland,20851,23,2552782145
h006,Grace Hotel,5,97688 Annamark Avenue,Flushing,New York,11388,139,3508570823
h007,Kamalame Cay,4,1999 David Lane,San Mateo,California,94405,22,1833439652
h008,The Oberoi Udaivilas,4,1 Bunting Court,Albuquerque,New Mexico,87180,87,1592513585
h009,The Temple House,4,86650 Carey Center,El Paso,Texas,88535,142,2026175328
h010,The Oberoi New Delhi,3,54535 Lakewood Gardens Circle,Chicago,Illinois,60652,220,1530603519
h011,Hotel Paracas,5,0 Spenser Court,Milwaukee,Wisconsin,53263,120,8863116556
h012,Taj Holiday Village Resort & Spa,3,912 2nd Court,Amarillo,Texas,79116,142,7275989526
h013,"Savute Elephant Lodge, A Belmond Safari",5,5681 Prairieview Drive,Santa Fe,New Mexico,87592,12,9645645129
h014,The Oberoi Vanyavilas Wildlife Resort,4,14927 Heffernan Place,Shawnee Mission,Kansas,66225,25,5062356173
h015,Mandarin Oriental Milan,4,79 Sycamore Place,Washington,District of Columbia,20036,104,7635329975
h016,La Reserve Paris,4,5738 Browning Center,Akron,Ohio,44315,40,9113200026
h017,Nobu Ryokan,4,5 Village Point,Washington,District of Columbia,20088,16,1203906253
h018,Soneva Fushi,3,37 Havey Alley,Salem,Oregon,97306,64,7847705405
h019,Shangri-La the Shard,4,981 Sage Trail,Prescott,Arizona,86305,202,2082250352
h020,Alila Manggis,3,0013 Stang Street,Burbank,California,91505,55,8821182224
h021,Phinda Vlei Lodge,3,3 Old Gate Drive,Young America,Minnesota,55557,6,9441045955
h022,Il Sereno Lago di Como,5,5 Maple Point,Scottsdale,Arizona,85271,40,7358257105
h023,Manoir Hovey,4,647 Eliot Center,Schenectady,New York,12305,36,9112968103
h024,Canaves Oia Epitome ,4,37353 Pierstorff Way,Visalia,California,93291,24,1534878839
h025,Istanbul At Sultanahmet,4,75282 Artisan Circle,Oklahoma City,Oklahoma,73109,65,2520289269
h026,The Peninsula Manila,5,65959 Center Trail,Lexington,Kentucky,40586,469,7429614545
h027,Hotel Il Pellicano,4,150 Moose Plaza,Brockton,Massachusetts,2305,47,9321983609
h028,Hotel Fasano Boa Vista,3,8333 Daystar Circle,Austin,Texas,78710,39,7809888177
h029,Halekulani Okinawa,5,5070 Duke Lane,Minneapolis,Minnesota,55436,360,5755482811
h030,The Lake House on Canandaigua,3,47789 Meadow Valley Point,New Orleans,Louisiana,70116,124,2967875150
h031,Hyatt Regency Amritsar,5,6 Green Ridge Circle,Torrance,California,90505,248,2462762631
h032,Leela Palace Udaipur,5,39892 Talmadge Center,Santa Ana,California,92705,80,9694479169
h033,Nayara Gardens,4,69 Holmberg Drive,Pittsburgh,Pennsylvania,15286,50,2387531394
h034,Pickering House Inn,5,8 Vidon Crossing,New Orleans,Louisiana,70174,10,9529302340
h035,Rancho Valencia Resort & Spa,5,3 Colorado Street,Springfield,Massachusetts,1129,49,4900756043
h036,Nihi Sumba,5,5561 Moose Avenue,Garland,Texas,75049,28,2177017514
h037,The Oberoi Mumbai,5,21622 Tennessee Place,Orlando,Florida,32803,337,1822845652
h038,Tierra Atacama Hotel & Spa,4,0 Warrior Terrace,Madison,Wisconsin,53716,32,1869464559
h039,Viceroy Riviera Maya,5,51983 Eastwood Pass,Shawnee Mission,Kansas,66286,41,5405159862
h040,St. Regis Istanbul,4,86703 Anthes Crossing,Little Rock,Arkansas,72215,118,7845960089
h041,Katikies Mykonos,4,29 Banding Pass,Baltimore,Maryland,21229,36,3987651687
h042,The Lanesborough,4,925 Nevada Road,York,Pennsylvania,17405,93,9312326243
h043,Mandarin Oriental Bangkok,5,3471 Cordelia Lane,Amarillo,Texas,79165,331,1405021327
h044,The Roundtree,4,77113 Autumn Leaf Alley,Panama City,Florida,32412,10,6097133134
h045,Mashpi Lodge,4,67 Mifflin Street,Houston,Texas,77070,24,2796518813
h046,Angama Mara,5,9 Summer Ridge Point,Mountain View,California,94042,4,4048206225
h047,Raffles Istanbul,3,55262 Cardinal Hill,Lubbock,Texas,79452,136,2047877544
h048,Grand Hotel Excelsior Vittoria,5,25 Crowley Trail,Chicago,Illinois,60604,79,4468616602
h049,Sumaq Machu Picchu Hotel,5,2 Arapahoe Way,Washington,District of Columbia,20016,62,6776176438
h050,Las Ventanas al Paraíso,4,641 Messerschmidt Lane,Charleston,West Virginia,25331,83,1273996060
h051,The Oberoi Rajvilas,4,471 High Crossing Place,Glendale,Arizona,85305,54,5563016398
h052,Viceroy Chicago,4,3 Canary Court,Akron,Ohio,44321,180,2385292474
h053,Gibb's Farm,5,47 2nd Junction,Tulsa,Oklahoma,74184,21,3208176649
h054,Singita Grumeti,3,25 Cherokee Crossing,Montpelier,Vermont,5609,15,7364757183
h055,Four Seasons Bangkok,5,8 Division Point,Helena,Montana,59623,299,6451591148
h056,The Goring,3,822 Schmedeman Place,North Little Rock,Arkansas,72199,69,1215389844
h057,The Lodge & Spa at Brush Creek Ranch,5,89926 Main Hill,Milwaukee,Wisconsin,53277,44,6464878109
h058,Taj Palace,5,334 Londonderry Court,Mesa,Arizona,85205,403,2533068899
h059,St. Regis Florence,3,120 Corben Point,Tampa,Florida,33620,99,1652704373
h060,Mandarin Oriental Paris,4,3320 Gale Center,San Luis Obispo,California,93407,135,1397258799
h061,Matetsi Victoria Falls,3,49 Grim Plaza,Detroit,Michigan,48206,18,4620508546
h062,Round Hill Hotel and Villas,4,15211 Straubel Court,Pensacola,Florida,32520,36,6386552202
h063,Khwai River Lodge,5,88790 Farwell Park,Providence,Rhode Island,2912,15,9205551663
h064,Soneva Jani,5,7859 Buell Parkway,Orlando,Florida,32819,24,7326800820
h065,The Oberoi Amarvilas,5,3 Florence Junction,North Las Vegas,Nevada,89087,102,2201037148
h066,Inn of the Five Graces,4,8 Stephen Center,Roanoke,Virginia,24040,25,6228908830
h067,"Zadun, a Ritz-Carlton Reserve",3,2 Mcbride Alley,Huntsville,Alabama,35810,115,1810380902
h068,Mfuwe Lodge,5,9 Little Fleur Drive,Bloomington,Illinois,61709,18,6909809121
h069,InterContinental Bora Bora Resort & Thalasso Spa,4,37 Leroy Street,Charlotte,North Carolina,28256,84,4714201774
h070,Banyan Tree Cabo Marqués,3,16 Texas Hill,El Paso,Texas,79911,45,8502271705
h071,Ngala Safari Lodge,5,3 Bellgrove Crossing,Ridgely,Maryland,21684,20,9551014654
h072,Sasaab,4,84 Golf View Drive,Hartford,Connecticut,6160,9,4595060437
h073,The Sukhothai Bangkok,5,34059 North Lane,Bismarck,North Dakota,58505,210,4412501132
h074,The Oberoi Grand,3,38 Hooker Center,Tampa,Florida,33647,209,1317796277
h075,Hôtel Plaza Athénée,5,60 Village Green Parkway,Arlington,Texas,76011,154,3444070253
h076,Mahekal Beach Resort,4,8582 Hanson Road,Champaign,Illinois,61825,196,9016736777
h077,The Fullerton Hotel Singapore,4,7 Calypso Way,Jeffersonville,Indiana,47134,400,3511151154
h078,Jade Mountain,5,95 Basil Court,Akron,Ohio,44310,79,4538511073
h079,Casa Chameleon,4,6058 Warbler Road,San Antonio,Texas,78291,21,4849407808
h080,Hôtel Crillon Le Brave,4,3 Clarendon Avenue,Cincinnati,Ohio,45233,34,6500646010
h081,Le Bristol Paris,4,25144 Stephen Place,Springfield,Illinois,62756,190,6352638607
h082,"Mandapa, a Ritz-Carlton Reserve",4,044 Erie Street,Kansas City,Kansas,66160,60,8120047283
h083,Six Senses Laamu,4,2841 Ridgeway Center,Hartford,Connecticut,6145,97,7482086173
h084,Waldorf Astoria Maldives Ithaafushi,4,06 Randy Point,Memphis,Tennessee,38161,119,8821351637
h085,The Wickaninnish Inn,4,02 Jana Road,San Antonio,Texas,78245,75,6134915233
h086,Penha Longa Resort,4,0564 International Road,Trenton,New Jersey,8608,44,7012607479
h087,The St. Regis Bora Bora Resort,3,681 Dayton Plaza,Los Angeles,California,90071,90,3702116891
h088,Lion Sands Game Reserve,4,89 Thierer Circle,Birmingham,Alabama,35225,18,2697854098
h089,Rambagh Palace,5,1816 Carberry Terrace,San Francisco,California,94105,78,5085009905
h090,The Oyster Box,5,5777 Haas Plaza,Denver,Colorado,80279,86,7229417912
h091,The Stafford,4,8458 Maple Wood Drive,Marietta,Georgia,30066,107,3869341297
h092,"Tambo del Inka, a Luxury Collection Resort & Spa",4,2 Prentice Pass,Grand Junction,Colorado,81505,128,7980405121
h093,Cap Maison,3,0 Loeprich Point,San Francisco,California,94105,49,7523705641
h094,Tensing Pen,4,12618 Stone Corner Crossing,Seattle,Washington,98166,22,8723726082
h095,Hôtel Le Toiny,4,6 Redwing Avenue,Ocala,Florida,34474,22,8893719540
h096,Rosewood Mayakoba,5,814 3rd Circle,Lafayette,Indiana,47905,129,5662650428
h097,Canaves Oia Boutique Hotel,3,68233 Stoughton Center,Springfield,Missouri,65810,18,1592842262
h098,Montage Los Cabos,4,5074 Arapahoe Hill,Washington,District of Columbia,20557,122,4013711417
h099,Badrutt's Palace Hotel,4,2 Forest Dale Lane,Los Angeles,California,90010,157,7083271514
h100,Finca Cortesin Hotel Golf & Spa,3,444 Arrowood Circle,Spokane,Washington,99252,67,2535900121
