hotel_id,name,stars,street,city,state,zipcode,num_rooms,phone_num
h001,Mahali Mzuri,4,03 Pepper Wood Circle,Los Angeles,California,90035,12,9690587498
h002,Nayara Tented Group,5,0 Susan Terrace,Minneapolis,Minnesota,55417,29,3942458375
h003,The Opposite House,4,0 Hooker Hill,Flint,Michigan,48555,99,7317227131
h004,Capella Bangkok,3,942 John Wall Pass,New York City,New York,10280,101,6851978165
h005,Capella Ubud,5,571 Delladonna Court,Rockville,Maryland,20851,23,1797445373
h006,Grace Hotel,5,97688 Annamark Avenue,Flushing,New York,11388,139,2712524424
h007,Kamalame Cay,5,1999 David Lane,San Mateo,California,94405,22,3514447736
h008,The Oberoi Udaivilas,4,1 Bunting Court,Albuquerque,New Mexico,87180,87,5412394286
h009,The Temple House,5,86650 Carey Center,El Paso,Texas,88535,142,9704511889
h010,The Oberoi New Delhi,3,54535 Lakewood Gardens Circle,Chicago,Illinois,60652,220,9587094949
h011,Hotel Paracas,5,0 Spenser Court,Milwaukee,Wisconsin,53263,120,1431408651
h012,Taj Holiday Village Resort & Spa,3,912 2nd Court,Amarillo,Texas,79116,142,7892786405
h013,"Savute Elephant Lodge, A Belmond Safari",5,5681 Prairieview Drive,Santa Fe,New Mexico,87592,12,3015418637
h014,The Oberoi Vanyavilas Wildlife Resort,5,14927 Heffernan Place,Shawnee Mission,Kansas,66225,25,8122328926
h015,Mandarin Oriental Milan,5,79 Sycamore Place,Washington,District of Columbia,20036,104,6168824875
h016,La Reserve Paris,4,5738 Browning Center,Akron,Ohio,44315,40,7821019954
h017,Nobu Ryokan,5,5 Village Point,Washington,District of Columbia,20088,16,4041531140
h018,Soneva Fushi,4,37 Havey Alley,Salem,Oregon,97306,64,1943197527
h019,Shangri-La the Shard,5,981 Sage Trail,Prescott,Arizona,86305,202,9274941764
h020,Alila Manggis,4,0013 Stang Street,Burbank,California,91505,55,2843852178
h021,Phinda Vlei Lodge,5,3 Old Gate Drive,Young America,Minnesota,55557,6,5781708540
h022,Il Sereno Lago di Como,4,5 Maple Point,Scottsdale,Arizona,85271,40,5049777922
h023,Manoir Hovey,4,647 Eliot Center,Schenectady,New York,12305,36,5284424635
h024,Canaves Oia Epitome ,4,37353 Pierstorff Way,Visalia,California,93291,24,7517391740
h025,Istanbul At Sultanahmet,4,75282 Artisan Circle,Oklahoma City,Oklahoma,73109,65,2366725168
h026,The Peninsula Manila,4,65959 Center Trail,Lexington,Kentucky,40586,469,6234874262
h027,Hotel Il Pellicano,5,150 Moose Plaza,Brockton,Massachusetts,2305,47,7973189920
h028,Hotel Fasano Boa Vista,4,8333 Daystar Circle,Austin,Texas,78710,39,5249679963
h029,Halekulani Okinawa,4,5070 Duke Lane,Minneapolis,Minnesota,55436,360,6988751130
h030,The Lake House on Canandaigua,5,47789 Meadow Valley Point,New Orleans,Louisiana,70116,124,7206804852
h031,Hyatt Regency Amritsar,4,6 Green Ridge Circle,Torrance,California,90505,248,9052243591
h032,Leela Palace Udaipur,4,39892 Talmadge Center,Santa Ana,California,92705,80,8964683464
h033,Nayara Gardens,3,69 Holmberg Drive,Pittsburgh,Pennsylvania,15286,50,7182390921
h034,Pickering House Inn,3,8 Vidon Crossing,New Orleans,Louisiana,70174,10,5415553288
h035,Rancho Valencia Resort & Spa,5,3 Colorado Street,Springfield,Massachusetts,1129,49,7143678937
h036,Nihi Sumba,4,5561 Moose Avenue,Garland,Texas,75049,28,2587239501
h037,The Oberoi Mumbai,4,21622 Tennessee Place,Orlando,Florida,32803,337,7919415795
h038,Tierra Atacama Hotel & Spa,5,0 Warrior Terrace,Madison,Wisconsin,53716,32,4074933022
h039,Viceroy Riviera Maya,5,51983 Eastwood Pass,Shawnee Mission,Kansas,66286,41,5369522511
h040,St. Regis Istanbul,4,86703 Anthes Crossing,Little Rock,Arkansas,72215,118,4204141300
h041,Katikies Mykonos,4,29 Banding Pass,Baltimore,Maryland,21229,36,7871051689
h042,The Lanesborough,3,925 Nevada Road,York,Pennsylvania,17405,93,3086179232
h043,Mandarin Oriental Bangkok,5,3471 Cordelia Lane,Amarillo,Texas,79165,331,8739436563
h044,The Roundtree,4,77113 Autumn Leaf Alley,Panama City,Florida,32412,10,1743580207
h045,Mashpi Lodge,3,67 Mifflin Street,Houston,Texas,77070,24,7340843924
h046,Angama Mara,4,9 Summer Ridge Point,Mountain View,California,94042,4,6674821401
h047,Raffles Istanbul,4,55262 Cardinal Hill,Lubbock,Texas,79452,136,2381756196
h048,Grand Hotel Excelsior Vittoria,5,25 Crowley Trail,Chicago,Illinois,60604,79,9831436121
h049,Sumaq Machu Picchu Hotel,3,2 Arapahoe Way,Washington,District of Columbia,20016,62,4349548103
h050,Las Ventanas al Paraíso,4,641 Messerschmidt Lane,Charleston,West Virginia,25331,83,4029918911
h051,The Oberoi Rajvilas,4,471 High Crossing Place,Glendale,Arizona,85305,54,4189305237
h052,Viceroy Chicago,4,3 Canary Court,Akron,Ohio,44321,180,3529989528
h053,Gibb's Farm,4,47 2nd Junction,Tulsa,Oklahoma,74184,21,6526703088
h054,Singita Grumeti,4,25 Cherokee Crossing,Montpelier,Vermont,5609,15,4090490079
h055,Four Seasons Bangkok,4,8 Division Point,Helena,Montana,59623,299,8575251060
h056,The Goring,4,822 Schmedeman Place,North Little Rock,Arkansas,72199,69,4045882525
h057,The Lodge & Spa at Brush Creek Ranch,5,89926 Main Hill,Milwaukee,Wisconsin,53277,44,2197754576
h058,Taj Palace,5,334 Londonderry Court,Mesa,Arizona,85205,403,7753958223
h059,St. Regis Florence,4,120 Corben Point,Tampa,Florida,33620,99,3960197023
h060,Mandarin Oriental Paris,5,3320 Gale Center,San Luis Obispo,California,93407,135,5743133951
h061,Matetsi Victoria Falls,3,49 Grim Plaza,Detroit,Michigan,48206,18,1967555310
h062,Round Hill Hotel and Villas,3,15211 Straubel Court,Pensacola,Florida,32520,36,6864357885
h063,Khwai River Lodge,5,88790 Farwell Park,Providence,Rhode Island,2912,15,3659086208
h064,Soneva Jani,3,7859 Buell Parkway,Orlando,Florida,32819,24,4263222401
h065,The Oberoi Amarvilas,4,3 Florence Junction,North Las Vegas,Nevada,89087,102,3686313575
h066,Inn of the Five Graces,4,8 Stephen Center,Roanoke,Virginia,24040,25,7520189225
h067,"Zadun, a Ritz-Carlton Reserve",3,2 Mcbride Alley,Huntsville,Alabama,35810,115,5486539640
h068,Mfuwe Lodge,3,9 Little Fleur Drive,Bloomington,Illinois,61709,18,5855350470
h069,InterContinental Bora Bora Resort & Thalasso Spa,3,37 Leroy Street,Charlotte,North Carolina,28256,84,1157274722
h070,Banyan Tree Cabo Marqués,5,16 Texas Hill,El Paso,Texas,79911,45,8649141955
h071,Ngala Safari Lodge,3,3 Bellgrove Crossing,Ridgely,Maryland,21684,20,9645699368
h072,Sasaab,4,84 Golf View Drive,Hartford,Connecticut,6160,9,5302592252
h073,The Sukhothai Bangkok,4,34059 North Lane,Bismarck,North Dakota,58505,210,5146960864
h074,The Oberoi Grand,4,38 Hooker Center,Tampa,Florida,33647,209,2336101100
h075,Hôtel Plaza Athénée,4,60 Village Green Parkway,Arlington,Texas,76011,154,2434787272
h076,Mahekal Beach Resort,4,8582 Hanson Road,Champaign,Illinois,61825,196,9305675439
h077,The Fullerton Hotel Singapore,4,7 Calypso Way,Jeffersonville,Indiana,47134,400,8120602790
h078,Jade Mountain,3,95 Basil Court,Akron,Ohio,44310,79,7244271149
h079,Casa Chameleon,5,6058 Warbler Road,San Antonio,Texas,78291,21,6106439743
h080,Hôtel Crillon Le Brave,5,3 Clarendon Avenue,Cincinnati,Ohio,45233,34,4095747660
h081,Le Bristol Paris,3,25144 Stephen Place,Springfield,Illinois,62756,190,7818385523
h082,"Mandapa, a Ritz-Carlton Reserve",5,044 Erie Street,Kansas City,Kansas,66160,60,6263737081
h083,Six Senses Laamu,5,2841 Ridgeway Center,Hartford,Connecticut,6145,97,3295330778
h084,Waldorf Astoria Maldives Ithaafushi,5,06 Randy Point,Memphis,Tennessee,38161,119,4223620625
h085,The Wickaninnish Inn,3,02 Jana Road,San Antonio,Texas,78245,75,8628733169
h086,Penha Longa Resort,5,0564 International Road,Trenton,New Jersey,8608,44,5200814554
h087,The St. Regis Bora Bora Resort,4,681 Dayton Plaza,Los Angeles,California,90071,90,7448737704
h088,Lion Sands Game Reserve,3,89 Thierer Circle,Birmingham,Alabama,35225,18,4681625484
h089,Rambagh Palace,3,1816 Carberry Terrace,San Francisco,California,94105,78,9796875899
h090,The Oyster Box,3,5777 Haas Plaza,Denver,Colorado,80279,86,7915664481
h091,The Stafford,5,8458 Maple Wood Drive,Marietta,Georgia,30066,107,9962314129
h092,"Tambo del Inka, a Luxury Collection Resort & Spa",4,2 Prentice Pass,Grand Junction,Colorado,81505,128,3968086575
h093,Cap Maison,4,0 Loeprich Point,San Francisco,California,94105,49,6569567552
h094,Tensing Pen,5,12618 Stone Corner Crossing,Seattle,Washington,98166,22,7209478250
h095,Hôtel Le Toiny,4,6 Redwing Avenue,Ocala,Florida,34474,22,2837407523
h096,Rosewood Mayakoba,4,814 3rd Circle,Lafayette,Indiana,47905,129,2367619621
h097,Canaves Oia Boutique Hotel,3,68233 Stoughton Center,Springfield,Missouri,65810,18,5460967452
h098,Montage Los Cabos,3,5074 Arapahoe Hill,Washington,District of Columbia,20557,122,7457692273
h099,Badrutt's Palace Hotel,4,2 Forest Dale Lane,Los Angeles,California,90010,157,7359493091
h100,Finca Cortesin Hotel Golf & Spa,5,444 Arrowood Circle,Spokane,Washington,99252,67,7428543253
