type_id,room_price,room_desc,footprint,bed_size
t001,109.84,"Integer aliquet, massa id lobortis convallis, tortor risus dapibus augue, vel accumsan tellus nisi eu orci. Mauris lacinia sapien quis libero. Nullam sit amet turpis elementum ligula vehicula consequat.",833,queen
t002,821.7,Morbi porttitor lorem id ligula. Suspendisse ornare consequat lectus.,803,studio
t003,772.15,"Maecenas leo odio, condimentum id, luctus nec, molestie sed, justo. Pellentesque viverra pede ac diam. Cras pellentesque volutpat dui.",441,queen
t004,735.93,In hac habitasse platea dictumst. Maecenas ut massa quis augue luctus tincidunt.,928,studio
t005,586.69,"Suspendisse ornare consequat lectus. In est risus, auctor sed, tristique in, tempus sit amet, sem.",602,twin
t006,143.01,"Maecenas tristique, est et tempus semper, est quam pharetra magna, ac consequat metus sapien ut nunc.",836,twin
t007,827.59,"Vestibulum ac est lacinia nisi venenatis tristique. Fusce congue, diam id ornare imperdiet, sapien urna pretium nisl, ut volutpat sapien arcu sed augue.",770,twin
t008,557.34,Maecenas tincidunt lacus at velit. Vivamus vel nulla eget eros elementum pellentesque. Quisque porta volutpat erat.,791,king
t009,905.58,Duis consequat dui nec nisi volutpat eleifend. Donec ut dolor.,595,double-double
t010,660.92,In hac habitasse platea dictumst.,734,queen
t011,329.05,Duis aliquam convallis nunc. Proin at turpis a pede posuere nonummy. Integer non velit.,487,twin
t012,766.94,Nullam porttitor lacus at turpis.,996,queen
t013,903.71,Suspendisse potenti. In eleifend quam a odio.,862,double-double
t014,400.81,"Mauris enim leo, rhoncus sed, vestibulum sit amet, cursus id, turpis. Integer aliquet, massa id lobortis convallis, tortor risus dapibus augue, vel accumsan tellus nisi eu orci. Mauris lacinia sapien quis libero.",509,queen
t015,825.49,Vivamus vel nulla eget eros elementum pellentesque. Quisque porta volutpat erat.,540,king
t016,373.92,Phasellus sit amet erat. Nulla tempus. Vivamus in felis eu sapien cursus vestibulum.,466,queen
t017,856.17,Morbi non quam nec dui luctus rutrum.,530,hollywood twin
t018,790.71,"Quisque porta volutpat erat. Quisque erat eros, viverra eget, congue eget, semper rutrum, nulla.",797,twin
t019,156.44,"Donec ut dolor. Morbi vel lectus in quam fringilla rhoncus. Mauris enim leo, rhoncus sed, vestibulum sit amet, cursus id, turpis.",720,hollywood twin
t020,629.31,Etiam pretium iaculis justo.,874,studio
t021,276.46,"Praesent lectus. Vestibulum quam sapien, varius ut, blandit non, interdum in, ante.",799,king
t022,176.33,Suspendisse accumsan tortor quis turpis. Sed ante. Vivamus tortor.,841,queen
t023,850.5,"Maecenas tristique, est et tempus semper, est quam pharetra magna, ac consequat metus sapien ut nunc. Vestibulum ante ipsum primis in faucibus orci luctus et ultrices posuere cubilia Curae; Mauris viverra diam vitae quam. Suspendisse potenti.",575,studio
t024,493.75,Phasellus in felis. Donec semper sapien a libero.,612,king
t025,775.03,"Vestibulum ante ipsum primis in faucibus orci luctus et ultrices posuere cubilia Curae; Nulla dapibus dolor vel est. Donec odio justo, sollicitudin ut, suscipit a, feugiat et, eros. Vestibulum ac est lacinia nisi venenatis tristique.",565,studio
t026,262.81,Vestibulum ante ipsum primis in faucibus orci luctus et ultrices posuere cubilia Curae; Nulla dapibus dolor vel est.,407,queen
t027,861.52,"Donec semper sapien a libero. Nam dui. Proin leo odio, porttitor id, consequat in, consequat ut, nulla.",421,double-double
t028,865.95,"Cum sociis natoque penatibus et magnis dis parturient montes, nascetur ridiculus mus. Vivamus vestibulum sagittis sapien. Cum sociis natoque penatibus et magnis dis parturient montes, nascetur ridiculus mus.",818,twin
t029,595.02,Suspendisse potenti.,648,double-double
t030,168.16,"Nam congue, risus semper porta volutpat, quam pede lobortis ligula, sit amet eleifend pede libero quis orci. Nullam molestie nibh in lectus.",673,hollywood twin
t031,119.27,"In hac habitasse platea dictumst. Morbi vestibulum, velit id pretium iaculis, diam erat fermentum justo, nec condimentum neque sapien placerat ante. Nulla justo.",806,twin
t032,130.45,Aliquam erat volutpat.,856,studio
t033,537.45,Nulla justo. Aliquam quis turpis eget elit sodales scelerisque.,691,hollywood twin
t034,156.03,Nulla mollis molestie lorem. Quisque ut erat. Curabitur gravida nisi at nibh.,610,king
t035,862.88,In hac habitasse platea dictumst.,972,hollywood twin
t036,321.27,Phasellus sit amet erat. Nulla tempus. Vivamus in felis eu sapien cursus vestibulum.,829,studio
t037,353.61,Morbi ut odio.,543,twin
t038,100.47,Nullam varius. Nulla facilisi.,417,double-double
t039,991.36,"Maecenas leo odio, condimentum id, luctus nec, molestie sed, justo.",687,studio
t040,364.92,"Vivamus vel nulla eget eros elementum pellentesque. Quisque porta volutpat erat. Quisque erat eros, viverra eget, congue eget, semper rutrum, nulla.",886,queen
t041,413.75,Donec quis orci eget orci vehicula condimentum. Curabitur in libero ut massa volutpat convallis.,426,double-double
t042,396.69,Aenean lectus. Pellentesque eget nunc. Donec quis orci eget orci vehicula condimentum.,575,twin
t043,341.7,"Vivamus vestibulum sagittis sapien. Cum sociis natoque penatibus et magnis dis parturient montes, nascetur ridiculus mus.",535,studio
t044,905.5,Nulla tempus. Vivamus in felis eu sapien cursus vestibulum. Proin eu mi.,841,studio
t045,762.93,Mauris lacinia sapien quis libero. Nullam sit amet turpis elementum ligula vehicula consequat. Morbi a ipsum.,696,hollywood twin
t046,903.64,Integer ac leo. Pellentesque ultrices mattis odio.,736,twin
t047,555.91,Suspendisse potenti. Cras in purus eu magna vulputate luctus.,877,double-double
t048,492.53,Aliquam erat volutpat. In congue. Etiam justo.,551,king
t049,243.06,In congue. Etiam justo.,880,king
t050,666.13,"Quisque erat eros, viverra eget, congue eget, semper rutrum, nulla. Nunc purus. Phasellus in felis.",595,double-double
t051,239.98,"Donec vitae nisi. Nam ultrices, libero non mattis pulvinar, nulla pede ullamcorper augue, a suscipit nulla elit ac nulla.",803,queen
t052,298.58,Aenean fermentum. Donec ut mauris eget massa tempor convallis.,444,studio
t053,919.12,Integer tincidunt ante vel ipsum.,590,king
t054,976.64,Praesent blandit lacinia erat. Vestibulum sed magna at nunc commodo placerat. Praesent blandit.,631,studio
t055,328.47,"Cras in purus eu magna vulputate luctus. Cum sociis natoque penatibus et magnis dis parturient montes, nascetur ridiculus mus.",626,king
t056,409.52,Mauris lacinia sapien quis libero. Nullam sit amet turpis elementum ligula vehicula consequat. Morbi a ipsum.,522,king
t057,365.97,Sed accumsan felis. Ut at dolor quis odio consequat varius.,988,queen
t058,183.79,Cras in purus eu magna vulputate luctus.,883,hollywood twin
t059,460.84,Ut at dolor quis odio consequat varius.,915,hollywood twin
t060,164.08,Nullam molestie nibh in lectus. Pellentesque at nulla.,743,double-double
t061,111.73,"Cum sociis natoque penatibus et magnis dis parturient montes, nascetur ridiculus mus. Etiam vel augue.",553,studio
t062,224.84,Integer a nibh. In quis justo.,532,studio
t063,508.41,Nulla facilisi. Cras non velit nec nisi vulputate nonummy.,618,hollywood twin
t064,876.43,Donec vitae nisi.,708,king
t065,628.82,"Cras mi pede, malesuada in, imperdiet et, commodo vulputate, justo. In blandit ultrices enim. Lorem ipsum dolor sit amet, consectetuer adipiscing elit.",700,twin
t066,271.9,"Morbi porttitor lorem id ligula. Suspendisse ornare consequat lectus. In est risus, auctor sed, tristique in, tempus sit amet, sem.",820,double-double
t067,907.37,Aliquam quis turpis eget elit sodales scelerisque. Mauris sit amet eros. Suspendisse accumsan tortor quis turpis.,471,king
t068,844.6,Morbi quis tortor id nulla ultrices aliquet.,977,twin
t069,769.89,In eleifend quam a odio.,857,studio
t070,782.77,Sed sagittis.,863,king
t071,318.98,Suspendisse potenti. In eleifend quam a odio.,752,king
t072,548.93,"In hac habitasse platea dictumst. Aliquam augue quam, sollicitudin vitae, consectetuer eget, rutrum at, lorem.",980,double-double
t073,128.18,"Proin leo odio, porttitor id, consequat in, consequat ut, nulla. Sed accumsan felis.",807,queen
t074,854.36,Praesent id massa id nisl venenatis lacinia.,850,double-double
t075,488.94,"Nullam orci pede, venenatis non, sodales sed, tincidunt eu, felis.",676,twin
t076,550.55,Etiam faucibus cursus urna.,825,queen
t077,670.16,Maecenas ut massa quis augue luctus tincidunt. Nulla mollis molestie lorem.,763,hollywood twin
t078,745.23,"In est risus, auctor sed, tristique in, tempus sit amet, sem. Fusce consequat.",604,twin
t079,848.75,Integer tincidunt ante vel ipsum.,762,double-double
t080,638.42,"Nam congue, risus semper porta volutpat, quam pede lobortis ligula, sit amet eleifend pede libero quis orci.",418,king
t081,324.21,"Morbi quis tortor id nulla ultrices aliquet. Maecenas leo odio, condimentum id, luctus nec, molestie sed, justo. Pellentesque viverra pede ac diam.",513,double-double
t082,607.32,Pellentesque eget nunc. Donec quis orci eget orci vehicula condimentum.,817,studio
t083,352.03,"Quisque arcu libero, rutrum ac, lobortis vel, dapibus at, diam. Nam tristique tortor eu pede.",675,queen
t084,780.16,Sed vel enim sit amet nunc viverra dapibus. Nulla suscipit ligula in lacus.,848,queen
t085,252.11,Nullam varius. Nulla facilisi. Cras non velit nec nisi vulputate nonummy.,824,studio
t086,842.46,"Vivamus metus arcu, adipiscing molestie, hendrerit at, vulputate vitae, nisl.",895,twin
t087,213.75,Nullam molestie nibh in lectus. Pellentesque at nulla.,774,twin
t088,814.68,Phasellus in felis. Donec semper sapien a libero.,818,double-double
t089,847.32,Cras non velit nec nisi vulputate nonummy. Maecenas tincidunt lacus at velit. Vivamus vel nulla eget eros elementum pellentesque.,848,twin
t090,567.45,Phasellus sit amet erat.,723,queen
t091,386.12,"Donec odio justo, sollicitudin ut, suscipit a, feugiat et, eros.",880,hollywood twin
t092,582.32,Maecenas tincidunt lacus at velit. Vivamus vel nulla eget eros elementum pellentesque. Quisque porta volutpat erat.,763,double-double
t093,450.77,Nullam sit amet turpis elementum ligula vehicula consequat. Morbi a ipsum.,643,double-double
t094,645.27,Duis ac nibh.,457,twin
t095,279.02,Cras non velit nec nisi vulputate nonummy.,924,king
t096,499.4,"Nam dui. Proin leo odio, porttitor id, consequat in, consequat ut, nulla.",925,double-double
t097,185.6,"Nulla ac enim. In tempor, turpis nec euismod scelerisque, quam turpis adipiscing lorem, vitae mattis nibh ligula nec sem. Duis aliquam convallis nunc.",822,double-double
t098,412.25,Etiam faucibus cursus urna. Ut tellus. Nulla ut erat id mauris vulputate elementum.,453,studio
t099,722.89,In hac habitasse platea dictumst. Maecenas ut massa quis augue luctus tincidunt.,404,twin
t100,300.11,Praesent id massa id nisl venenatis lacinia.,400,hollywood twin
t101,701.89,Suspendisse potenti. In eleifend quam a odio. In hac habitasse platea dictumst.,594,king
t102,553.89,"Cras in purus eu magna vulputate luctus. Cum sociis natoque penatibus et magnis dis parturient montes, nascetur ridiculus mus. Vivamus vestibulum sagittis sapien.",865,double-double
t103,132.01,"Proin interdum mauris non ligula pellentesque ultrices. Phasellus id sapien in sapien iaculis congue. Vivamus metus arcu, adipiscing molestie, hendrerit at, vulputate vitae, nisl.",942,studio
t104,229.72,"Maecenas leo odio, condimentum id, luctus nec, molestie sed, justo. Pellentesque viverra pede ac diam.",599,king
t105,114.81,"Vestibulum quam sapien, varius ut, blandit non, interdum in, ante.",835,king
t106,749.0,"Donec odio justo, sollicitudin ut, suscipit a, feugiat et, eros. Vestibulum ac est lacinia nisi venenatis tristique.",752,studio
t107,519.75,"Morbi vestibulum, velit id pretium iaculis, diam erat fermentum justo, nec condimentum neque sapien placerat ante. Nulla justo. Aliquam quis turpis eget elit sodales scelerisque.",408,hollywood twin
t108,256.94,"Praesent blandit. Nam nulla. Integer pede justo, lacinia eget, tincidunt eget, tempus vel, pede.",538,king
t109,735.74,"Sed sagittis. Nam congue, risus semper porta volutpat, quam pede lobortis ligula, sit amet eleifend pede libero quis orci.",879,queen
t110,555.13,Vivamus tortor. Duis mattis egestas metus. Aenean fermentum.,934,hollywood twin
t111,771.16,Maecenas tincidunt lacus at velit. Vivamus vel nulla eget eros elementum pellentesque.,700,studio
t112,841.4,Donec semper sapien a libero. Nam dui.,407,hollywood twin
t113,634.58,"In tempor, turpis nec euismod scelerisque, quam turpis adipiscing lorem, vitae mattis nibh ligula nec sem. Duis aliquam convallis nunc. Proin at turpis a pede posuere nonummy.",642,king
t114,275.1,In sagittis dui vel nisl.,687,double-double
t115,643.43,"Lorem ipsum dolor sit amet, consectetuer adipiscing elit. Proin interdum mauris non ligula pellentesque ultrices. Phasellus id sapien in sapien iaculis congue.",877,hollywood twin
t116,485.92,Etiam vel augue. Vestibulum rutrum rutrum neque.,957,king
t117,267.81,Donec semper sapien a libero. Nam dui.,688,studio
t118,507.74,"Mauris ullamcorper purus sit amet nulla. Quisque arcu libero, rutrum ac, lobortis vel, dapibus at, diam. Nam tristique tortor eu pede.",890,king
t119,578.25,"Duis bibendum, felis sed interdum venenatis, turpis enim blandit mi, in porttitor pede justo eu massa. Donec dapibus. Duis at velit eu est congue elementum.",991,twin
t120,785.01,Ut tellus. Nulla ut erat id mauris vulputate elementum. Nullam varius.,733,double-double
t121,397.4,"Integer aliquet, massa id lobortis convallis, tortor risus dapibus augue, vel accumsan tellus nisi eu orci. Mauris lacinia sapien quis libero. Nullam sit amet turpis elementum ligula vehicula consequat.",445,twin
t122,392.46,Vivamus vel nulla eget eros elementum pellentesque.,660,studio
t123,690.9,Phasellus id sapien in sapien iaculis congue.,962,twin
t124,401.87,Etiam justo. Etiam pretium iaculis justo.,607,double-double
t125,646.15,"Curabitur in libero ut massa volutpat convallis. Morbi odio odio, elementum eu, interdum eu, tincidunt in, leo.",660,double-double
t126,337.27,Maecenas pulvinar lobortis est. Phasellus sit amet erat. Nulla tempus.,780,double-double
t127,523.68,In congue.,442,double-double
t128,353.88,Duis aliquam convallis nunc.,778,double-double
t129,950.64,"Vivamus metus arcu, adipiscing molestie, hendrerit at, vulputate vitae, nisl. Aenean lectus. Pellentesque eget nunc.",527,hollywood twin
t130,815.72,Nulla ac enim.,541,twin
t131,694.15,"Donec odio justo, sollicitudin ut, suscipit a, feugiat et, eros. Vestibulum ac est lacinia nisi venenatis tristique. Fusce congue, diam id ornare imperdiet, sapien urna pretium nisl, ut volutpat sapien arcu sed augue.",784,queen
t132,500.09,"In tempor, turpis nec euismod scelerisque, quam turpis adipiscing lorem, vitae mattis nibh ligula nec sem.",432,double-double
t133,925.58,Nulla ac enim.,796,hollywood twin
t134,825.24,"Morbi vel lectus in quam fringilla rhoncus. Mauris enim leo, rhoncus sed, vestibulum sit amet, cursus id, turpis. Integer aliquet, massa id lobortis convallis, tortor risus dapibus augue, vel accumsan tellus nisi eu orci.",577,double-double
t135,981.62,"Fusce congue, diam id ornare imperdiet, sapien urna pretium nisl, ut volutpat sapien arcu sed augue.",756,studio
t136,709.46,"Nullam orci pede, venenatis non, sodales sed, tincidunt eu, felis. Fusce posuere felis sed lacus.",546,queen
t137,864.73,"Aliquam sit amet diam in magna bibendum imperdiet. Nullam orci pede, venenatis non, sodales sed, tincidunt eu, felis. Fusce posuere felis sed lacus.",754,studio
t138,973.32,Maecenas tincidunt lacus at velit.,659,double-double
t139,721.33,Etiam justo. Etiam pretium iaculis justo. In hac habitasse platea dictumst.,445,queen
t140,131.99,Nulla mollis molestie lorem. Quisque ut erat.,630,double-double
t141,772.64,Quisque id justo sit amet sapien dignissim vestibulum.,874,studio
t142,776.84,Aliquam erat volutpat. In congue. Etiam justo.,832,twin
t143,311.84,Integer tincidunt ante vel ipsum. Praesent blandit lacinia erat.,402,double-double
t144,759.96,Proin at turpis a pede posuere nonummy.,620,twin
t145,532.44,Vestibulum ac est lacinia nisi venenatis tristique.,896,queen
t146,535.98,Suspendisse accumsan tortor quis turpis. Sed ante. Vivamus tortor.,760,king
t147,300.82,"Maecenas tristique, est et tempus semper, est quam pharetra magna, ac consequat metus sapien ut nunc.",589,hollywood twin
t148,912.49,Aenean auctor gravida sem.,744,studio
t149,848.17,Nulla ut erat id mauris vulputate elementum. Nullam varius.,859,queen
t150,436.47,Nulla nisl. Nunc nisl.,789,hollywood twin
t151,748.76,"In est risus, auctor sed, tristique in, tempus sit amet, sem. Fusce consequat. Nulla nisl.",879,queen
t152,258.42,Fusce consequat. Nulla nisl. Nunc nisl.,447,double-double
t153,103.48,Nunc nisl.,649,double-double
t154,172.76,"Phasellus id sapien in sapien iaculis congue. Vivamus metus arcu, adipiscing molestie, hendrerit at, vulputate vitae, nisl. Aenean lectus.",788,twin
t155,496.59,"Integer non velit. Donec diam neque, vestibulum eget, vulputate ut, ultrices vel, augue.",933,double-double
t156,132.58,Vestibulum ante ipsum primis in faucibus orci luctus et ultrices posuere cubilia Curae; Mauris viverra diam vitae quam.,619,king
t157,631.7,"Phasellus id sapien in sapien iaculis congue. Vivamus metus arcu, adipiscing molestie, hendrerit at, vulputate vitae, nisl.",780,double-double
t158,839.07,In quis justo. Maecenas rhoncus aliquam lacus. Morbi quis tortor id nulla ultrices aliquet.,845,king
t159,103.23,Proin at turpis a pede posuere nonummy.,516,studio
t160,542.97,Morbi vel lectus in quam fringilla rhoncus.,636,hollywood twin
t161,346.93,Integer ac leo. Pellentesque ultrices mattis odio.,771,hollywood twin
t162,499.31,Maecenas rhoncus aliquam lacus. Morbi quis tortor id nulla ultrices aliquet.,920,twin
t163,824.96,Proin eu mi. Nulla ac enim.,962,hollywood twin
t164,337.59,"Morbi quis tortor id nulla ultrices aliquet. Maecenas leo odio, condimentum id, luctus nec, molestie sed, justo. Pellentesque viverra pede ac diam.",608,twin
t165,410.35,"Nam dui. Proin leo odio, porttitor id, consequat in, consequat ut, nulla.",959,hollywood twin
t166,558.95,Nulla justo. Aliquam quis turpis eget elit sodales scelerisque.,856,double-double
t167,728.56,"Aenean sit amet justo. Morbi ut odio. Cras mi pede, malesuada in, imperdiet et, commodo vulputate, justo.",729,double-double
t168,354.97,"Nunc nisl. Duis bibendum, felis sed interdum venenatis, turpis enim blandit mi, in porttitor pede justo eu massa. Donec dapibus.",525,king
t169,843.14,"Integer pede justo, lacinia eget, tincidunt eget, tempus vel, pede. Morbi porttitor lorem id ligula. Suspendisse ornare consequat lectus.",507,double-double
t170,704.98,Fusce consequat. Nulla nisl.,865,studio
t171,341.28,"In hac habitasse platea dictumst. Morbi vestibulum, velit id pretium iaculis, diam erat fermentum justo, nec condimentum neque sapien placerat ante. Nulla justo.",766,double-double
t172,419.81,Nunc rhoncus dui vel sem.,669,studio
t173,942.13,Suspendisse ornare consequat lectus.,593,hollywood twin
t174,650.28,Morbi porttitor lorem id ligula.,969,queen
t175,890.1,"Proin interdum mauris non ligula pellentesque ultrices. Phasellus id sapien in sapien iaculis congue. Vivamus metus arcu, adipiscing molestie, hendrerit at, vulputate vitae, nisl.",515,king
t176,548.22,Duis consequat dui nec nisi volutpat eleifend.,551,king
t177,523.87,Vestibulum sed magna at nunc commodo placerat. Praesent blandit. Nam nulla.,741,king
t178,219.4,"Donec ut mauris eget massa tempor convallis. Nulla neque libero, convallis eget, eleifend luctus, ultricies eu, nibh. Quisque id justo sit amet sapien dignissim vestibulum.",418,hollywood twin
t179,388.49,Phasellus sit amet erat.,579,studio
t180,678.12,Mauris lacinia sapien quis libero. Nullam sit amet turpis elementum ligula vehicula consequat.,740,queen
t181,578.09,"Maecenas rhoncus aliquam lacus. Morbi quis tortor id nulla ultrices aliquet. Maecenas leo odio, condimentum id, luctus nec, molestie sed, justo.",426,studio
t182,922.53,Nulla justo. Aliquam quis turpis eget elit sodales scelerisque.,434,king
t183,463.19,"In blandit ultrices enim. Lorem ipsum dolor sit amet, consectetuer adipiscing elit.",855,hollywood twin
t184,793.81,Suspendisse potenti.,780,hollywood twin
t185,276.05,In eleifend quam a odio. In hac habitasse platea dictumst.,624,king
t186,135.39,In quis justo. Maecenas rhoncus aliquam lacus. Morbi quis tortor id nulla ultrices aliquet.,846,studio
t187,265.99,"Nam ultrices, libero non mattis pulvinar, nulla pede ullamcorper augue, a suscipit nulla elit ac nulla. Sed vel enim sit amet nunc viverra dapibus. Nulla suscipit ligula in lacus.",999,twin
t188,621.26,"Vestibulum ante ipsum primis in faucibus orci luctus et ultrices posuere cubilia Curae; Nulla dapibus dolor vel est. Donec odio justo, sollicitudin ut, suscipit a, feugiat et, eros. Vestibulum ac est lacinia nisi venenatis tristique.",683,double-double
t189,252.23,"Quisque id justo sit amet sapien dignissim vestibulum. Vestibulum ante ipsum primis in faucibus orci luctus et ultrices posuere cubilia Curae; Nulla dapibus dolor vel est. Donec odio justo, sollicitudin ut, suscipit a, feugiat et, eros.",958,double-double
t190,550.67,"Integer pede justo, lacinia eget, tincidunt eget, tempus vel, pede.",979,queen
t191,439.37,Donec dapibus.,734,hollywood twin
t192,351.89,"Lorem ipsum dolor sit amet, consectetuer adipiscing elit. Proin interdum mauris non ligula pellentesque ultrices.",931,double-double
t193,486.79,Cras pellentesque volutpat dui.,939,twin
t194,684.25,"In hac habitasse platea dictumst. Aliquam augue quam, sollicitudin vitae, consectetuer eget, rutrum at, lorem. Integer tincidunt ante vel ipsum.",850,hollywood twin
t195,770.1,Nam tristique tortor eu pede.,944,studio
t196,162.76,"In hac habitasse platea dictumst. Aliquam augue quam, sollicitudin vitae, consectetuer eget, rutrum at, lorem. Integer tincidunt ante vel ipsum.",478,queen
t197,412.23,Praesent lectus.,794,studio
t198,534.96,"Morbi vel lectus in quam fringilla rhoncus. Mauris enim leo, rhoncus sed, vestibulum sit amet, cursus id, turpis.",640,studio
t199,440.22,Nulla facilisi. Cras non velit nec nisi vulputate nonummy.,841,twin
t200,706.06,"Donec ut mauris eget massa tempor convallis. Nulla neque libero, convallis eget, eleifend luctus, ultricies eu, nibh.",542,queen
t201,660.97,"Donec odio justo, sollicitudin ut, suscipit a, feugiat et, eros.",698,king
t202,673.72,"Quisque id justo sit amet sapien dignissim vestibulum. Vestibulum ante ipsum primis in faucibus orci luctus et ultrices posuere cubilia Curae; Nulla dapibus dolor vel est. Donec odio justo, sollicitudin ut, suscipit a, feugiat et, eros.",458,queen
t203,102.42,"Nam nulla. Integer pede justo, lacinia eget, tincidunt eget, tempus vel, pede. Morbi porttitor lorem id ligula.",650,double-double
t204,480.2,Nulla suscipit ligula in lacus. Curabitur at ipsum ac tellus semper interdum. Mauris ullamcorper purus sit amet nulla.,790,queen
t205,596.24,Pellentesque at nulla. Suspendisse potenti.,811,double-double
t206,153.97,Proin risus.,581,studio
t207,876.31,Vivamus tortor. Duis mattis egestas metus. Aenean fermentum.,504,double-double
t208,178.16,Nulla suscipit ligula in lacus. Curabitur at ipsum ac tellus semper interdum.,509,queen
t209,240.68,Nulla mollis molestie lorem. Quisque ut erat.,549,king
t210,766.5,"Nunc rhoncus dui vel sem. Sed sagittis. Nam congue, risus semper porta volutpat, quam pede lobortis ligula, sit amet eleifend pede libero quis orci.",639,twin
t211,647.51,Vestibulum ante ipsum primis in faucibus orci luctus et ultrices posuere cubilia Curae; Duis faucibus accumsan odio. Curabitur convallis.,832,twin
t212,392.03,"Fusce posuere felis sed lacus. Morbi sem mauris, laoreet ut, rhoncus aliquet, pulvinar sed, nisl.",507,double-double
t213,218.03,Vivamus in felis eu sapien cursus vestibulum.,581,studio
t214,400.9,"Fusce congue, diam id ornare imperdiet, sapien urna pretium nisl, ut volutpat sapien arcu sed augue. Aliquam erat volutpat.",574,queen
t215,933.53,Suspendisse potenti. In eleifend quam a odio. In hac habitasse platea dictumst.,807,twin
t216,204.7,Praesent blandit.,593,studio
t217,725.65,"Vivamus metus arcu, adipiscing molestie, hendrerit at, vulputate vitae, nisl. Aenean lectus.",459,studio
t218,630.34,"Vestibulum quam sapien, varius ut, blandit non, interdum in, ante. Vestibulum ante ipsum primis in faucibus orci luctus et ultrices posuere cubilia Curae; Duis faucibus accumsan odio. Curabitur convallis.",419,queen
t219,664.22,In sagittis dui vel nisl.,833,twin
t220,703.22,Mauris ullamcorper purus sit amet nulla.,551,studio
t221,167.61,Aliquam non mauris. Morbi non lectus.,494,double-double
t222,237.36,Donec quis orci eget orci vehicula condimentum.,818,king
t223,553.57,Curabitur gravida nisi at nibh.,818,queen
t224,790.69,Ut tellus. Nulla ut erat id mauris vulputate elementum. Nullam varius.,621,studio
t225,134.5,"Maecenas tristique, est et tempus semper, est quam pharetra magna, ac consequat metus sapien ut nunc.",938,double-double
t226,100.2,Suspendisse ornare consequat lectus.,758,studio
t227,185.04,"In sagittis dui vel nisl. Duis ac nibh. Fusce lacus purus, aliquet at, feugiat non, pretium quis, lectus.",643,hollywood twin
t228,413.1,Sed vel enim sit amet nunc viverra dapibus.,488,queen
t229,805.96,"Cum sociis natoque penatibus et magnis dis parturient montes, nascetur ridiculus mus. Etiam vel augue. Vestibulum rutrum rutrum neque.",866,king
t230,700.08,Vivamus in felis eu sapien cursus vestibulum. Proin eu mi. Nulla ac enim.,586,twin
t231,343.22,Suspendisse potenti.,875,studio
t232,756.07,Cras non velit nec nisi vulputate nonummy. Maecenas tincidunt lacus at velit.,400,double-double
t233,384.07,Curabitur gravida nisi at nibh. In hac habitasse platea dictumst.,524,king
t234,899.13,Maecenas tincidunt lacus at velit. Vivamus vel nulla eget eros elementum pellentesque.,705,queen
t235,377.57,Vestibulum sed magna at nunc commodo placerat. Praesent blandit. Nam nulla.,494,twin
t236,727.81,"Sed sagittis. Nam congue, risus semper porta volutpat, quam pede lobortis ligula, sit amet eleifend pede libero quis orci.",695,king
t237,319.69,"Lorem ipsum dolor sit amet, consectetuer adipiscing elit.",508,hollywood twin
t238,486.17,In hac habitasse platea dictumst. Maecenas ut massa quis augue luctus tincidunt. Nulla mollis molestie lorem.,439,double-double
t239,721.48,Donec ut mauris eget massa tempor convallis.,922,twin
t240,712.45,"Duis bibendum, felis sed interdum venenatis, turpis enim blandit mi, in porttitor pede justo eu massa. Donec dapibus. Duis at velit eu est congue elementum.",508,queen
t241,511.97,"Fusce lacus purus, aliquet at, feugiat non, pretium quis, lectus. Suspendisse potenti.",411,king
t242,817.01,Aenean sit amet justo.,533,king
t243,242.43,"Cum sociis natoque penatibus et magnis dis parturient montes, nascetur ridiculus mus. Etiam vel augue. Vestibulum rutrum rutrum neque.",427,hollywood twin
t244,646.92,Vivamus in felis eu sapien cursus vestibulum. Proin eu mi.,839,double-double
t245,769.33,"Donec ut mauris eget massa tempor convallis. Nulla neque libero, convallis eget, eleifend luctus, ultricies eu, nibh. Quisque id justo sit amet sapien dignissim vestibulum.",508,studio
t246,354.51,Vivamus tortor. Duis mattis egestas metus.,989,king
t247,633.25,"Maecenas rhoncus aliquam lacus. Morbi quis tortor id nulla ultrices aliquet. Maecenas leo odio, condimentum id, luctus nec, molestie sed, justo.",619,hollywood twin
t248,660.47,Maecenas ut massa quis augue luctus tincidunt.,602,double-double
t249,655.27,Nulla tempus. Vivamus in felis eu sapien cursus vestibulum.,809,double-double
t250,682.06,Vestibulum rutrum rutrum neque. Aenean auctor gravida sem. Praesent id massa id nisl venenatis lacinia.,907,king
t251,408.1,Integer ac neque. Duis bibendum.,512,studio
t252,180.88,Donec ut dolor. Morbi vel lectus in quam fringilla rhoncus.,486,twin
t253,531.59,In hac habitasse platea dictumst. Etiam faucibus cursus urna. Ut tellus.,883,studio
t254,522.17,Duis at velit eu est congue elementum.,535,king
t255,817.49,"Nam congue, risus semper porta volutpat, quam pede lobortis ligula, sit amet eleifend pede libero quis orci. Nullam molestie nibh in lectus.",735,queen
t256,844.18,Nullam sit amet turpis elementum ligula vehicula consequat. Morbi a ipsum. Integer a nibh.,794,king
t257,689.55,Nulla justo.,932,twin
t258,847.23,"Lorem ipsum dolor sit amet, consectetuer adipiscing elit. Proin risus.",947,king
t259,888.26,Nullam porttitor lacus at turpis. Donec posuere metus vitae ipsum.,541,twin
t260,607.77,"Donec diam neque, vestibulum eget, vulputate ut, ultrices vel, augue. Vestibulum ante ipsum primis in faucibus orci luctus et ultrices posuere cubilia Curae; Donec pharetra, magna vestibulum aliquet ultrices, erat tortor sollicitudin mi, sit amet lobortis sapien sapien non mi. Integer ac neque.",718,double-double
t261,328.97,"Nam congue, risus semper porta volutpat, quam pede lobortis ligula, sit amet eleifend pede libero quis orci.",842,twin
t262,595.73,Morbi a ipsum. Integer a nibh. In quis justo.,931,queen
t263,964.34,Curabitur convallis. Duis consequat dui nec nisi volutpat eleifend.,578,king
t264,948.12,"Maecenas rhoncus aliquam lacus. Morbi quis tortor id nulla ultrices aliquet. Maecenas leo odio, condimentum id, luctus nec, molestie sed, justo.",479,twin
t265,587.94,Aenean auctor gravida sem.,696,queen
t266,344.41,In congue. Etiam justo. Etiam pretium iaculis justo.,706,king
t267,235.75,"Suspendisse ornare consequat lectus. In est risus, auctor sed, tristique in, tempus sit amet, sem. Fusce consequat.",415,studio
t268,639.88,Maecenas ut massa quis augue luctus tincidunt.,876,twin
t269,993.3,Mauris ullamcorper purus sit amet nulla.,494,hollywood twin
t270,372.01,"Aliquam augue quam, sollicitudin vitae, consectetuer eget, rutrum at, lorem. Integer tincidunt ante vel ipsum.",914,twin
t271,483.33,Nullam molestie nibh in lectus. Pellentesque at nulla. Suspendisse potenti.,491,double-double
t272,376.68,Nunc purus. Phasellus in felis. Donec semper sapien a libero.,719,king
t273,343.54,"In tempor, turpis nec euismod scelerisque, quam turpis adipiscing lorem, vitae mattis nibh ligula nec sem. Duis aliquam convallis nunc. Proin at turpis a pede posuere nonummy.",627,hollywood twin
t274,940.67,"In blandit ultrices enim. Lorem ipsum dolor sit amet, consectetuer adipiscing elit.",928,twin
t275,646.62,Nullam porttitor lacus at turpis. Donec posuere metus vitae ipsum.,720,hollywood twin
t276,375.29,"Morbi non lectus. Aliquam sit amet diam in magna bibendum imperdiet. Nullam orci pede, venenatis non, sodales sed, tincidunt eu, felis.",995,studio
t277,262.6,Vestibulum sed magna at nunc commodo placerat. Praesent blandit. Nam nulla.,679,queen
t278,286.63,In quis justo.,975,double-double
t279,196.43,Vestibulum sed magna at nunc commodo placerat. Praesent blandit.,548,twin
t280,920.65,"Duis ac nibh. Fusce lacus purus, aliquet at, feugiat non, pretium quis, lectus. Suspendisse potenti.",512,double-double
t281,745.93,"Cras mi pede, malesuada in, imperdiet et, commodo vulputate, justo. In blandit ultrices enim. Lorem ipsum dolor sit amet, consectetuer adipiscing elit.",792,double-double
t282,234.52,Nullam porttitor lacus at turpis.,844,studio
t283,412.71,Vestibulum ante ipsum primis in faucibus orci luctus et ultrices posuere cubilia Curae; Nulla dapibus dolor vel est.,725,studio
t284,188.8,"Maecenas tristique, est et tempus semper, est quam pharetra magna, ac consequat metus sapien ut nunc.",982,king
t285,362.86,Duis consequat dui nec nisi volutpat eleifend. Donec ut dolor. Morbi vel lectus in quam fringilla rhoncus.,685,queen
t286,180.22,Etiam justo. Etiam pretium iaculis justo. In hac habitasse platea dictumst.,911,king
t287,238.87,"Maecenas tristique, est et tempus semper, est quam pharetra magna, ac consequat metus sapien ut nunc. Vestibulum ante ipsum primis in faucibus orci luctus et ultrices posuere cubilia Curae; Mauris viverra diam vitae quam.",531,king
t288,533.61,In congue. Etiam justo.,585,studio
t289,652.88,Nulla facilisi. Cras non velit nec nisi vulputate nonummy.,744,king
t290,840.27,"Vestibulum ante ipsum primis in faucibus orci luctus et ultrices posuere cubilia Curae; Donec pharetra, magna vestibulum aliquet ultrices, erat tortor sollicitudin mi, sit amet lobortis sapien sapien non mi. Integer ac neque. Duis bibendum.",465,twin
t291,179.59,Pellentesque at nulla. Suspendisse potenti. Cras in purus eu magna vulputate luctus.,532,twin
t292,301.74,Quisque id justo sit amet sapien dignissim vestibulum.,715,queen
t293,326.73,Curabitur at ipsum ac tellus semper interdum.,922,studio
t294,542.29,"Nulla neque libero, convallis eget, eleifend luctus, ultricies eu, nibh.",621,double-double
t295,560.76,Nunc purus. Phasellus in felis. Donec semper sapien a libero.,814,queen
t296,245.36,"Duis ac nibh. Fusce lacus purus, aliquet at, feugiat non, pretium quis, lectus.",787,queen
t297,854.58,Suspendisse potenti.,865,queen
t298,659.9,Curabitur in libero ut massa volutpat convallis.,964,twin
t299,348.6,Nulla tellus. In sagittis dui vel nisl. Duis ac nibh.,419,double-double
t300,762.16,"Vivamus metus arcu, adipiscing molestie, hendrerit at, vulputate vitae, nisl.",853,studio
t301,663.23,Suspendisse potenti. Nullam porttitor lacus at turpis.,712,twin
t302,290.82,Vestibulum rutrum rutrum neque. Aenean auctor gravida sem.,647,double-double
t303,196.56,Sed vel enim sit amet nunc viverra dapibus. Nulla suscipit ligula in lacus. Curabitur at ipsum ac tellus semper interdum.,969,queen
t304,355.56,Aliquam quis turpis eget elit sodales scelerisque. Mauris sit amet eros. Suspendisse accumsan tortor quis turpis.,683,double-double
t305,217.39,Praesent blandit lacinia erat. Vestibulum sed magna at nunc commodo placerat. Praesent blandit.,459,twin
t306,492.41,Nulla mollis molestie lorem. Quisque ut erat. Curabitur gravida nisi at nibh.,521,queen
t307,110.92,Maecenas ut massa quis augue luctus tincidunt.,683,studio
t308,571.52,Praesent lectus.,674,king
t309,815.14,Maecenas tincidunt lacus at velit. Vivamus vel nulla eget eros elementum pellentesque.,862,hollywood twin
t310,508.0,"Proin leo odio, porttitor id, consequat in, consequat ut, nulla. Sed accumsan felis. Ut at dolor quis odio consequat varius.",730,twin
t311,623.47,Morbi non quam nec dui luctus rutrum. Nulla tellus. In sagittis dui vel nisl.,575,hollywood twin
t312,245.88,"Vestibulum quam sapien, varius ut, blandit non, interdum in, ante. Vestibulum ante ipsum primis in faucibus orci luctus et ultrices posuere cubilia Curae; Duis faucibus accumsan odio.",468,king
t313,253.34,"Pellentesque viverra pede ac diam. Cras pellentesque volutpat dui. Maecenas tristique, est et tempus semper, est quam pharetra magna, ac consequat metus sapien ut nunc.",933,twin
t314,928.59,"Integer aliquet, massa id lobortis convallis, tortor risus dapibus augue, vel accumsan tellus nisi eu orci. Mauris lacinia sapien quis libero.",874,twin
t315,513.35,"Donec semper sapien a libero. Nam dui. Proin leo odio, porttitor id, consequat in, consequat ut, nulla.",534,hollywood twin
t316,740.1,Aliquam non mauris. Morbi non lectus. Aliquam sit amet diam in magna bibendum imperdiet.,918,double-double
t317,826.06,Nulla nisl.,416,hollywood twin
t318,532.54,Etiam pretium iaculis justo. In hac habitasse platea dictumst. Etiam faucibus cursus urna.,657,king
t319,113.62,Nulla nisl. Nunc nisl.,839,twin
t320,818.65,Nunc rhoncus dui vel sem. Sed sagittis.,415,studio
t321,137.92,Vivamus tortor. Duis mattis egestas metus.,875,double-double
t322,283.73,"Nam dui. Proin leo odio, porttitor id, consequat in, consequat ut, nulla. Sed accumsan felis.",501,hollywood twin
t323,367.79,Nullam sit amet turpis elementum ligula vehicula consequat. Morbi a ipsum. Integer a nibh.,795,queen
t324,990.8,"Fusce lacus purus, aliquet at, feugiat non, pretium quis, lectus. Suspendisse potenti. In eleifend quam a odio.",535,studio
t325,583.94,"Donec odio justo, sollicitudin ut, suscipit a, feugiat et, eros.",883,twin
t326,789.41,Vestibulum rutrum rutrum neque.,674,hollywood twin
t327,495.85,Duis at velit eu est congue elementum.,853,double-double
t328,324.37,Curabitur gravida nisi at nibh. In hac habitasse platea dictumst.,425,twin
t329,663.78,"Fusce lacus purus, aliquet at, feugiat non, pretium quis, lectus. Suspendisse potenti. In eleifend quam a odio.",752,twin
t330,130.48,"Vestibulum ac est lacinia nisi venenatis tristique. Fusce congue, diam id ornare imperdiet, sapien urna pretium nisl, ut volutpat sapien arcu sed augue. Aliquam erat volutpat.",415,studio
t331,595.26,Nullam varius. Nulla facilisi. Cras non velit nec nisi vulputate nonummy.,660,twin
t332,788.62,"In blandit ultrices enim. Lorem ipsum dolor sit amet, consectetuer adipiscing elit.",989,studio
t333,330.11,In sagittis dui vel nisl.,732,queen
t334,806.29,Aenean fermentum. Donec ut mauris eget massa tempor convallis.,714,twin
t335,212.68,Duis bibendum. Morbi non quam nec dui luctus rutrum.,672,king
t336,479.72,Vivamus tortor. Duis mattis egestas metus. Aenean fermentum.,933,twin
t337,457.64,Donec dapibus. Duis at velit eu est congue elementum. In hac habitasse platea dictumst.,406,hollywood twin
t338,712.5,Fusce posuere felis sed lacus.,460,hollywood twin
t339,833.0,Praesent blandit lacinia erat.,856,twin
t340,886.16,"Cum sociis natoque penatibus et magnis dis parturient montes, nascetur ridiculus mus. Etiam vel augue.",775,double-double
t341,231.16,Nulla tellus.,841,studio
t342,429.21,"Aliquam sit amet diam in magna bibendum imperdiet. Nullam orci pede, venenatis non, sodales sed, tincidunt eu, felis. Fusce posuere felis sed lacus.",747,queen
t343,175.52,Integer a nibh. In quis justo.,696,double-double
t344,737.07,In congue.,431,hollywood twin
t345,722.4,Aliquam non mauris. Morbi non lectus.,512,queen
t346,776.02,Integer ac neque. Duis bibendum. Morbi non quam nec dui luctus rutrum.,569,twin
t347,898.85,Suspendisse potenti.,654,king
t348,233.55,"Praesent blandit. Nam nulla. Integer pede justo, lacinia eget, tincidunt eget, tempus vel, pede.",538,double-double
t349,227.08,"Proin risus. Praesent lectus. Vestibulum quam sapien, varius ut, blandit non, interdum in, ante.",903,hollywood twin
t350,197.94,Vestibulum ante ipsum primis in faucibus orci luctus et ultrices posuere cubilia Curae; Duis faucibus accumsan odio.,493,king
t351,706.35,Praesent blandit lacinia erat. Vestibulum sed magna at nunc commodo placerat.,849,queen
t352,576.26,Morbi vel lectus in quam fringilla rhoncus.,572,queen
t353,506.68,Nulla ac enim.,648,studio
t354,842.41,Morbi non lectus.,944,hollywood twin
t355,102.37,Duis consequat dui nec nisi volutpat eleifend. Donec ut dolor.,842,king
t356,156.27,"Integer aliquet, massa id lobortis convallis, tortor risus dapibus augue, vel accumsan tellus nisi eu orci.",873,twin
t357,998.26,"Aliquam sit amet diam in magna bibendum imperdiet. Nullam orci pede, venenatis non, sodales sed, tincidunt eu, felis.",998,hollywood twin
t358,340.02,Phasellus sit amet erat. Nulla tempus.,601,studio
t359,612.29,Duis at velit eu est congue elementum. In hac habitasse platea dictumst.,701,double-double
t360,310.04,Maecenas rhoncus aliquam lacus. Morbi quis tortor id nulla ultrices aliquet.,438,queen
t361,167.77,"Morbi sem mauris, laoreet ut, rhoncus aliquet, pulvinar sed, nisl. Nunc rhoncus dui vel sem.",707,queen
t362,444.06,Nulla tellus. In sagittis dui vel nisl.,451,double-double
t363,719.02,In quis justo. Maecenas rhoncus aliquam lacus.,770,king
t364,720.66,Sed accumsan felis.,530,king
t365,567.25,Donec vitae nisi.,675,queen
t366,966.95,"Nulla ac enim. In tempor, turpis nec euismod scelerisque, quam turpis adipiscing lorem, vitae mattis nibh ligula nec sem. Duis aliquam convallis nunc.",641,twin
t367,423.66,"Donec vitae nisi. Nam ultrices, libero non mattis pulvinar, nulla pede ullamcorper augue, a suscipit nulla elit ac nulla. Sed vel enim sit amet nunc viverra dapibus.",944,double-double
t368,739.82,"Quisque arcu libero, rutrum ac, lobortis vel, dapibus at, diam. Nam tristique tortor eu pede.",518,king
t369,819.09,Nulla justo.,776,hollywood twin
t370,896.53,Mauris sit amet eros.,607,hollywood twin
t371,770.24,"Cum sociis natoque penatibus et magnis dis parturient montes, nascetur ridiculus mus.",721,queen
t372,198.39,Duis mattis egestas metus.,752,king
t373,434.05,Curabitur at ipsum ac tellus semper interdum. Mauris ullamcorper purus sit amet nulla.,840,studio
t374,355.07,Donec semper sapien a libero. Nam dui.,864,double-double
t375,904.57,Sed ante. Vivamus tortor.,651,double-double
t376,621.89,Quisque id justo sit amet sapien dignissim vestibulum. Vestibulum ante ipsum primis in faucibus orci luctus et ultrices posuere cubilia Curae; Nulla dapibus dolor vel est.,496,king
t377,188.4,Nulla tellus.,758,hollywood twin
t378,274.85,Vivamus vel nulla eget eros elementum pellentesque.,712,hollywood twin
t379,688.22,Nulla suscipit ligula in lacus. Curabitur at ipsum ac tellus semper interdum. Mauris ullamcorper purus sit amet nulla.,985,twin
t380,539.91,"Morbi sem mauris, laoreet ut, rhoncus aliquet, pulvinar sed, nisl. Nunc rhoncus dui vel sem. Sed sagittis.",626,double-double
t381,839.46,"Cum sociis natoque penatibus et magnis dis parturient montes, nascetur ridiculus mus.",987,studio
t382,515.57,"Nunc nisl. Duis bibendum, felis sed interdum venenatis, turpis enim blandit mi, in porttitor pede justo eu massa. Donec dapibus.",428,twin
t383,963.75,Proin at turpis a pede posuere nonummy. Integer non velit.,586,studio
t384,718.23,"Donec ut mauris eget massa tempor convallis. Nulla neque libero, convallis eget, eleifend luctus, ultricies eu, nibh.",519,king
t385,903.61,In sagittis dui vel nisl. Duis ac nibh.,528,twin
t386,431.35,"Nam nulla. Integer pede justo, lacinia eget, tincidunt eget, tempus vel, pede.",827,studio
t387,200.11,Nullam varius. Nulla facilisi.,773,studio
t388,166.68,In hac habitasse platea dictumst. Etiam faucibus cursus urna.,478,queen
t389,818.13,"Vestibulum quam sapien, varius ut, blandit non, interdum in, ante. Vestibulum ante ipsum primis in faucibus orci luctus et ultrices posuere cubilia Curae; Duis faucibus accumsan odio. Curabitur convallis.",432,double-double
t390,893.19,Nulla tempus.,738,studio
t391,458.5,In hac habitasse platea dictumst.,452,twin
t392,884.2,"Suspendisse ornare consequat lectus. In est risus, auctor sed, tristique in, tempus sit amet, sem. Fusce consequat.",844,double-double
t393,161.24,"Nunc nisl. Duis bibendum, felis sed interdum venenatis, turpis enim blandit mi, in porttitor pede justo eu massa.",608,double-double
t394,632.71,Duis ac nibh.,682,king
t395,657.74,Mauris sit amet eros. Suspendisse accumsan tortor quis turpis.,752,twin
t396,709.43,Nulla justo.,756,queen
t397,528.15,"Proin eu mi. Nulla ac enim. In tempor, turpis nec euismod scelerisque, quam turpis adipiscing lorem, vitae mattis nibh ligula nec sem.",598,twin
t398,805.7,Donec posuere metus vitae ipsum. Aliquam non mauris.,419,twin
t399,936.56,Suspendisse potenti. Nullam porttitor lacus at turpis. Donec posuere metus vitae ipsum.,538,hollywood twin
t400,646.13,Morbi non quam nec dui luctus rutrum.,675,double-double
t401,960.59,Phasellus in felis.,593,king
t402,103.93,Maecenas ut massa quis augue luctus tincidunt. Nulla mollis molestie lorem. Quisque ut erat.,760,studio
t403,999.24,Phasellus sit amet erat. Nulla tempus. Vivamus in felis eu sapien cursus vestibulum.,665,hollywood twin
t404,458.35,Phasellus id sapien in sapien iaculis congue.,617,king
t405,834.4,"Fusce congue, diam id ornare imperdiet, sapien urna pretium nisl, ut volutpat sapien arcu sed augue. Aliquam erat volutpat.",473,hollywood twin
t406,813.16,"Curabitur in libero ut massa volutpat convallis. Morbi odio odio, elementum eu, interdum eu, tincidunt in, leo. Maecenas pulvinar lobortis est.",836,double-double
t407,445.88,Suspendisse potenti. Nullam porttitor lacus at turpis.,821,queen
t408,442.4,"Fusce lacus purus, aliquet at, feugiat non, pretium quis, lectus.",572,studio
t409,666.28,Morbi a ipsum. Integer a nibh. In quis justo.,665,studio
t410,871.8,"Vivamus vel nulla eget eros elementum pellentesque. Quisque porta volutpat erat. Quisque erat eros, viverra eget, congue eget, semper rutrum, nulla.",985,twin
t411,516.18,"Mauris enim leo, rhoncus sed, vestibulum sit amet, cursus id, turpis. Integer aliquet, massa id lobortis convallis, tortor risus dapibus augue, vel accumsan tellus nisi eu orci. Mauris lacinia sapien quis libero.",599,twin
t412,697.22,"Fusce congue, diam id ornare imperdiet, sapien urna pretium nisl, ut volutpat sapien arcu sed augue. Aliquam erat volutpat.",704,studio
t413,960.99,Nullam varius.,893,hollywood twin
t414,598.54,"Cum sociis natoque penatibus et magnis dis parturient montes, nascetur ridiculus mus. Vivamus vestibulum sagittis sapien. Cum sociis natoque penatibus et magnis dis parturient montes, nascetur ridiculus mus.",427,king
t415,689.54,In congue. Etiam justo. Etiam pretium iaculis justo.,501,hollywood twin
t416,424.29,Pellentesque eget nunc. Donec quis orci eget orci vehicula condimentum. Curabitur in libero ut massa volutpat convallis.,811,hollywood twin
t417,812.39,In hac habitasse platea dictumst. Maecenas ut massa quis augue luctus tincidunt. Nulla mollis molestie lorem.,505,studio
t418,893.04,Proin at turpis a pede posuere nonummy.,1000,hollywood twin
t419,350.56,Maecenas ut massa quis augue luctus tincidunt.,636,hollywood twin
t420,224.5,Sed accumsan felis. Ut at dolor quis odio consequat varius. Integer ac leo.,508,double-double
t421,406.35,Aenean lectus. Pellentesque eget nunc.,661,king
t422,560.77,Donec posuere metus vitae ipsum. Aliquam non mauris.,734,queen
t423,398.23,"Donec ut dolor. Morbi vel lectus in quam fringilla rhoncus. Mauris enim leo, rhoncus sed, vestibulum sit amet, cursus id, turpis.",615,twin
t424,199.6,Nullam molestie nibh in lectus.,652,hollywood twin
t425,255.13,Proin interdum mauris non ligula pellentesque ultrices.,737,studio
t426,549.15,"In tempor, turpis nec euismod scelerisque, quam turpis adipiscing lorem, vitae mattis nibh ligula nec sem. Duis aliquam convallis nunc.",640,queen
t427,214.77,Cras pellentesque volutpat dui.,770,hollywood twin
t428,451.11,"Integer non velit. Donec diam neque, vestibulum eget, vulputate ut, ultrices vel, augue.",539,studio
t429,825.06,Vivamus in felis eu sapien cursus vestibulum. Proin eu mi. Nulla ac enim.,673,queen
t430,227.59,Ut at dolor quis odio consequat varius. Integer ac leo.,813,king
t431,706.06,Integer ac neque.,862,hollywood twin
t432,583.73,Maecenas rhoncus aliquam lacus. Morbi quis tortor id nulla ultrices aliquet.,491,double-double
t433,860.04,Ut tellus.,647,hollywood twin
t434,240.05,"Morbi sem mauris, laoreet ut, rhoncus aliquet, pulvinar sed, nisl.",753,twin
t435,682.78,"Nam dui. Proin leo odio, porttitor id, consequat in, consequat ut, nulla. Sed accumsan felis.",940,king
t436,242.43,Aliquam erat volutpat. In congue.,781,king
t437,214.78,Donec ut mauris eget massa tempor convallis.,509,king
t438,650.45,Aliquam erat volutpat. In congue.,723,twin
t439,986.59,Nunc rhoncus dui vel sem. Sed sagittis.,778,double-double
t440,375.89,In quis justo. Maecenas rhoncus aliquam lacus.,573,double-double
t441,537.44,"Cum sociis natoque penatibus et magnis dis parturient montes, nascetur ridiculus mus. Etiam vel augue.",839,queen
t442,612.15,"Fusce posuere felis sed lacus. Morbi sem mauris, laoreet ut, rhoncus aliquet, pulvinar sed, nisl. Nunc rhoncus dui vel sem.",731,queen
t443,765.48,Integer ac leo.,756,queen
t444,999.67,"Duis bibendum, felis sed interdum venenatis, turpis enim blandit mi, in porttitor pede justo eu massa. Donec dapibus.",662,hollywood twin
t445,945.79,"Vivamus vestibulum sagittis sapien. Cum sociis natoque penatibus et magnis dis parturient montes, nascetur ridiculus mus. Etiam vel augue.",487,studio
t446,278.1,Praesent blandit.,588,double-double
t447,294.21,Aliquam non mauris.,611,double-double
t448,311.36,Vivamus tortor.,503,king
t449,667.38,"Cum sociis natoque penatibus et magnis dis parturient montes, nascetur ridiculus mus. Vivamus vestibulum sagittis sapien.",897,twin
t450,418.58,Integer ac neque.,517,queen
t451,544.59,"Nulla neque libero, convallis eget, eleifend luctus, ultricies eu, nibh.",996,twin
t452,688.75,Aenean auctor gravida sem. Praesent id massa id nisl venenatis lacinia.,704,double-double
t453,683.77,Maecenas pulvinar lobortis est. Phasellus sit amet erat. Nulla tempus.,669,king
t454,288.34,In quis justo.,637,twin
t455,502.97,Nam tristique tortor eu pede.,874,double-double
t456,218.48,"Integer aliquet, massa id lobortis convallis, tortor risus dapibus augue, vel accumsan tellus nisi eu orci.",891,studio
t457,557.1,Vivamus vestibulum sagittis sapien.,621,studio
t458,420.45,Sed sagittis.,941,twin
t459,332.64,"Vivamus vel nulla eget eros elementum pellentesque. Quisque porta volutpat erat. Quisque erat eros, viverra eget, congue eget, semper rutrum, nulla.",693,hollywood twin
t460,714.64,Maecenas pulvinar lobortis est. Phasellus sit amet erat. Nulla tempus.,797,twin
t461,845.2,Duis aliquam convallis nunc. Proin at turpis a pede posuere nonummy. Integer non velit.,539,king
t462,579.33,"Nam congue, risus semper porta volutpat, quam pede lobortis ligula, sit amet eleifend pede libero quis orci. Nullam molestie nibh in lectus.",597,king
t463,357.37,"Fusce posuere felis sed lacus. Morbi sem mauris, laoreet ut, rhoncus aliquet, pulvinar sed, nisl.",764,twin
t464,124.03,"Quisque arcu libero, rutrum ac, lobortis vel, dapibus at, diam. Nam tristique tortor eu pede.",579,double-double
t465,863.93,Integer a nibh. In quis justo.,472,hollywood twin
t466,989.03,Duis ac nibh.,788,double-double
t467,638.38,Nulla ut erat id mauris vulputate elementum. Nullam varius.,963,twin
t468,112.62,"Curabitur at ipsum ac tellus semper interdum. Mauris ullamcorper purus sit amet nulla. Quisque arcu libero, rutrum ac, lobortis vel, dapibus at, diam.",809,hollywood twin
t469,220.18,Proin risus. Praesent lectus.,505,king
t470,416.53,Curabitur gravida nisi at nibh. In hac habitasse platea dictumst.,756,hollywood twin
t471,123.27,In blandit ultrices enim.,752,twin
t472,769.59,Duis bibendum.,436,hollywood twin
t473,271.27,In congue. Etiam justo.,869,double-double
t474,148.39,Pellentesque eget nunc. Donec quis orci eget orci vehicula condimentum. Curabitur in libero ut massa volutpat convallis.,505,twin
t475,945.86,Donec semper sapien a libero.,495,queen
t476,246.02,"Nullam orci pede, venenatis non, sodales sed, tincidunt eu, felis.",727,king
t477,859.68,Curabitur convallis. Duis consequat dui nec nisi volutpat eleifend. Donec ut dolor.,860,studio
t478,777.46,Morbi porttitor lorem id ligula.,558,king
t479,595.54,"Nam congue, risus semper porta volutpat, quam pede lobortis ligula, sit amet eleifend pede libero quis orci. Nullam molestie nibh in lectus.",699,studio
t480,724.03,Nulla tellus. In sagittis dui vel nisl. Duis ac nibh.,689,studio
t481,943.42,"Integer pede justo, lacinia eget, tincidunt eget, tempus vel, pede.",588,hollywood twin
t482,109.5,Suspendisse accumsan tortor quis turpis.,581,double-double
t483,306.74,Donec posuere metus vitae ipsum. Aliquam non mauris.,752,hollywood twin
t484,259.0,"Aenean sit amet justo. Morbi ut odio. Cras mi pede, malesuada in, imperdiet et, commodo vulputate, justo.",548,twin
t485,974.14,Aliquam quis turpis eget elit sodales scelerisque. Mauris sit amet eros.,773,studio
t486,777.9,Etiam vel augue. Vestibulum rutrum rutrum neque. Aenean auctor gravida sem.,940,king
t487,673.4,Nam nulla.,769,hollywood twin
t488,498.94,"Morbi sem mauris, laoreet ut, rhoncus aliquet, pulvinar sed, nisl. Nunc rhoncus dui vel sem.",450,hollywood twin
t489,533.57,"Lorem ipsum dolor sit amet, consectetuer adipiscing elit. Proin interdum mauris non ligula pellentesque ultrices. Phasellus id sapien in sapien iaculis congue.",604,double-double
t490,934.28,Suspendisse potenti. In eleifend quam a odio.,406,hollywood twin
t491,679.55,"Cum sociis natoque penatibus et magnis dis parturient montes, nascetur ridiculus mus. Etiam vel augue.",748,hollywood twin
t492,591.5,Donec posuere metus vitae ipsum. Aliquam non mauris. Morbi non lectus.,456,hollywood twin
t493,884.66,Sed accumsan felis. Ut at dolor quis odio consequat varius.,760,twin
t494,687.69,"Suspendisse ornare consequat lectus. In est risus, auctor sed, tristique in, tempus sit amet, sem. Fusce consequat.",815,twin
t495,468.51,Etiam faucibus cursus urna.,555,double-double
t496,719.89,Nullam porttitor lacus at turpis. Donec posuere metus vitae ipsum. Aliquam non mauris.,533,double-double
t497,997.45,"In tempor, turpis nec euismod scelerisque, quam turpis adipiscing lorem, vitae mattis nibh ligula nec sem.",464,king
t498,794.28,Aliquam non mauris. Morbi non lectus.,784,hollywood twin
t499,427.27,Phasellus sit amet erat.,745,double-double
t500,767.84,"Donec ut dolor. Morbi vel lectus in quam fringilla rhoncus. Mauris enim leo, rhoncus sed, vestibulum sit amet, cursus id, turpis.",594,queen
t501,503.6,"Nam dui. Proin leo odio, porttitor id, consequat in, consequat ut, nulla. Sed accumsan felis.",655,queen
t502,197.89,"Donec diam neque, vestibulum eget, vulputate ut, ultrices vel, augue.",649,studio
t503,539.44,Nulla tellus.,574,queen
t504,305.72,Maecenas ut massa quis augue luctus tincidunt. Nulla mollis molestie lorem.,792,studio
t505,558.39,In hac habitasse platea dictumst.,404,double-double
t506,626.83,Sed accumsan felis.,510,hollywood twin
t507,412.21,"Aenean fermentum. Donec ut mauris eget massa tempor convallis. Nulla neque libero, convallis eget, eleifend luctus, ultricies eu, nibh.",576,king
t508,458.53,Donec quis orci eget orci vehicula condimentum.,461,studio
t509,637.01,"In tempor, turpis nec euismod scelerisque, quam turpis adipiscing lorem, vitae mattis nibh ligula nec sem. Duis aliquam convallis nunc.",491,hollywood twin
t510,957.45,"In est risus, auctor sed, tristique in, tempus sit amet, sem.",730,king
t511,708.36,"Duis ac nibh. Fusce lacus purus, aliquet at, feugiat non, pretium quis, lectus. Suspendisse potenti.",620,studio
t512,104.44,Nulla ut erat id mauris vulputate elementum. Nullam varius. Nulla facilisi.,965,king
t513,904.19,Ut tellus. Nulla ut erat id mauris vulputate elementum. Nullam varius.,786,hollywood twin
t514,492.51,"Vestibulum quam sapien, varius ut, blandit non, interdum in, ante.",990,twin
t515,479.74,Pellentesque eget nunc.,840,studio
t516,668.1,"Vestibulum quam sapien, varius ut, blandit non, interdum in, ante. Vestibulum ante ipsum primis in faucibus orci luctus et ultrices posuere cubilia Curae; Duis faucibus accumsan odio.",695,studio
t517,615.06,Etiam faucibus cursus urna. Ut tellus.,970,king
t518,795.8,"Quisque erat eros, viverra eget, congue eget, semper rutrum, nulla.",440,queen
t519,550.47,"Donec odio justo, sollicitudin ut, suscipit a, feugiat et, eros. Vestibulum ac est lacinia nisi venenatis tristique. Fusce congue, diam id ornare imperdiet, sapien urna pretium nisl, ut volutpat sapien arcu sed augue.",965,twin
t520,879.62,"In sagittis dui vel nisl. Duis ac nibh. Fusce lacus purus, aliquet at, feugiat non, pretium quis, lectus.",416,double-double
t521,926.13,Nullam sit amet turpis elementum ligula vehicula consequat. Morbi a ipsum.,545,queen
t522,131.15,Nulla tempus.,488,queen
t523,991.28,Curabitur convallis. Duis consequat dui nec nisi volutpat eleifend.,631,twin
t524,617.27,Duis aliquam convallis nunc. Proin at turpis a pede posuere nonummy. Integer non velit.,940,hollywood twin
t525,784.13,Proin eu mi. Nulla ac enim.,580,twin
t526,637.58,Vestibulum ante ipsum primis in faucibus orci luctus et ultrices posuere cubilia Curae; Duis faucibus accumsan odio. Curabitur convallis. Duis consequat dui nec nisi volutpat eleifend.,407,king
t527,689.35,"Praesent lectus. Vestibulum quam sapien, varius ut, blandit non, interdum in, ante. Vestibulum ante ipsum primis in faucibus orci luctus et ultrices posuere cubilia Curae; Duis faucibus accumsan odio.",853,twin
t528,375.05,Suspendisse potenti. Cras in purus eu magna vulputate luctus.,535,king
t529,862.26,"In blandit ultrices enim. Lorem ipsum dolor sit amet, consectetuer adipiscing elit.",606,king
t530,675.86,"In est risus, auctor sed, tristique in, tempus sit amet, sem. Fusce consequat. Nulla nisl.",778,king
t531,505.74,"Nam congue, risus semper porta volutpat, quam pede lobortis ligula, sit amet eleifend pede libero quis orci.",417,studio
t532,333.41,"Duis bibendum, felis sed interdum venenatis, turpis enim blandit mi, in porttitor pede justo eu massa.",811,twin
t533,569.42,Vestibulum sed magna at nunc commodo placerat. Praesent blandit.,800,king
t534,347.7,Nulla ut erat id mauris vulputate elementum. Nullam varius.,970,king
t535,437.25,"In tempor, turpis nec euismod scelerisque, quam turpis adipiscing lorem, vitae mattis nibh ligula nec sem. Duis aliquam convallis nunc. Proin at turpis a pede posuere nonummy.",409,double-double
t536,822.72,"Morbi vel lectus in quam fringilla rhoncus. Mauris enim leo, rhoncus sed, vestibulum sit amet, cursus id, turpis.",500,king
t537,689.27,"Lorem ipsum dolor sit amet, consectetuer adipiscing elit. Proin risus.",630,hollywood twin
t538,370.93,Duis consequat dui nec nisi volutpat eleifend. Donec ut dolor. Morbi vel lectus in quam fringilla rhoncus.,730,studio
t539,340.94,Nulla justo.,763,king
t540,692.98,Quisque ut erat. Curabitur gravida nisi at nibh. In hac habitasse platea dictumst.,638,hollywood twin
t541,265.35,Nulla facilisi. Cras non velit nec nisi vulputate nonummy. Maecenas tincidunt lacus at velit.,990,twin
t542,404.25,Quisque id justo sit amet sapien dignissim vestibulum.,666,double-double
t543,907.75,"Praesent blandit. Nam nulla. Integer pede justo, lacinia eget, tincidunt eget, tempus vel, pede.",619,twin
t544,207.32,Etiam vel augue. Vestibulum rutrum rutrum neque. Aenean auctor gravida sem.,631,studio
t545,726.45,Donec dapibus.,627,king
t546,821.19,Fusce posuere felis sed lacus.,788,studio
t547,995.44,"Vivamus vestibulum sagittis sapien. Cum sociis natoque penatibus et magnis dis parturient montes, nascetur ridiculus mus. Etiam vel augue.",983,twin
t548,265.35,"Phasellus id sapien in sapien iaculis congue. Vivamus metus arcu, adipiscing molestie, hendrerit at, vulputate vitae, nisl. Aenean lectus.",959,queen
t549,123.66,"Nunc nisl. Duis bibendum, felis sed interdum venenatis, turpis enim blandit mi, in porttitor pede justo eu massa. Donec dapibus.",835,hollywood twin
t550,197.6,Mauris lacinia sapien quis libero.,818,hollywood twin
t551,165.67,"Morbi sem mauris, laoreet ut, rhoncus aliquet, pulvinar sed, nisl. Nunc rhoncus dui vel sem. Sed sagittis.",999,hollywood twin
t552,257.19,"Morbi porttitor lorem id ligula. Suspendisse ornare consequat lectus. In est risus, auctor sed, tristique in, tempus sit amet, sem.",879,king
t553,261.01,Morbi non lectus.,468,king
t554,528.61,"Quisque erat eros, viverra eget, congue eget, semper rutrum, nulla. Nunc purus. Phasellus in felis.",598,twin
t555,593.21,Nulla ut erat id mauris vulputate elementum.,810,queen
t556,115.44,"Donec odio justo, sollicitudin ut, suscipit a, feugiat et, eros.",906,studio
t557,634.4,Nulla mollis molestie lorem. Quisque ut erat. Curabitur gravida nisi at nibh.,827,hollywood twin
t558,689.26,Etiam faucibus cursus urna. Ut tellus. Nulla ut erat id mauris vulputate elementum.,956,hollywood twin
t559,881.39,Maecenas tincidunt lacus at velit.,681,twin
t560,961.22,Praesent blandit lacinia erat. Vestibulum sed magna at nunc commodo placerat.,846,twin
t561,179.21,Vestibulum ante ipsum primis in faucibus orci luctus et ultrices posuere cubilia Curae; Mauris viverra diam vitae quam. Suspendisse potenti.,955,hollywood twin
t562,794.41,"Mauris ullamcorper purus sit amet nulla. Quisque arcu libero, rutrum ac, lobortis vel, dapibus at, diam.",882,double-double
t563,339.52,Ut at dolor quis odio consequat varius. Integer ac leo. Pellentesque ultrices mattis odio.,662,double-double
t564,279.3,Suspendisse potenti. Nullam porttitor lacus at turpis. Donec posuere metus vitae ipsum.,796,double-double
t565,187.89,Suspendisse potenti. Nullam porttitor lacus at turpis. Donec posuere metus vitae ipsum.,523,king
t566,981.66,Suspendisse accumsan tortor quis turpis. Sed ante.,928,queen
t567,636.11,Vivamus vel nulla eget eros elementum pellentesque.,812,queen
t568,849.06,In quis justo. Maecenas rhoncus aliquam lacus.,832,hollywood twin
t569,922.84,"Nulla neque libero, convallis eget, eleifend luctus, ultricies eu, nibh. Quisque id justo sit amet sapien dignissim vestibulum.",799,double-double
t570,794.71,Nulla tempus.,600,hollywood twin
t571,668.72,Proin risus.,904,queen
t572,645.9,"Aenean sit amet justo. Morbi ut odio. Cras mi pede, malesuada in, imperdiet et, commodo vulputate, justo.",956,hollywood twin
t573,914.18,Integer a nibh.,901,twin
t574,803.5,Etiam faucibus cursus urna.,559,twin
t575,422.27,Donec posuere metus vitae ipsum.,992,queen
t576,497.03,Nam dui.,880,hollywood twin
t577,957.67,Donec dapibus.,979,studio
t578,118.72,"Proin leo odio, porttitor id, consequat in, consequat ut, nulla. Sed accumsan felis. Ut at dolor quis odio consequat varius.",546,studio
t579,607.3,"Vivamus vestibulum sagittis sapien. Cum sociis natoque penatibus et magnis dis parturient montes, nascetur ridiculus mus.",510,queen
t580,272.15,Sed accumsan felis. Ut at dolor quis odio consequat varius. Integer ac leo.,640,queen
t581,221.93,Sed ante. Vivamus tortor.,497,twin
t582,740.59,Donec posuere metus vitae ipsum. Aliquam non mauris. Morbi non lectus.,933,queen
t583,238.71,Nullam varius. Nulla facilisi. Cras non velit nec nisi vulputate nonummy.,744,queen
t584,639.07,Maecenas rhoncus aliquam lacus.,545,queen
t585,206.83,"Morbi sem mauris, laoreet ut, rhoncus aliquet, pulvinar sed, nisl.",919,studio
t586,248.57,In congue.,898,studio
t587,470.77,"Integer non velit. Donec diam neque, vestibulum eget, vulputate ut, ultrices vel, augue. Vestibulum ante ipsum primis in faucibus orci luctus et ultrices posuere cubilia Curae; Donec pharetra, magna vestibulum aliquet ultrices, erat tortor sollicitudin mi, sit amet lobortis sapien sapien non mi.",511,studio
t588,286.18,Duis consequat dui nec nisi volutpat eleifend.,519,queen
t589,471.97,Ut at dolor quis odio consequat varius.,435,twin
t590,284.62,"Mauris enim leo, rhoncus sed, vestibulum sit amet, cursus id, turpis.",808,twin
t591,234.12,Morbi vel lectus in quam fringilla rhoncus.,756,twin
t592,719.72,"Mauris enim leo, rhoncus sed, vestibulum sit amet, cursus id, turpis. Integer aliquet, massa id lobortis convallis, tortor risus dapibus augue, vel accumsan tellus nisi eu orci.",722,queen
t593,706.84,Morbi quis tortor id nulla ultrices aliquet.,758,studio
t594,882.88,"Quisque id justo sit amet sapien dignissim vestibulum. Vestibulum ante ipsum primis in faucibus orci luctus et ultrices posuere cubilia Curae; Nulla dapibus dolor vel est. Donec odio justo, sollicitudin ut, suscipit a, feugiat et, eros.",777,king
t595,688.67,Vestibulum sed magna at nunc commodo placerat.,451,king
t596,768.22,"Donec ut mauris eget massa tempor convallis. Nulla neque libero, convallis eget, eleifend luctus, ultricies eu, nibh. Quisque id justo sit amet sapien dignissim vestibulum.",660,king
t597,791.01,"Quisque erat eros, viverra eget, congue eget, semper rutrum, nulla. Nunc purus.",544,king
t598,667.46,"Vivamus vestibulum sagittis sapien. Cum sociis natoque penatibus et magnis dis parturient montes, nascetur ridiculus mus.",689,hollywood twin
t599,532.3,"Quisque arcu libero, rutrum ac, lobortis vel, dapibus at, diam. Nam tristique tortor eu pede.",793,hollywood twin
t600,408.62,"Donec odio justo, sollicitudin ut, suscipit a, feugiat et, eros. Vestibulum ac est lacinia nisi venenatis tristique. Fusce congue, diam id ornare imperdiet, sapien urna pretium nisl, ut volutpat sapien arcu sed augue.",970,hollywood twin
t601,833.45,Duis aliquam convallis nunc.,811,studio
t602,368.16,Aenean auctor gravida sem. Praesent id massa id nisl venenatis lacinia. Aenean sit amet justo.,675,double-double
t603,531.36,Praesent blandit. Nam nulla.,844,twin
t604,201.79,Aliquam non mauris.,728,king
t605,990.53,Aenean lectus. Pellentesque eget nunc.,731,queen
t606,128.29,Praesent blandit lacinia erat. Vestibulum sed magna at nunc commodo placerat. Praesent blandit.,876,king
t607,621.92,"Nam congue, risus semper porta volutpat, quam pede lobortis ligula, sit amet eleifend pede libero quis orci. Nullam molestie nibh in lectus. Pellentesque at nulla.",645,twin
t608,949.13,Vestibulum ante ipsum primis in faucibus orci luctus et ultrices posuere cubilia Curae; Duis faucibus accumsan odio.,979,hollywood twin
t609,931.76,In congue. Etiam justo. Etiam pretium iaculis justo.,408,double-double
t610,250.96,"Suspendisse ornare consequat lectus. In est risus, auctor sed, tristique in, tempus sit amet, sem.",759,studio
t611,640.86,Curabitur convallis. Duis consequat dui nec nisi volutpat eleifend. Donec ut dolor.,866,hollywood twin
t612,450.24,"Nullam orci pede, venenatis non, sodales sed, tincidunt eu, felis. Fusce posuere felis sed lacus. Morbi sem mauris, laoreet ut, rhoncus aliquet, pulvinar sed, nisl.",536,hollywood twin
t613,802.15,"Nam ultrices, libero non mattis pulvinar, nulla pede ullamcorper augue, a suscipit nulla elit ac nulla. Sed vel enim sit amet nunc viverra dapibus.",689,double-double
t614,856.08,Proin at turpis a pede posuere nonummy.,446,double-double
t615,495.34,Duis mattis egestas metus. Aenean fermentum.,934,studio
t616,202.49,Nunc rhoncus dui vel sem.,842,double-double
t617,880.03,Pellentesque eget nunc.,903,hollywood twin
t618,815.5,Sed vel enim sit amet nunc viverra dapibus. Nulla suscipit ligula in lacus.,742,hollywood twin
t619,384.69,"Cras pellentesque volutpat dui. Maecenas tristique, est et tempus semper, est quam pharetra magna, ac consequat metus sapien ut nunc.",471,king
t620,648.29,Nullam porttitor lacus at turpis.,411,twin
t621,374.43,"Nam ultrices, libero non mattis pulvinar, nulla pede ullamcorper augue, a suscipit nulla elit ac nulla.",563,queen
t622,836.05,Integer ac leo. Pellentesque ultrices mattis odio. Donec vitae nisi.,580,studio
t623,704.35,"Donec odio justo, sollicitudin ut, suscipit a, feugiat et, eros. Vestibulum ac est lacinia nisi venenatis tristique.",600,double-double
t624,268.02,Suspendisse accumsan tortor quis turpis. Sed ante. Vivamus tortor.,905,hollywood twin
t625,308.72,"Proin leo odio, porttitor id, consequat in, consequat ut, nulla. Sed accumsan felis. Ut at dolor quis odio consequat varius.",856,hollywood twin
t626,984.23,"Morbi sem mauris, laoreet ut, rhoncus aliquet, pulvinar sed, nisl. Nunc rhoncus dui vel sem. Sed sagittis.",989,twin
t627,745.21,"Morbi odio odio, elementum eu, interdum eu, tincidunt in, leo. Maecenas pulvinar lobortis est. Phasellus sit amet erat.",626,queen
t628,417.81,"Nam nulla. Integer pede justo, lacinia eget, tincidunt eget, tempus vel, pede.",762,king
t629,983.68,Vestibulum ante ipsum primis in faucibus orci luctus et ultrices posuere cubilia Curae; Nulla dapibus dolor vel est.,831,twin
t630,499.48,Quisque ut erat.,652,king
t631,807.92,Nullam sit amet turpis elementum ligula vehicula consequat.,556,queen
t632,133.4,"Donec diam neque, vestibulum eget, vulputate ut, ultrices vel, augue. Vestibulum ante ipsum primis in faucibus orci luctus et ultrices posuere cubilia Curae; Donec pharetra, magna vestibulum aliquet ultrices, erat tortor sollicitudin mi, sit amet lobortis sapien sapien non mi. Integer ac neque.",726,studio
t633,872.85,Curabitur gravida nisi at nibh.,546,twin
t634,114.33,Etiam justo.,889,double-double
t635,915.51,Vestibulum ac est lacinia nisi venenatis tristique.,696,king
t636,934.18,Aliquam non mauris.,474,twin
t637,183.4,Mauris sit amet eros.,931,king
t638,836.26,Nunc purus. Phasellus in felis. Donec semper sapien a libero.,631,twin
t639,621.47,Etiam justo.,937,queen
t640,387.86,"Maecenas leo odio, condimentum id, luctus nec, molestie sed, justo. Pellentesque viverra pede ac diam.",510,queen
t641,789.61,Etiam vel augue. Vestibulum rutrum rutrum neque.,533,twin
t642,448.67,Vivamus vestibulum sagittis sapien.,534,queen
t643,492.88,"Quisque porta volutpat erat. Quisque erat eros, viverra eget, congue eget, semper rutrum, nulla.",848,hollywood twin
t644,251.19,"Aliquam sit amet diam in magna bibendum imperdiet. Nullam orci pede, venenatis non, sodales sed, tincidunt eu, felis.",612,double-double
t645,170.13,Vivamus vel nulla eget eros elementum pellentesque.,466,twin
t646,757.16,Praesent id massa id nisl venenatis lacinia. Aenean sit amet justo. Morbi ut odio.,685,king
t647,756.63,"Cum sociis natoque penatibus et magnis dis parturient montes, nascetur ridiculus mus. Vivamus vestibulum sagittis sapien.",911,queen
t648,222.94,In sagittis dui vel nisl. Duis ac nibh.,848,queen
t649,776.55,Donec dapibus. Duis at velit eu est congue elementum.,810,hollywood twin
t650,769.91,Pellentesque ultrices mattis odio. Donec vitae nisi.,506,double-double
t651,343.24,Vivamus vestibulum sagittis sapien.,637,hollywood twin
t652,490.74,Nulla facilisi. Cras non velit nec nisi vulputate nonummy. Maecenas tincidunt lacus at velit.,851,studio
t653,401.55,Nunc purus. Phasellus in felis.,453,king
t654,340.65,Aliquam erat volutpat.,408,hollywood twin
t655,189.94,Vestibulum rutrum rutrum neque. Aenean auctor gravida sem. Praesent id massa id nisl venenatis lacinia.,491,hollywood twin
t656,880.65,Vivamus tortor. Duis mattis egestas metus.,658,hollywood twin
t657,695.94,Morbi porttitor lorem id ligula. Suspendisse ornare consequat lectus.,571,hollywood twin
t658,842.47,"Morbi sem mauris, laoreet ut, rhoncus aliquet, pulvinar sed, nisl. Nunc rhoncus dui vel sem. Sed sagittis.",653,studio
t659,928.52,Nulla tellus. In sagittis dui vel nisl.,852,twin
t660,966.0,Vestibulum ante ipsum primis in faucibus orci luctus et ultrices posuere cubilia Curae; Duis faucibus accumsan odio. Curabitur convallis.,822,double-double
t661,317.84,Cras non velit nec nisi vulputate nonummy.,603,hollywood twin
t662,325.43,Morbi a ipsum. Integer a nibh. In quis justo.,531,hollywood twin
t663,710.68,Integer tincidunt ante vel ipsum. Praesent blandit lacinia erat.,636,twin
t664,844.88,"Nullam orci pede, venenatis non, sodales sed, tincidunt eu, felis.",640,studio
t665,179.1,Aliquam erat volutpat.,624,double-double
t666,844.25,Nulla justo. Aliquam quis turpis eget elit sodales scelerisque. Mauris sit amet eros.,703,hollywood twin
t667,697.31,"Nulla ac enim. In tempor, turpis nec euismod scelerisque, quam turpis adipiscing lorem, vitae mattis nibh ligula nec sem.",690,studio
t668,743.17,"Maecenas leo odio, condimentum id, luctus nec, molestie sed, justo. Pellentesque viverra pede ac diam.",776,studio
t669,772.07,Curabitur at ipsum ac tellus semper interdum. Mauris ullamcorper purus sit amet nulla.,601,twin
t670,296.28,"Fusce congue, diam id ornare imperdiet, sapien urna pretium nisl, ut volutpat sapien arcu sed augue. Aliquam erat volutpat. In congue.",784,twin
t671,980.38,Vivamus tortor.,562,hollywood twin
t672,409.8,Phasellus sit amet erat. Nulla tempus.,462,king
t673,895.54,"Curabitur in libero ut massa volutpat convallis. Morbi odio odio, elementum eu, interdum eu, tincidunt in, leo.",866,twin
t674,728.32,Nullam molestie nibh in lectus. Pellentesque at nulla.,491,king
t675,445.13,Mauris sit amet eros. Suspendisse accumsan tortor quis turpis. Sed ante.,582,hollywood twin
t676,219.59,"Donec diam neque, vestibulum eget, vulputate ut, ultrices vel, augue. Vestibulum ante ipsum primis in faucibus orci luctus et ultrices posuere cubilia Curae; Donec pharetra, magna vestibulum aliquet ultrices, erat tortor sollicitudin mi, sit amet lobortis sapien sapien non mi.",505,studio
t677,635.87,Aliquam erat volutpat. In congue.,463,studio
t678,548.51,Duis mattis egestas metus. Aenean fermentum. Donec ut mauris eget massa tempor convallis.,741,hollywood twin
t679,317.25,"In est risus, auctor sed, tristique in, tempus sit amet, sem. Fusce consequat.",541,double-double
t680,146.36,Morbi a ipsum. Integer a nibh.,579,hollywood twin
t681,930.13,"Curabitur in libero ut massa volutpat convallis. Morbi odio odio, elementum eu, interdum eu, tincidunt in, leo.",577,hollywood twin
t682,342.56,Nulla nisl.,739,double-double
t683,584.17,"Vestibulum ante ipsum primis in faucibus orci luctus et ultrices posuere cubilia Curae; Donec pharetra, magna vestibulum aliquet ultrices, erat tortor sollicitudin mi, sit amet lobortis sapien sapien non mi. Integer ac neque. Duis bibendum.",881,king
t684,629.09,Nulla justo. Aliquam quis turpis eget elit sodales scelerisque. Mauris sit amet eros.,625,king
t685,932.15,Praesent blandit lacinia erat. Vestibulum sed magna at nunc commodo placerat.,643,studio
t686,826.43,Maecenas pulvinar lobortis est. Phasellus sit amet erat.,639,studio
t687,519.79,"Duis ac nibh. Fusce lacus purus, aliquet at, feugiat non, pretium quis, lectus. Suspendisse potenti.",775,king
t688,386.69,Praesent id massa id nisl venenatis lacinia. Aenean sit amet justo.,440,double-double
t689,786.15,"Cras mi pede, malesuada in, imperdiet et, commodo vulputate, justo. In blandit ultrices enim. Lorem ipsum dolor sit amet, consectetuer adipiscing elit.",662,queen
t690,995.57,Donec posuere metus vitae ipsum.,685,king
t691,911.55,Donec ut dolor. Morbi vel lectus in quam fringilla rhoncus.,896,king
t692,723.71,"Morbi quis tortor id nulla ultrices aliquet. Maecenas leo odio, condimentum id, luctus nec, molestie sed, justo.",766,studio
t693,845.08,In eleifend quam a odio. In hac habitasse platea dictumst.,840,double-double
t694,416.27,Nulla facilisi. Cras non velit nec nisi vulputate nonummy. Maecenas tincidunt lacus at velit.,623,double-double
t695,123.62,Phasellus sit amet erat. Nulla tempus. Vivamus in felis eu sapien cursus vestibulum.,486,double-double
t696,629.02,"Phasellus id sapien in sapien iaculis congue. Vivamus metus arcu, adipiscing molestie, hendrerit at, vulputate vitae, nisl.",448,twin
t697,347.5,Mauris sit amet eros. Suspendisse accumsan tortor quis turpis.,593,studio
t698,977.02,Morbi a ipsum. Integer a nibh. In quis justo.,857,twin
t699,765.98,"Integer pede justo, lacinia eget, tincidunt eget, tempus vel, pede. Morbi porttitor lorem id ligula. Suspendisse ornare consequat lectus.",536,hollywood twin
t700,356.87,Mauris lacinia sapien quis libero.,577,twin
t701,166.67,"Vestibulum ante ipsum primis in faucibus orci luctus et ultrices posuere cubilia Curae; Nulla dapibus dolor vel est. Donec odio justo, sollicitudin ut, suscipit a, feugiat et, eros. Vestibulum ac est lacinia nisi venenatis tristique.",906,twin
t702,421.91,In sagittis dui vel nisl. Duis ac nibh.,637,king
t703,980.48,Integer ac neque. Duis bibendum. Morbi non quam nec dui luctus rutrum.,644,hollywood twin
t704,512.57,Aenean sit amet justo. Morbi ut odio.,922,twin
t705,697.67,"Cras in purus eu magna vulputate luctus. Cum sociis natoque penatibus et magnis dis parturient montes, nascetur ridiculus mus.",640,queen
t706,168.48,Etiam justo. Etiam pretium iaculis justo.,599,hollywood twin
t707,164.48,Morbi non lectus. Aliquam sit amet diam in magna bibendum imperdiet.,463,hollywood twin
t708,410.62,"Nulla neque libero, convallis eget, eleifend luctus, ultricies eu, nibh.",772,king
t709,176.3,"Duis at velit eu est congue elementum. In hac habitasse platea dictumst. Morbi vestibulum, velit id pretium iaculis, diam erat fermentum justo, nec condimentum neque sapien placerat ante.",588,king
t710,223.54,Etiam justo. Etiam pretium iaculis justo. In hac habitasse platea dictumst.,962,double-double
t711,951.85,In eleifend quam a odio. In hac habitasse platea dictumst. Maecenas ut massa quis augue luctus tincidunt.,501,queen
t712,593.28,"Donec diam neque, vestibulum eget, vulputate ut, ultrices vel, augue. Vestibulum ante ipsum primis in faucibus orci luctus et ultrices posuere cubilia Curae; Donec pharetra, magna vestibulum aliquet ultrices, erat tortor sollicitudin mi, sit amet lobortis sapien sapien non mi.",521,twin
t713,683.07,Nunc rhoncus dui vel sem. Sed sagittis.,707,queen
t714,919.04,Vestibulum ante ipsum primis in faucibus orci luctus et ultrices posuere cubilia Curae; Mauris viverra diam vitae quam. Suspendisse potenti. Nullam porttitor lacus at turpis.,408,studio
t715,407.13,Ut at dolor quis odio consequat varius. Integer ac leo. Pellentesque ultrices mattis odio.,633,twin
t716,333.05,"Vestibulum ante ipsum primis in faucibus orci luctus et ultrices posuere cubilia Curae; Donec pharetra, magna vestibulum aliquet ultrices, erat tortor sollicitudin mi, sit amet lobortis sapien sapien non mi.",921,queen
t717,969.15,"Fusce posuere felis sed lacus. Morbi sem mauris, laoreet ut, rhoncus aliquet, pulvinar sed, nisl. Nunc rhoncus dui vel sem.",699,king
t718,785.72,Vestibulum ante ipsum primis in faucibus orci luctus et ultrices posuere cubilia Curae; Mauris viverra diam vitae quam.,417,queen
t719,826.56,Praesent blandit lacinia erat.,500,king
t720,925.96,In eleifend quam a odio.,798,queen
t721,663.59,Donec ut dolor.,675,hollywood twin
t722,405.94,"Cras pellentesque volutpat dui. Maecenas tristique, est et tempus semper, est quam pharetra magna, ac consequat metus sapien ut nunc. Vestibulum ante ipsum primis in faucibus orci luctus et ultrices posuere cubilia Curae; Mauris viverra diam vitae quam.",514,hollywood twin
t723,269.93,"Nam nulla. Integer pede justo, lacinia eget, tincidunt eget, tempus vel, pede. Morbi porttitor lorem id ligula.",744,hollywood twin
t724,163.28,"Aliquam sit amet diam in magna bibendum imperdiet. Nullam orci pede, venenatis non, sodales sed, tincidunt eu, felis.",619,twin
t725,223.82,"Nulla neque libero, convallis eget, eleifend luctus, ultricies eu, nibh. Quisque id justo sit amet sapien dignissim vestibulum.",801,twin
t726,742.14,"Integer pede justo, lacinia eget, tincidunt eget, tempus vel, pede.",730,king
t727,232.93,"Vestibulum ante ipsum primis in faucibus orci luctus et ultrices posuere cubilia Curae; Donec pharetra, magna vestibulum aliquet ultrices, erat tortor sollicitudin mi, sit amet lobortis sapien sapien non mi. Integer ac neque.",820,twin
t728,750.63,"Donec diam neque, vestibulum eget, vulputate ut, ultrices vel, augue.",912,queen
t729,732.04,Maecenas pulvinar lobortis est. Phasellus sit amet erat.,688,hollywood twin
t730,745.35,Quisque ut erat.,631,queen
t731,847.06,Vivamus in felis eu sapien cursus vestibulum. Proin eu mi. Nulla ac enim.,879,double-double
t732,243.94,In blandit ultrices enim.,820,double-double
t733,250.7,"Cras in purus eu magna vulputate luctus. Cum sociis natoque penatibus et magnis dis parturient montes, nascetur ridiculus mus. Vivamus vestibulum sagittis sapien.",864,twin
t734,987.23,"Donec ut mauris eget massa tempor convallis. Nulla neque libero, convallis eget, eleifend luctus, ultricies eu, nibh.",497,hollywood twin
t735,647.08,"Aliquam augue quam, sollicitudin vitae, consectetuer eget, rutrum at, lorem.",499,king
t736,291.25,"Nulla neque libero, convallis eget, eleifend luctus, ultricies eu, nibh. Quisque id justo sit amet sapien dignissim vestibulum. Vestibulum ante ipsum primis in faucibus orci luctus et ultrices posuere cubilia Curae; Nulla dapibus dolor vel est.",630,queen
t737,450.19,Nulla justo.,484,studio
t738,954.53,"Vestibulum ac est lacinia nisi venenatis tristique. Fusce congue, diam id ornare imperdiet, sapien urna pretium nisl, ut volutpat sapien arcu sed augue. Aliquam erat volutpat.",515,twin
t739,253.85,"Mauris enim leo, rhoncus sed, vestibulum sit amet, cursus id, turpis. Integer aliquet, massa id lobortis convallis, tortor risus dapibus augue, vel accumsan tellus nisi eu orci. Mauris lacinia sapien quis libero.",854,studio
t740,126.1,"Nam ultrices, libero non mattis pulvinar, nulla pede ullamcorper augue, a suscipit nulla elit ac nulla. Sed vel enim sit amet nunc viverra dapibus. Nulla suscipit ligula in lacus.",941,king
t741,374.22,Donec dapibus.,489,queen
t742,235.69,Proin risus. Praesent lectus.,509,hollywood twin
t743,192.79,Etiam pretium iaculis justo.,950,king
t744,332.61,Cras pellentesque volutpat dui.,574,king
t745,739.11,Duis at velit eu est congue elementum. In hac habitasse platea dictumst.,589,hollywood twin
t746,832.5,Vestibulum ante ipsum primis in faucibus orci luctus et ultrices posuere cubilia Curae; Mauris viverra diam vitae quam.,796,hollywood twin
t747,693.94,"Praesent lectus. Vestibulum quam sapien, varius ut, blandit non, interdum in, ante. Vestibulum ante ipsum primis in faucibus orci luctus et ultrices posuere cubilia Curae; Duis faucibus accumsan odio.",977,king
t748,746.83,"Nulla neque libero, convallis eget, eleifend luctus, ultricies eu, nibh. Quisque id justo sit amet sapien dignissim vestibulum. Vestibulum ante ipsum primis in faucibus orci luctus et ultrices posuere cubilia Curae; Nulla dapibus dolor vel est.",508,king
t749,640.51,"Vestibulum quam sapien, varius ut, blandit non, interdum in, ante. Vestibulum ante ipsum primis in faucibus orci luctus et ultrices posuere cubilia Curae; Duis faucibus accumsan odio.",804,double-double
t750,336.52,Ut tellus. Nulla ut erat id mauris vulputate elementum.,439,king
t751,352.56,Vivamus tortor.,417,studio
t752,206.35,Morbi porttitor lorem id ligula.,545,twin
t753,510.95,Aliquam quis turpis eget elit sodales scelerisque.,485,hollywood twin
t754,130.96,Duis at velit eu est congue elementum. In hac habitasse platea dictumst.,818,twin
t755,548.82,"Nullam orci pede, venenatis non, sodales sed, tincidunt eu, felis. Fusce posuere felis sed lacus. Morbi sem mauris, laoreet ut, rhoncus aliquet, pulvinar sed, nisl.",865,king
t756,344.9,"Donec ut dolor. Morbi vel lectus in quam fringilla rhoncus. Mauris enim leo, rhoncus sed, vestibulum sit amet, cursus id, turpis.",678,king
t757,753.57,"Morbi odio odio, elementum eu, interdum eu, tincidunt in, leo. Maecenas pulvinar lobortis est.",711,double-double
t758,961.35,Duis consequat dui nec nisi volutpat eleifend. Donec ut dolor. Morbi vel lectus in quam fringilla rhoncus.,890,king
t759,396.53,"Donec vitae nisi. Nam ultrices, libero non mattis pulvinar, nulla pede ullamcorper augue, a suscipit nulla elit ac nulla.",774,king
t760,151.11,"Donec semper sapien a libero. Nam dui. Proin leo odio, porttitor id, consequat in, consequat ut, nulla.",571,king
t761,522.95,Phasellus in felis.,587,hollywood twin
t762,713.82,Donec semper sapien a libero.,768,king
t763,655.14,Sed accumsan felis. Ut at dolor quis odio consequat varius.,724,double-double
t764,120.2,Ut tellus.,717,king
t765,342.2,"Fusce lacus purus, aliquet at, feugiat non, pretium quis, lectus. Suspendisse potenti. In eleifend quam a odio.",905,double-double
t766,105.81,Vivamus in felis eu sapien cursus vestibulum. Proin eu mi.,892,queen
t767,870.93,"Integer aliquet, massa id lobortis convallis, tortor risus dapibus augue, vel accumsan tellus nisi eu orci. Mauris lacinia sapien quis libero. Nullam sit amet turpis elementum ligula vehicula consequat.",942,double-double
t768,627.7,"Quisque porta volutpat erat. Quisque erat eros, viverra eget, congue eget, semper rutrum, nulla. Nunc purus.",909,double-double
t769,887.98,Curabitur convallis. Duis consequat dui nec nisi volutpat eleifend.,997,studio
t770,655.65,Nullam sit amet turpis elementum ligula vehicula consequat. Morbi a ipsum. Integer a nibh.,926,studio
t771,563.82,"Vestibulum quam sapien, varius ut, blandit non, interdum in, ante. Vestibulum ante ipsum primis in faucibus orci luctus et ultrices posuere cubilia Curae; Duis faucibus accumsan odio.",936,twin
t772,375.5,Vestibulum sed magna at nunc commodo placerat. Praesent blandit.,655,double-double
t773,785.26,Suspendisse accumsan tortor quis turpis.,742,king
t774,595.46,Pellentesque at nulla.,498,twin
t775,629.58,Praesent blandit.,892,hollywood twin
t776,899.95,Morbi a ipsum.,989,king
t777,216.3,Aliquam erat volutpat. In congue. Etiam justo.,532,double-double
t778,126.38,Nulla mollis molestie lorem. Quisque ut erat. Curabitur gravida nisi at nibh.,627,studio
t779,660.1,Praesent id massa id nisl venenatis lacinia.,511,studio
t780,807.16,Donec dapibus.,407,twin
t781,159.22,"Lorem ipsum dolor sit amet, consectetuer adipiscing elit. Proin risus.",972,twin
t782,335.69,"Duis bibendum, felis sed interdum venenatis, turpis enim blandit mi, in porttitor pede justo eu massa.",795,double-double
t783,240.02,Morbi non quam nec dui luctus rutrum. Nulla tellus. In sagittis dui vel nisl.,687,king
t784,160.68,Aliquam erat volutpat. In congue.,861,hollywood twin
t785,675.1,Nunc rhoncus dui vel sem.,742,queen
t786,848.07,"Phasellus id sapien in sapien iaculis congue. Vivamus metus arcu, adipiscing molestie, hendrerit at, vulputate vitae, nisl. Aenean lectus.",741,king
t787,977.56,Suspendisse accumsan tortor quis turpis. Sed ante. Vivamus tortor.,771,studio
t788,294.53,Vestibulum ante ipsum primis in faucibus orci luctus et ultrices posuere cubilia Curae; Duis faucibus accumsan odio. Curabitur convallis.,685,studio
t789,950.12,Fusce consequat. Nulla nisl. Nunc nisl.,676,studio
t790,485.66,Nullam sit amet turpis elementum ligula vehicula consequat. Morbi a ipsum. Integer a nibh.,575,twin
t791,926.15,"Morbi vel lectus in quam fringilla rhoncus. Mauris enim leo, rhoncus sed, vestibulum sit amet, cursus id, turpis. Integer aliquet, massa id lobortis convallis, tortor risus dapibus augue, vel accumsan tellus nisi eu orci.",752,king
t792,555.82,"Nullam orci pede, venenatis non, sodales sed, tincidunt eu, felis. Fusce posuere felis sed lacus. Morbi sem mauris, laoreet ut, rhoncus aliquet, pulvinar sed, nisl.",517,studio
t793,171.5,Ut at dolor quis odio consequat varius. Integer ac leo.,870,studio
t794,167.29,"In blandit ultrices enim. Lorem ipsum dolor sit amet, consectetuer adipiscing elit. Proin interdum mauris non ligula pellentesque ultrices.",557,studio
t795,479.87,"Curabitur at ipsum ac tellus semper interdum. Mauris ullamcorper purus sit amet nulla. Quisque arcu libero, rutrum ac, lobortis vel, dapibus at, diam.",565,studio
t796,942.98,"In hac habitasse platea dictumst. Aliquam augue quam, sollicitudin vitae, consectetuer eget, rutrum at, lorem. Integer tincidunt ante vel ipsum.",537,king
t797,895.84,"Morbi sem mauris, laoreet ut, rhoncus aliquet, pulvinar sed, nisl.",506,queen
t798,116.26,Morbi non quam nec dui luctus rutrum. Nulla tellus.,884,twin
t799,124.6,Ut at dolor quis odio consequat varius.,844,studio
t800,191.63,Maecenas tincidunt lacus at velit. Vivamus vel nulla eget eros elementum pellentesque.,616,double-double
t801,736.82,"Integer aliquet, massa id lobortis convallis, tortor risus dapibus augue, vel accumsan tellus nisi eu orci. Mauris lacinia sapien quis libero.",519,queen
t802,706.86,Duis mattis egestas metus. Aenean fermentum.,897,queen
t803,660.52,"Cras mi pede, malesuada in, imperdiet et, commodo vulputate, justo.",786,studio
t804,634.28,Sed vel enim sit amet nunc viverra dapibus. Nulla suscipit ligula in lacus. Curabitur at ipsum ac tellus semper interdum.,640,king
t805,467.23,Maecenas pulvinar lobortis est. Phasellus sit amet erat. Nulla tempus.,707,queen
t806,370.35,Integer ac leo. Pellentesque ultrices mattis odio.,803,king
t807,113.38,Vestibulum sed magna at nunc commodo placerat. Praesent blandit. Nam nulla.,514,double-double
t808,358.58,"Integer aliquet, massa id lobortis convallis, tortor risus dapibus augue, vel accumsan tellus nisi eu orci. Mauris lacinia sapien quis libero.",968,double-double
t809,572.45,Praesent id massa id nisl venenatis lacinia. Aenean sit amet justo.,931,hollywood twin
t810,263.69,Proin risus. Praesent lectus.,922,double-double
t811,102.95,"Integer aliquet, massa id lobortis convallis, tortor risus dapibus augue, vel accumsan tellus nisi eu orci. Mauris lacinia sapien quis libero.",596,studio
t812,888.77,Morbi porttitor lorem id ligula. Suspendisse ornare consequat lectus.,574,twin
t813,902.56,Aenean lectus. Pellentesque eget nunc.,407,studio
t814,763.06,Duis consequat dui nec nisi volutpat eleifend. Donec ut dolor.,907,hollywood twin
t815,821.64,Curabitur gravida nisi at nibh.,710,studio
t816,703.86,"In est risus, auctor sed, tristique in, tempus sit amet, sem.",918,studio
t817,257.18,"Curabitur at ipsum ac tellus semper interdum. Mauris ullamcorper purus sit amet nulla. Quisque arcu libero, rutrum ac, lobortis vel, dapibus at, diam.",511,king
t818,552.68,Aenean lectus. Pellentesque eget nunc. Donec quis orci eget orci vehicula condimentum.,614,studio
t819,344.23,Proin interdum mauris non ligula pellentesque ultrices.,805,double-double
t820,471.31,Maecenas rhoncus aliquam lacus. Morbi quis tortor id nulla ultrices aliquet.,789,king
t821,169.67,Suspendisse potenti.,436,twin
t822,561.46,Integer ac leo.,590,twin
t823,321.21,Cras non velit nec nisi vulputate nonummy. Maecenas tincidunt lacus at velit. Vivamus vel nulla eget eros elementum pellentesque.,923,double-double
t824,568.07,"Duis ac nibh. Fusce lacus purus, aliquet at, feugiat non, pretium quis, lectus.",511,hollywood twin
t825,547.49,Nulla facilisi.,639,twin
t826,568.52,Donec ut dolor. Morbi vel lectus in quam fringilla rhoncus.,496,hollywood twin
t827,815.02,"Aliquam augue quam, sollicitudin vitae, consectetuer eget, rutrum at, lorem. Integer tincidunt ante vel ipsum. Praesent blandit lacinia erat.",857,twin
t828,276.94,"Vestibulum ac est lacinia nisi venenatis tristique. Fusce congue, diam id ornare imperdiet, sapien urna pretium nisl, ut volutpat sapien arcu sed augue.",536,queen
t829,253.95,"In est risus, auctor sed, tristique in, tempus sit amet, sem.",792,double-double
t830,920.29,Maecenas pulvinar lobortis est.,752,twin
t831,641.6,Integer a nibh. In quis justo. Maecenas rhoncus aliquam lacus.,999,queen
t832,150.79,Vestibulum rutrum rutrum neque.,438,twin
t833,529.34,Mauris lacinia sapien quis libero.,509,studio
t834,193.15,Suspendisse accumsan tortor quis turpis. Sed ante. Vivamus tortor.,421,double-double
t835,784.82,Etiam vel augue.,880,queen
t836,317.13,Sed vel enim sit amet nunc viverra dapibus. Nulla suscipit ligula in lacus.,959,twin
