type_id,room_price,room_desc,footprint,bed_size
t001,109.84,"Integer aliquet, massa id lobortis convallis, tortor risus dapibus augue, vel accumsan tellus nisi eu orci. Mauris lacinia sapien quis libero. Nullam sit amet turpis elementum ligula vehicula consequat.",833,twin
t002,821.7,Morbi porttitor lorem id ligula. Suspendisse ornare consequat lectus.,803,hollywood twin
t003,772.15,"Maecenas leo odio, condimentum id, luctus nec, molestie sed, justo. Pellentesque viverra pede ac diam. Cras pellentesque volutpat dui.",441,queen
t004,735.93,In hac habitasse platea dictumst. Maecenas ut massa quis augue luctus tincidunt.,928,twin
t005,586.69,"Suspendisse ornare consequat lectus. In est risus, auctor sed, tristique in, tempus sit amet, sem.",602,king
t006,143.01,"Maecenas tristique, est et tempus semper, est quam pharetra magna, ac consequat metus sapien ut nunc.",836,hollywood twin
t007,827.59,"Vestibulum ac est lacinia nisi venenatis tristique. Fusce congue, diam id ornare imperdiet, sapien urna pretium nisl, ut volutpat sapien arcu sed augue.",770,king
t008,557.34,Maecenas tincidunt lacus at velit. Vivamus vel nulla eget eros elementum pellentesque. Quisque porta volutpat erat.,791,king
t009,905.58,Duis consequat dui nec nisi volutpat eleifend. Donec ut dolor.,595,studio
t010,660.92,In hac habitasse platea dictumst.,734,hollywood twin
t011,329.05,Duis aliquam convallis nunc. Proin at turpis a pede posuere nonummy. Integer non velit.,487,king
t012,766.94,Nullam porttitor lacus at turpis.,996,double-double
t013,903.71,Suspendisse potenti. In eleifend quam a odio.,862,studio
t014,400.81,"Mauris enim leo, rhoncus sed, vestibulum sit amet, cursus id, turpis. Integer aliquet, massa id lobortis convallis, tortor risus dapibus augue, vel accumsan tellus nisi eu orci. Mauris lacinia sapien quis libero.",509,studio
t015,825.49,Vivamus vel nulla eget eros elementum pellentesque. Quisque porta volutpat erat.,540,hollywood twin
t016,373.92,Phasellus sit amet erat. Nulla tempus. Vivamus in felis eu sapien cursus vestibulum.,466,queen
t017,856.17,Morbi non quam nec dui luctus rutrum.,530,king
t018,790.71,"Quisque porta volutpat erat. Quisque erat eros, viverra eget, congue eget, semper rutrum, nulla.",797,double-double
t019,156.44,"Donec ut dolor. Morbi vel lectus in quam fringilla rhoncus. Mauris enim leo, rhoncus sed, vestibulum sit amet, cursus id, turpis.",720,hollywood twin
t020,629.31,Etiam pretium iaculis justo.,874,twin
t021,276.46,"Praesent lectus. Vestibulum quam sapien, varius ut, blandit non, interdum in, ante.",799,double-double
t022,176.33,Suspendisse accumsan tortor quis turpis. Sed ante. Vivamus tortor.,841,studio
t023,850.5,"Maecenas tristique, est et tempus semper, est quam pharetra magna, ac consequat metus sapien ut nunc. Vestibulum ante ipsum primis in faucibus orci luctus et ultrices posuere cubilia Curae; Mauris viverra diam vitae quam. Suspendisse potenti.",575,studio
t024,493.75,Phasellus in felis. Donec semper sapien a libero.,612,queen
t025,775.03,"Vestibulum ante ipsum primis in faucibus orci luctus et ultrices posuere cubilia Curae; Nulla dapibus dolor vel est. Donec odio justo, sollicitudin ut, suscipit a, feugiat et, eros. Vestibulum ac est lacinia nisi venenatis tristique.",565,hollywood twin
t026,262.81,Vestibulum ante ipsum primis in faucibus orci luctus et ultrices posuere cubilia Curae; Nulla dapibus dolor vel est.,407,king
t027,861.52,"Donec semper sapien a libero. Nam dui. Proin leo odio, porttitor id, consequat in, consequat ut, nulla.",421,double-double
t028,865.95,"Cum sociis natoque penatibus et magnis dis parturient montes, nascetur ridiculus mus. Vivamus vestibulum sagittis sapien. Cum sociis natoque penatibus et magnis dis parturient montes, nascetur ridiculus mus.",818,twin
t029,595.02,Suspendisse potenti.,648,studio
t030,168.16,"Nam congue, risus semper porta volutpat, quam pede lobortis ligula, sit amet eleifend pede libero quis orci. Nullam molestie nibh in lectus.",673,twin
t031,119.27,"In hac habitasse platea dictumst. Morbi vestibulum, velit id pretium iaculis, diam erat fermentum justo, nec condimentum neque sapien placerat ante. Nulla justo.",806,hollywood twin
t032,130.45,Aliquam erat volutpat.,856,studio
t033,537.45,Nulla justo. Aliquam quis turpis eget elit sodales scelerisque.,691,studio
t034,156.03,Nulla mollis molestie lorem. Quisque ut erat. Curabitur gravida nisi at nibh.,610,twin
t035,862.88,In hac habitasse platea dictumst.,972,studio
t036,321.27,Phasellus sit amet erat. Nulla tempus. Vivamus in felis eu sapien cursus vestibulum.,829,studio
t037,353.61,Morbi ut odio.,543,queen
t038,100.47,Nullam varius. Nulla facilisi.,417,king
t039,991.36,"Maecenas leo odio, condimentum id, luctus nec, molestie sed, justo.",687,hollywood twin
t040,364.92,"Vivamus vel nulla eget eros elementum pellentesque. Quisque porta volutpat erat. Quisque erat eros, viverra eget, congue eget, semper rutrum, nulla.",886,twin
t041,413.75,Donec quis orci eget orci vehicula condimentum. Curabitur in libero ut massa volutpat convallis.,426,twin
t042,396.69,Aenean lectus. Pellentesque eget nunc. Donec quis orci eget orci vehicula condimentum.,575,twin
t043,341.7,"Vivamus vestibulum sagittis sapien. Cum sociis natoque penatibus et magnis dis parturient montes, nascetur ridiculus mus.",535,queen
t044,905.5,Nulla tempus. Vivamus in felis eu sapien cursus vestibulum. Proin eu mi.,841,king
t045,762.93,Mauris lacinia sapien quis libero. Nullam sit amet turpis elementum ligula vehicula consequat. Morbi a ipsum.,696,twin
t046,903.64,Integer ac leo. Pellentesque ultrices mattis odio.,736,queen
t047,555.91,Suspendisse potenti. Cras in purus eu magna vulputate luctus.,877,double-double
t048,492.53,Aliquam erat volutpat. In congue. Etiam justo.,551,hollywood twin
t049,243.06,In congue. Etiam justo.,880,queen
t050,666.13,"Quisque erat eros, viverra eget, congue eget, semper rutrum, nulla. Nunc purus. Phasellus in felis.",595,studio
t051,239.98,"Donec vitae nisi. Nam ultrices, libero non mattis pulvinar, nulla pede ullamcorper augue, a suscipit nulla elit ac nulla.",803,king
t052,298.58,Aenean fermentum. Donec ut mauris eget massa tempor convallis.,444,hollywood twin
t053,919.12,Integer tincidunt ante vel ipsum.,590,double-double
t054,976.64,Praesent blandit lacinia erat. Vestibulum sed magna at nunc commodo placerat. Praesent blandit.,631,studio
t055,328.47,"Cras in purus eu magna vulputate luctus. Cum sociis natoque penatibus et magnis dis parturient montes, nascetur ridiculus mus.",626,twin
t056,409.52,Mauris lacinia sapien quis libero. Nullam sit amet turpis elementum ligula vehicula consequat. Morbi a ipsum.,522,studio
t057,365.97,Sed accumsan felis. Ut at dolor quis odio consequat varius.,988,studio
t058,183.79,Cras in purus eu magna vulputate luctus.,883,studio
t059,460.84,Ut at dolor quis odio consequat varius.,915,hollywood twin
t060,164.08,Nullam molestie nibh in lectus. Pellentesque at nulla.,743,queen
t061,111.73,"Cum sociis natoque penatibus et magnis dis parturient montes, nascetur ridiculus mus. Etiam vel augue.",553,twin
t062,224.84,Integer a nibh. In quis justo.,532,double-double
t063,508.41,Nulla facilisi. Cras non velit nec nisi vulputate nonummy.,618,twin
t064,876.43,Donec vitae nisi.,708,studio
t065,628.82,"Cras mi pede, malesuada in, imperdiet et, commodo vulputate, justo. In blandit ultrices enim. Lorem ipsum dolor sit amet, consectetuer adipiscing elit.",700,double-double
t066,271.9,"Morbi porttitor lorem id ligula. Suspendisse ornare consequat lectus. In est risus, auctor sed, tristique in, tempus sit amet, sem.",820,king
t067,907.37,Aliquam quis turpis eget elit sodales scelerisque. Mauris sit amet eros. Suspendisse accumsan tortor quis turpis.,471,studio
t068,844.6,Morbi quis tortor id nulla ultrices aliquet.,977,hollywood twin
t069,769.89,In eleifend quam a odio.,857,hollywood twin
t070,782.77,Sed sagittis.,863,king
t071,318.98,Suspendisse potenti. In eleifend quam a odio.,752,double-double
t072,548.93,"In hac habitasse platea dictumst. Aliquam augue quam, sollicitudin vitae, consectetuer eget, rutrum at, lorem.",980,king
t073,128.18,"Proin leo odio, porttitor id, consequat in, consequat ut, nulla. Sed accumsan felis.",807,studio
t074,854.36,Praesent id massa id nisl venenatis lacinia.,850,studio
t075,488.94,"Nullam orci pede, venenatis non, sodales sed, tincidunt eu, felis.",676,twin
t076,550.55,Etiam faucibus cursus urna.,825,hollywood twin
t077,670.16,Maecenas ut massa quis augue luctus tincidunt. Nulla mollis molestie lorem.,763,hollywood twin
t078,745.23,"In est risus, auctor sed, tristique in, tempus sit amet, sem. Fusce consequat.",604,studio
t079,638.42,"Nam congue, risus semper porta volutpat, quam pede lobortis ligula, sit amet eleifend pede libero quis orci.",418,king
t080,324.21,"Morbi quis tortor id nulla ultrices aliquet. Maecenas leo odio, condimentum id, luctus nec, molestie sed, justo. Pellentesque viverra pede ac diam.",513,queen
t081,607.32,Pellentesque eget nunc. Donec quis orci eget orci vehicula condimentum.,817,studio
t082,352.03,"Quisque arcu libero, rutrum ac, lobortis vel, dapibus at, diam. Nam tristique tortor eu pede.",675,hollywood twin
t083,780.16,Sed vel enim sit amet nunc viverra dapibus. Nulla suscipit ligula in lacus.,848,king
t084,252.11,Nullam varius. Nulla facilisi. Cras non velit nec nisi vulputate nonummy.,824,twin
t085,842.46,"Vivamus metus arcu, adipiscing molestie, hendrerit at, vulputate vitae, nisl.",895,queen
t086,213.75,Nullam molestie nibh in lectus. Pellentesque at nulla.,774,king
t087,814.68,Phasellus in felis. Donec semper sapien a libero.,818,hollywood twin
t088,334.52,Integer tincidunt ante vel ipsum.,777,hollywood twin
t089,847.32,Cras non velit nec nisi vulputate nonummy. Maecenas tincidunt lacus at velit. Vivamus vel nulla eget eros elementum pellentesque.,848,studio
t090,567.45,Phasellus sit amet erat.,723,queen
t091,386.12,"Donec odio justo, sollicitudin ut, suscipit a, feugiat et, eros.",880,double-double
t092,582.32,Maecenas tincidunt lacus at velit. Vivamus vel nulla eget eros elementum pellentesque. Quisque porta volutpat erat.,763,hollywood twin
t093,450.77,Nullam sit amet turpis elementum ligula vehicula consequat. Morbi a ipsum.,643,queen
t094,645.27,Duis ac nibh.,457,twin
t095,279.02,Cras non velit nec nisi vulputate nonummy.,924,studio
t096,499.4,"Nam dui. Proin leo odio, porttitor id, consequat in, consequat ut, nulla.",925,queen
t097,185.6,"Nulla ac enim. In tempor, turpis nec euismod scelerisque, quam turpis adipiscing lorem, vitae mattis nibh ligula nec sem. Duis aliquam convallis nunc.",822,hollywood twin
t098,412.25,Etiam faucibus cursus urna. Ut tellus. Nulla ut erat id mauris vulputate elementum.,453,twin
t099,722.89,In hac habitasse platea dictumst. Maecenas ut massa quis augue luctus tincidunt.,404,king
t100,300.11,Praesent id massa id nisl venenatis lacinia.,400,queen
t101,701.89,Suspendisse potenti. In eleifend quam a odio. In hac habitasse platea dictumst.,594,double-double
t102,553.89,"Cras in purus eu magna vulputate luctus. Cum sociis natoque penatibus et magnis dis parturient montes, nascetur ridiculus mus. Vivamus vestibulum sagittis sapien.",865,hollywood twin
t103,132.01,"Proin interdum mauris non ligula pellentesque ultrices. Phasellus id sapien in sapien iaculis congue. Vivamus metus arcu, adipiscing molestie, hendrerit at, vulputate vitae, nisl.",942,hollywood twin
t104,229.72,"Maecenas leo odio, condimentum id, luctus nec, molestie sed, justo. Pellentesque viverra pede ac diam.",599,king
t105,114.81,"Vestibulum quam sapien, varius ut, blandit non, interdum in, ante.",835,double-double
t106,749.0,"Donec odio justo, sollicitudin ut, suscipit a, feugiat et, eros. Vestibulum ac est lacinia nisi venenatis tristique.",752,queen
t107,519.75,"Morbi vestibulum, velit id pretium iaculis, diam erat fermentum justo, nec condimentum neque sapien placerat ante. Nulla justo. Aliquam quis turpis eget elit sodales scelerisque.",408,studio
t108,256.94,"Praesent blandit. Nam nulla. Integer pede justo, lacinia eget, tincidunt eget, tempus vel, pede.",538,twin
t109,862.15,In hac habitasse platea dictumst.,833,king
t110,735.74,"Sed sagittis. Nam congue, risus semper porta volutpat, quam pede lobortis ligula, sit amet eleifend pede libero quis orci.",879,twin
t111,555.13,Vivamus tortor. Duis mattis egestas metus. Aenean fermentum.,934,queen
t112,771.16,Maecenas tincidunt lacus at velit. Vivamus vel nulla eget eros elementum pellentesque.,700,twin
t113,841.4,Donec semper sapien a libero. Nam dui.,407,double-double
t114,634.58,"In tempor, turpis nec euismod scelerisque, quam turpis adipiscing lorem, vitae mattis nibh ligula nec sem. Duis aliquam convallis nunc. Proin at turpis a pede posuere nonummy.",642,twin
t115,275.1,In sagittis dui vel nisl.,687,twin
t116,643.43,"Lorem ipsum dolor sit amet, consectetuer adipiscing elit. Proin interdum mauris non ligula pellentesque ultrices. Phasellus id sapien in sapien iaculis congue.",877,hollywood twin
t117,485.92,Etiam vel augue. Vestibulum rutrum rutrum neque.,957,hollywood twin
t118,267.81,Donec semper sapien a libero. Nam dui.,688,king
t119,507.74,"Mauris ullamcorper purus sit amet nulla. Quisque arcu libero, rutrum ac, lobortis vel, dapibus at, diam. Nam tristique tortor eu pede.",890,king
t120,578.25,"Duis bibendum, felis sed interdum venenatis, turpis enim blandit mi, in porttitor pede justo eu massa. Donec dapibus. Duis at velit eu est congue elementum.",991,studio
t121,785.01,Ut tellus. Nulla ut erat id mauris vulputate elementum. Nullam varius.,733,studio
t122,397.4,"Integer aliquet, massa id lobortis convallis, tortor risus dapibus augue, vel accumsan tellus nisi eu orci. Mauris lacinia sapien quis libero. Nullam sit amet turpis elementum ligula vehicula consequat.",445,queen
t123,392.46,Vivamus vel nulla eget eros elementum pellentesque.,660,queen
t124,690.9,Phasellus id sapien in sapien iaculis congue.,962,hollywood twin
t125,401.87,Etiam justo. Etiam pretium iaculis justo.,607,queen
t126,646.15,"Curabitur in libero ut massa volutpat convallis. Morbi odio odio, elementum eu, interdum eu, tincidunt in, leo.",660,hollywood twin
t127,337.27,Maecenas pulvinar lobortis est. Phasellus sit amet erat. Nulla tempus.,780,queen
t128,523.68,In congue.,442,twin
t129,353.88,Duis aliquam convallis nunc.,778,queen
t130,950.64,"Vivamus metus arcu, adipiscing molestie, hendrerit at, vulputate vitae, nisl. Aenean lectus. Pellentesque eget nunc.",527,hollywood twin
t131,815.72,Nulla ac enim.,541,queen
t132,694.15,"Donec odio justo, sollicitudin ut, suscipit a, feugiat et, eros. Vestibulum ac est lacinia nisi venenatis tristique. Fusce congue, diam id ornare imperdiet, sapien urna pretium nisl, ut volutpat sapien arcu sed augue.",784,studio
t133,500.09,"In tempor, turpis nec euismod scelerisque, quam turpis adipiscing lorem, vitae mattis nibh ligula nec sem.",432,king
t134,925.58,Nulla ac enim.,796,hollywood twin
t135,825.24,"Morbi vel lectus in quam fringilla rhoncus. Mauris enim leo, rhoncus sed, vestibulum sit amet, cursus id, turpis. Integer aliquet, massa id lobortis convallis, tortor risus dapibus augue, vel accumsan tellus nisi eu orci.",577,hollywood twin
t136,535.41,"Nam dui. Proin leo odio, porttitor id, consequat in, consequat ut, nulla.",779,twin
t137,981.62,"Fusce congue, diam id ornare imperdiet, sapien urna pretium nisl, ut volutpat sapien arcu sed augue.",756,double-double
t138,709.46,"Nullam orci pede, venenatis non, sodales sed, tincidunt eu, felis. Fusce posuere felis sed lacus.",546,king
t139,864.73,"Aliquam sit amet diam in magna bibendum imperdiet. Nullam orci pede, venenatis non, sodales sed, tincidunt eu, felis. Fusce posuere felis sed lacus.",754,double-double
t140,973.32,Maecenas tincidunt lacus at velit.,659,hollywood twin
t141,721.33,Etiam justo. Etiam pretium iaculis justo. In hac habitasse platea dictumst.,445,king
t142,131.99,Nulla mollis molestie lorem. Quisque ut erat.,630,hollywood twin
t143,772.64,Quisque id justo sit amet sapien dignissim vestibulum.,874,twin
t144,776.84,Aliquam erat volutpat. In congue. Etiam justo.,832,queen
t145,311.84,Integer tincidunt ante vel ipsum. Praesent blandit lacinia erat.,402,queen
t146,759.96,Proin at turpis a pede posuere nonummy.,620,hollywood twin
t147,532.44,Vestibulum ac est lacinia nisi venenatis tristique.,896,queen
t148,535.98,Suspendisse accumsan tortor quis turpis. Sed ante. Vivamus tortor.,760,queen
t149,300.82,"Maecenas tristique, est et tempus semper, est quam pharetra magna, ac consequat metus sapien ut nunc.",589,double-double
t150,912.49,Aenean auctor gravida sem.,744,king
t151,566.2,Maecenas tincidunt lacus at velit. Vivamus vel nulla eget eros elementum pellentesque. Quisque porta volutpat erat.,588,queen
t152,848.17,Nulla ut erat id mauris vulputate elementum. Nullam varius.,859,studio
t153,436.47,Nulla nisl. Nunc nisl.,789,double-double
t154,748.76,"In est risus, auctor sed, tristique in, tempus sit amet, sem. Fusce consequat. Nulla nisl.",879,double-double
t155,258.42,Fusce consequat. Nulla nisl. Nunc nisl.,447,double-double
t156,103.48,Nunc nisl.,649,hollywood twin
t157,172.76,"Phasellus id sapien in sapien iaculis congue. Vivamus metus arcu, adipiscing molestie, hendrerit at, vulputate vitae, nisl. Aenean lectus.",788,hollywood twin
t158,496.59,"Integer non velit. Donec diam neque, vestibulum eget, vulputate ut, ultrices vel, augue.",933,double-double
t159,132.58,Vestibulum ante ipsum primis in faucibus orci luctus et ultrices posuere cubilia Curae; Mauris viverra diam vitae quam.,619,queen
t160,631.7,"Phasellus id sapien in sapien iaculis congue. Vivamus metus arcu, adipiscing molestie, hendrerit at, vulputate vitae, nisl.",780,studio
t161,839.07,In quis justo. Maecenas rhoncus aliquam lacus. Morbi quis tortor id nulla ultrices aliquet.,845,double-double
t162,103.23,Proin at turpis a pede posuere nonummy.,516,studio
t163,542.97,Morbi vel lectus in quam fringilla rhoncus.,636,hollywood twin
t164,346.93,Integer ac leo. Pellentesque ultrices mattis odio.,771,double-double
t165,499.31,Maecenas rhoncus aliquam lacus. Morbi quis tortor id nulla ultrices aliquet.,920,king
t166,824.96,Proin eu mi. Nulla ac enim.,962,king
t167,410.35,"Nam dui. Proin leo odio, porttitor id, consequat in, consequat ut, nulla.",959,double-double
t168,728.56,"Aenean sit amet justo. Morbi ut odio. Cras mi pede, malesuada in, imperdiet et, commodo vulputate, justo.",729,studio
t169,354.97,"Nunc nisl. Duis bibendum, felis sed interdum venenatis, turpis enim blandit mi, in porttitor pede justo eu massa. Donec dapibus.",525,twin
t170,843.14,"Integer pede justo, lacinia eget, tincidunt eget, tempus vel, pede. Morbi porttitor lorem id ligula. Suspendisse ornare consequat lectus.",507,twin
t171,514.54,"Sed sagittis. Nam congue, risus semper porta volutpat, quam pede lobortis ligula, sit amet eleifend pede libero quis orci.",799,double-double
t172,704.98,Fusce consequat. Nulla nisl.,865,twin
t173,341.28,"In hac habitasse platea dictumst. Morbi vestibulum, velit id pretium iaculis, diam erat fermentum justo, nec condimentum neque sapien placerat ante. Nulla justo.",766,king
t174,419.81,Nunc rhoncus dui vel sem.,669,king
t175,942.13,Suspendisse ornare consequat lectus.,593,double-double
t176,650.28,Morbi porttitor lorem id ligula.,969,hollywood twin
t177,548.22,Duis consequat dui nec nisi volutpat eleifend.,551,hollywood twin
t178,523.87,Vestibulum sed magna at nunc commodo placerat. Praesent blandit. Nam nulla.,741,king
t179,219.4,"Donec ut mauris eget massa tempor convallis. Nulla neque libero, convallis eget, eleifend luctus, ultricies eu, nibh. Quisque id justo sit amet sapien dignissim vestibulum.",418,studio
t180,388.49,Phasellus sit amet erat.,579,king
t181,678.12,Mauris lacinia sapien quis libero. Nullam sit amet turpis elementum ligula vehicula consequat.,740,studio
t182,578.09,"Maecenas rhoncus aliquam lacus. Morbi quis tortor id nulla ultrices aliquet. Maecenas leo odio, condimentum id, luctus nec, molestie sed, justo.",426,twin
t183,922.53,Nulla justo. Aliquam quis turpis eget elit sodales scelerisque.,434,double-double
t184,463.19,"In blandit ultrices enim. Lorem ipsum dolor sit amet, consectetuer adipiscing elit.",855,queen
t185,793.81,Suspendisse potenti.,780,king
t186,276.05,In eleifend quam a odio. In hac habitasse platea dictumst.,624,king
t187,265.99,"Nam ultrices, libero non mattis pulvinar, nulla pede ullamcorper augue, a suscipit nulla elit ac nulla. Sed vel enim sit amet nunc viverra dapibus. Nulla suscipit ligula in lacus.",999,double-double
t188,621.26,"Vestibulum ante ipsum primis in faucibus orci luctus et ultrices posuere cubilia Curae; Nulla dapibus dolor vel est. Donec odio justo, sollicitudin ut, suscipit a, feugiat et, eros. Vestibulum ac est lacinia nisi venenatis tristique.",683,double-double
t189,252.23,"Quisque id justo sit amet sapien dignissim vestibulum. Vestibulum ante ipsum primis in faucibus orci luctus et ultrices posuere cubilia Curae; Nulla dapibus dolor vel est. Donec odio justo, sollicitudin ut, suscipit a, feugiat et, eros.",958,king
t190,550.67,"Integer pede justo, lacinia eget, tincidunt eget, tempus vel, pede.",979,king
t191,439.37,Donec dapibus.,734,queen
t192,351.89,"Lorem ipsum dolor sit amet, consectetuer adipiscing elit. Proin interdum mauris non ligula pellentesque ultrices.",931,hollywood twin
t193,486.79,Cras pellentesque volutpat dui.,939,hollywood twin
t194,684.25,"In hac habitasse platea dictumst. Aliquam augue quam, sollicitudin vitae, consectetuer eget, rutrum at, lorem. Integer tincidunt ante vel ipsum.",850,king
t195,770.1,Nam tristique tortor eu pede.,944,hollywood twin
t196,162.76,"In hac habitasse platea dictumst. Aliquam augue quam, sollicitudin vitae, consectetuer eget, rutrum at, lorem. Integer tincidunt ante vel ipsum.",478,queen
t197,412.23,Praesent lectus.,794,queen
t198,534.96,"Morbi vel lectus in quam fringilla rhoncus. Mauris enim leo, rhoncus sed, vestibulum sit amet, cursus id, turpis.",640,king
t199,440.22,Nulla facilisi. Cras non velit nec nisi vulputate nonummy.,841,queen
t200,614.87,Nullam varius. Nulla facilisi.,474,hollywood twin
t201,706.06,"Donec ut mauris eget massa tempor convallis. Nulla neque libero, convallis eget, eleifend luctus, ultricies eu, nibh.",542,double-double
t202,636.15,"In blandit ultrices enim. Lorem ipsum dolor sit amet, consectetuer adipiscing elit.",918,double-double
t203,673.72,"Quisque id justo sit amet sapien dignissim vestibulum. Vestibulum ante ipsum primis in faucibus orci luctus et ultrices posuere cubilia Curae; Nulla dapibus dolor vel est. Donec odio justo, sollicitudin ut, suscipit a, feugiat et, eros.",458,twin
t204,102.42,"Nam nulla. Integer pede justo, lacinia eget, tincidunt eget, tempus vel, pede. Morbi porttitor lorem id ligula.",650,studio
t205,480.2,Nulla suscipit ligula in lacus. Curabitur at ipsum ac tellus semper interdum. Mauris ullamcorper purus sit amet nulla.,790,twin
t206,596.24,Pellentesque at nulla. Suspendisse potenti.,811,queen
t207,153.97,Proin risus.,581,hollywood twin
t208,876.31,Vivamus tortor. Duis mattis egestas metus. Aenean fermentum.,504,king
t209,178.16,Nulla suscipit ligula in lacus. Curabitur at ipsum ac tellus semper interdum.,509,double-double
t210,240.68,Nulla mollis molestie lorem. Quisque ut erat.,549,double-double
t211,766.5,"Nunc rhoncus dui vel sem. Sed sagittis. Nam congue, risus semper porta volutpat, quam pede lobortis ligula, sit amet eleifend pede libero quis orci.",639,queen
t212,647.51,Vestibulum ante ipsum primis in faucibus orci luctus et ultrices posuere cubilia Curae; Duis faucibus accumsan odio. Curabitur convallis.,832,studio
t213,392.03,"Fusce posuere felis sed lacus. Morbi sem mauris, laoreet ut, rhoncus aliquet, pulvinar sed, nisl.",507,queen
t214,218.03,Vivamus in felis eu sapien cursus vestibulum.,581,studio
t215,400.9,"Fusce congue, diam id ornare imperdiet, sapien urna pretium nisl, ut volutpat sapien arcu sed augue. Aliquam erat volutpat.",574,twin
t216,933.53,Suspendisse potenti. In eleifend quam a odio. In hac habitasse platea dictumst.,807,studio
t217,204.7,Praesent blandit.,593,twin
t218,725.65,"Vivamus metus arcu, adipiscing molestie, hendrerit at, vulputate vitae, nisl. Aenean lectus.",459,double-double
t219,630.34,"Vestibulum quam sapien, varius ut, blandit non, interdum in, ante. Vestibulum ante ipsum primis in faucibus orci luctus et ultrices posuere cubilia Curae; Duis faucibus accumsan odio. Curabitur convallis.",419,king
t220,703.22,Mauris ullamcorper purus sit amet nulla.,551,double-double
t221,167.61,Aliquam non mauris. Morbi non lectus.,494,king
t222,237.36,Donec quis orci eget orci vehicula condimentum.,818,king
t223,553.57,Curabitur gravida nisi at nibh.,818,king
t224,134.5,"Maecenas tristique, est et tempus semper, est quam pharetra magna, ac consequat metus sapien ut nunc.",938,twin
t225,100.2,Suspendisse ornare consequat lectus.,758,studio
t226,185.04,"In sagittis dui vel nisl. Duis ac nibh. Fusce lacus purus, aliquet at, feugiat non, pretium quis, lectus.",643,twin
t227,413.1,Sed vel enim sit amet nunc viverra dapibus.,488,twin
t228,805.96,"Cum sociis natoque penatibus et magnis dis parturient montes, nascetur ridiculus mus. Etiam vel augue. Vestibulum rutrum rutrum neque.",866,double-double
t229,700.08,Vivamus in felis eu sapien cursus vestibulum. Proin eu mi. Nulla ac enim.,586,queen
t230,343.22,Suspendisse potenti.,875,queen
t231,756.07,Cras non velit nec nisi vulputate nonummy. Maecenas tincidunt lacus at velit.,400,twin
t232,214.49,"Maecenas tristique, est et tempus semper, est quam pharetra magna, ac consequat metus sapien ut nunc.",446,queen
t233,384.07,Curabitur gravida nisi at nibh. In hac habitasse platea dictumst.,524,king
t234,899.13,Maecenas tincidunt lacus at velit. Vivamus vel nulla eget eros elementum pellentesque.,705,hollywood twin
t235,377.57,Vestibulum sed magna at nunc commodo placerat. Praesent blandit. Nam nulla.,494,hollywood twin
t236,319.69,"Lorem ipsum dolor sit amet, consectetuer adipiscing elit.",508,queen
t237,486.17,In hac habitasse platea dictumst. Maecenas ut massa quis augue luctus tincidunt. Nulla mollis molestie lorem.,439,double-double
t238,567.48,Maecenas tincidunt lacus at velit. Vivamus vel nulla eget eros elementum pellentesque.,538,double-double
t239,325.58,"Morbi vel lectus in quam fringilla rhoncus. Mauris enim leo, rhoncus sed, vestibulum sit amet, cursus id, turpis. Integer aliquet, massa id lobortis convallis, tortor risus dapibus augue, vel accumsan tellus nisi eu orci.",637,studio
t240,721.48,Donec ut mauris eget massa tempor convallis.,922,studio
t241,712.45,"Duis bibendum, felis sed interdum venenatis, turpis enim blandit mi, in porttitor pede justo eu massa. Donec dapibus. Duis at velit eu est congue elementum.",508,twin
t242,511.97,"Fusce lacus purus, aliquet at, feugiat non, pretium quis, lectus. Suspendisse potenti.",411,king
t243,817.01,Aenean sit amet justo.,533,hollywood twin
t244,696.23,Aenean auctor gravida sem.,667,hollywood twin
t245,242.43,"Cum sociis natoque penatibus et magnis dis parturient montes, nascetur ridiculus mus. Etiam vel augue. Vestibulum rutrum rutrum neque.",427,queen
t246,646.92,Vivamus in felis eu sapien cursus vestibulum. Proin eu mi.,839,queen
t247,769.33,"Donec ut mauris eget massa tempor convallis. Nulla neque libero, convallis eget, eleifend luctus, ultricies eu, nibh. Quisque id justo sit amet sapien dignissim vestibulum.",508,king
t248,746.64,Suspendisse potenti.,862,double-double
t249,354.51,Vivamus tortor. Duis mattis egestas metus.,989,king
t250,633.25,"Maecenas rhoncus aliquam lacus. Morbi quis tortor id nulla ultrices aliquet. Maecenas leo odio, condimentum id, luctus nec, molestie sed, justo.",619,hollywood twin
t251,660.47,Maecenas ut massa quis augue luctus tincidunt.,602,twin
t252,655.27,Nulla tempus. Vivamus in felis eu sapien cursus vestibulum.,809,queen
t253,676.03,Nulla mollis molestie lorem. Quisque ut erat. Curabitur gravida nisi at nibh.,445,hollywood twin
t254,682.06,Vestibulum rutrum rutrum neque. Aenean auctor gravida sem. Praesent id massa id nisl venenatis lacinia.,907,double-double
t255,755.53,"Nam nulla. Integer pede justo, lacinia eget, tincidunt eget, tempus vel, pede. Morbi porttitor lorem id ligula.",539,twin
t256,408.1,Integer ac neque. Duis bibendum.,512,queen
t257,180.88,Donec ut dolor. Morbi vel lectus in quam fringilla rhoncus.,486,twin
t258,531.59,In hac habitasse platea dictumst. Etiam faucibus cursus urna. Ut tellus.,883,double-double
t259,522.17,Duis at velit eu est congue elementum.,535,double-double
t260,817.49,"Nam congue, risus semper porta volutpat, quam pede lobortis ligula, sit amet eleifend pede libero quis orci. Nullam molestie nibh in lectus.",735,double-double
t261,844.18,Nullam sit amet turpis elementum ligula vehicula consequat. Morbi a ipsum. Integer a nibh.,794,queen
t262,689.55,Nulla justo.,932,queen
t263,847.23,"Lorem ipsum dolor sit amet, consectetuer adipiscing elit. Proin risus.",947,studio
t264,888.26,Nullam porttitor lacus at turpis. Donec posuere metus vitae ipsum.,541,double-double
t265,607.77,"Donec diam neque, vestibulum eget, vulputate ut, ultrices vel, augue. Vestibulum ante ipsum primis in faucibus orci luctus et ultrices posuere cubilia Curae; Donec pharetra, magna vestibulum aliquet ultrices, erat tortor sollicitudin mi, sit amet lobortis sapien sapien non mi. Integer ac neque.",718,hollywood twin
t266,595.73,Morbi a ipsum. Integer a nibh. In quis justo.,931,queen
t267,520.83,Vestibulum sed magna at nunc commodo placerat. Praesent blandit. Nam nulla.,614,queen
t268,964.34,Curabitur convallis. Duis consequat dui nec nisi volutpat eleifend.,578,queen
t269,948.12,"Maecenas rhoncus aliquam lacus. Morbi quis tortor id nulla ultrices aliquet. Maecenas leo odio, condimentum id, luctus nec, molestie sed, justo.",479,queen
t270,587.94,Aenean auctor gravida sem.,696,twin
t271,344.41,In congue. Etiam justo. Etiam pretium iaculis justo.,706,studio
t272,235.75,"Suspendisse ornare consequat lectus. In est risus, auctor sed, tristique in, tempus sit amet, sem. Fusce consequat.",415,queen
t273,639.88,Maecenas ut massa quis augue luctus tincidunt.,876,studio
t274,372.01,"Aliquam augue quam, sollicitudin vitae, consectetuer eget, rutrum at, lorem. Integer tincidunt ante vel ipsum.",914,king
t275,483.33,Nullam molestie nibh in lectus. Pellentesque at nulla. Suspendisse potenti.,491,king
t276,376.68,Nunc purus. Phasellus in felis. Donec semper sapien a libero.,719,king
t277,343.54,"In tempor, turpis nec euismod scelerisque, quam turpis adipiscing lorem, vitae mattis nibh ligula nec sem. Duis aliquam convallis nunc. Proin at turpis a pede posuere nonummy.",627,hollywood twin
t278,793.71,In eleifend quam a odio.,721,queen
t279,777.85,Suspendisse potenti.,953,hollywood twin
t280,555.68,Integer ac neque. Duis bibendum.,462,king
t281,940.67,"In blandit ultrices enim. Lorem ipsum dolor sit amet, consectetuer adipiscing elit.",928,hollywood twin
t282,646.62,Nullam porttitor lacus at turpis. Donec posuere metus vitae ipsum.,720,queen
t283,375.29,"Morbi non lectus. Aliquam sit amet diam in magna bibendum imperdiet. Nullam orci pede, venenatis non, sodales sed, tincidunt eu, felis.",995,queen
t284,262.6,Vestibulum sed magna at nunc commodo placerat. Praesent blandit. Nam nulla.,679,studio
t285,286.63,In quis justo.,975,twin
t286,196.43,Vestibulum sed magna at nunc commodo placerat. Praesent blandit.,548,hollywood twin
t287,920.65,"Duis ac nibh. Fusce lacus purus, aliquet at, feugiat non, pretium quis, lectus. Suspendisse potenti.",512,studio
t288,745.93,"Cras mi pede, malesuada in, imperdiet et, commodo vulputate, justo. In blandit ultrices enim. Lorem ipsum dolor sit amet, consectetuer adipiscing elit.",792,hollywood twin
t289,396.88,Vivamus in felis eu sapien cursus vestibulum.,400,double-double
t290,956.55,Vestibulum ante ipsum primis in faucibus orci luctus et ultrices posuere cubilia Curae; Duis faucibus accumsan odio. Curabitur convallis.,941,queen
t291,188.8,"Maecenas tristique, est et tempus semper, est quam pharetra magna, ac consequat metus sapien ut nunc.",982,king
t292,362.86,Duis consequat dui nec nisi volutpat eleifend. Donec ut dolor. Morbi vel lectus in quam fringilla rhoncus.,685,studio
t293,180.22,Etiam justo. Etiam pretium iaculis justo. In hac habitasse platea dictumst.,911,double-double
t294,238.87,"Maecenas tristique, est et tempus semper, est quam pharetra magna, ac consequat metus sapien ut nunc. Vestibulum ante ipsum primis in faucibus orci luctus et ultrices posuere cubilia Curae; Mauris viverra diam vitae quam.",531,studio
t295,840.27,"Vestibulum ante ipsum primis in faucibus orci luctus et ultrices posuere cubilia Curae; Donec pharetra, magna vestibulum aliquet ultrices, erat tortor sollicitudin mi, sit amet lobortis sapien sapien non mi. Integer ac neque. Duis bibendum.",465,double-double
t296,179.59,Pellentesque at nulla. Suspendisse potenti. Cras in purus eu magna vulputate luctus.,532,king
t297,263.16,Nulla justo. Aliquam quis turpis eget elit sodales scelerisque.,716,hollywood twin
t298,326.73,Curabitur at ipsum ac tellus semper interdum.,922,double-double
t299,542.29,"Nulla neque libero, convallis eget, eleifend luctus, ultricies eu, nibh.",621,double-double
t300,560.76,Nunc purus. Phasellus in felis. Donec semper sapien a libero.,814,queen
t301,245.36,"Duis ac nibh. Fusce lacus purus, aliquet at, feugiat non, pretium quis, lectus.",787,king
t302,659.9,Curabitur in libero ut massa volutpat convallis.,964,studio
t303,348.6,Nulla tellus. In sagittis dui vel nisl. Duis ac nibh.,419,hollywood twin
t304,264.5,"Integer pede justo, lacinia eget, tincidunt eget, tempus vel, pede.",832,twin
t305,762.16,"Vivamus metus arcu, adipiscing molestie, hendrerit at, vulputate vitae, nisl.",853,studio
t306,663.23,Suspendisse potenti. Nullam porttitor lacus at turpis.,712,double-double
t307,290.82,Vestibulum rutrum rutrum neque. Aenean auctor gravida sem.,647,studio
t308,196.56,Sed vel enim sit amet nunc viverra dapibus. Nulla suscipit ligula in lacus. Curabitur at ipsum ac tellus semper interdum.,969,twin
t309,492.41,Nulla mollis molestie lorem. Quisque ut erat. Curabitur gravida nisi at nibh.,521,queen
t310,508.0,"Proin leo odio, porttitor id, consequat in, consequat ut, nulla. Sed accumsan felis. Ut at dolor quis odio consequat varius.",730,king
t311,623.47,Morbi non quam nec dui luctus rutrum. Nulla tellus. In sagittis dui vel nisl.,575,twin
t312,245.88,"Vestibulum quam sapien, varius ut, blandit non, interdum in, ante. Vestibulum ante ipsum primis in faucibus orci luctus et ultrices posuere cubilia Curae; Duis faucibus accumsan odio.",468,hollywood twin
t313,253.34,"Pellentesque viverra pede ac diam. Cras pellentesque volutpat dui. Maecenas tristique, est et tempus semper, est quam pharetra magna, ac consequat metus sapien ut nunc.",933,double-double
t314,928.59,"Integer aliquet, massa id lobortis convallis, tortor risus dapibus augue, vel accumsan tellus nisi eu orci. Mauris lacinia sapien quis libero.",874,twin
t315,740.1,Aliquam non mauris. Morbi non lectus. Aliquam sit amet diam in magna bibendum imperdiet.,918,twin
t316,826.06,Nulla nisl.,416,hollywood twin
t317,532.54,Etiam pretium iaculis justo. In hac habitasse platea dictumst. Etiam faucibus cursus urna.,657,studio
t318,818.65,Nunc rhoncus dui vel sem. Sed sagittis.,415,studio
t319,137.92,Vivamus tortor. Duis mattis egestas metus.,875,twin
t320,283.73,"Nam dui. Proin leo odio, porttitor id, consequat in, consequat ut, nulla. Sed accumsan felis.",501,double-double
t321,367.79,Nullam sit amet turpis elementum ligula vehicula consequat. Morbi a ipsum. Integer a nibh.,795,studio
t322,990.8,"Fusce lacus purus, aliquet at, feugiat non, pretium quis, lectus. Suspendisse potenti. In eleifend quam a odio.",535,studio
t323,583.94,"Donec odio justo, sollicitudin ut, suscipit a, feugiat et, eros.",883,hollywood twin
t324,789.41,Vestibulum rutrum rutrum neque.,674,studio
t325,495.85,Duis at velit eu est congue elementum.,853,king
t326,324.37,Curabitur gravida nisi at nibh. In hac habitasse platea dictumst.,425,hollywood twin
t327,663.78,"Fusce lacus purus, aliquet at, feugiat non, pretium quis, lectus. Suspendisse potenti. In eleifend quam a odio.",752,queen
t328,130.48,"Vestibulum ac est lacinia nisi venenatis tristique. Fusce congue, diam id ornare imperdiet, sapien urna pretium nisl, ut volutpat sapien arcu sed augue. Aliquam erat volutpat.",415,twin
t329,595.26,Nullam varius. Nulla facilisi. Cras non velit nec nisi vulputate nonummy.,660,hollywood twin
t330,330.11,In sagittis dui vel nisl.,732,double-double
t331,212.68,Duis bibendum. Morbi non quam nec dui luctus rutrum.,672,twin
t332,479.72,Vivamus tortor. Duis mattis egestas metus. Aenean fermentum.,933,hollywood twin
t333,457.64,Donec dapibus. Duis at velit eu est congue elementum. In hac habitasse platea dictumst.,406,double-double
t334,712.5,Fusce posuere felis sed lacus.,460,double-double
t335,833.0,Praesent blandit lacinia erat.,856,hollywood twin
t336,886.16,"Cum sociis natoque penatibus et magnis dis parturient montes, nascetur ridiculus mus. Etiam vel augue.",775,studio
t337,231.16,Nulla tellus.,841,studio
t338,429.21,"Aliquam sit amet diam in magna bibendum imperdiet. Nullam orci pede, venenatis non, sodales sed, tincidunt eu, felis. Fusce posuere felis sed lacus.",747,hollywood twin
t339,175.52,Integer a nibh. In quis justo.,696,hollywood twin
t340,737.07,In congue.,431,studio
t341,722.4,Aliquam non mauris. Morbi non lectus.,512,hollywood twin
t342,776.02,Integer ac neque. Duis bibendum. Morbi non quam nec dui luctus rutrum.,569,studio
t343,233.55,"Praesent blandit. Nam nulla. Integer pede justo, lacinia eget, tincidunt eget, tempus vel, pede.",538,hollywood twin
t344,227.08,"Proin risus. Praesent lectus. Vestibulum quam sapien, varius ut, blandit non, interdum in, ante.",903,twin
t345,197.94,Vestibulum ante ipsum primis in faucibus orci luctus et ultrices posuere cubilia Curae; Duis faucibus accumsan odio.,493,studio
t346,706.35,Praesent blandit lacinia erat. Vestibulum sed magna at nunc commodo placerat.,849,twin
t347,506.68,Nulla ac enim.,648,twin
t348,842.41,Morbi non lectus.,944,twin
t349,110.48,Proin eu mi. Nulla ac enim.,434,queen
t350,764.59,Quisque id justo sit amet sapien dignissim vestibulum.,563,studio
t351,156.27,"Integer aliquet, massa id lobortis convallis, tortor risus dapibus augue, vel accumsan tellus nisi eu orci.",873,queen
t352,998.26,"Aliquam sit amet diam in magna bibendum imperdiet. Nullam orci pede, venenatis non, sodales sed, tincidunt eu, felis.",998,queen
t353,340.02,Phasellus sit amet erat. Nulla tempus.,601,studio
t354,612.29,Duis at velit eu est congue elementum. In hac habitasse platea dictumst.,701,studio
t355,310.04,Maecenas rhoncus aliquam lacus. Morbi quis tortor id nulla ultrices aliquet.,438,hollywood twin
t356,685.39,Integer ac leo. Pellentesque ultrices mattis odio.,643,king
t357,167.77,"Morbi sem mauris, laoreet ut, rhoncus aliquet, pulvinar sed, nisl. Nunc rhoncus dui vel sem.",707,twin
t358,769.61,"Nam congue, risus semper porta volutpat, quam pede lobortis ligula, sit amet eleifend pede libero quis orci. Nullam molestie nibh in lectus.",614,king
t359,444.06,Nulla tellus. In sagittis dui vel nisl.,451,hollywood twin
t360,719.02,In quis justo. Maecenas rhoncus aliquam lacus.,770,studio
t361,720.66,Sed accumsan felis.,530,hollywood twin
t362,567.25,Donec vitae nisi.,675,king
t363,423.66,"Donec vitae nisi. Nam ultrices, libero non mattis pulvinar, nulla pede ullamcorper augue, a suscipit nulla elit ac nulla. Sed vel enim sit amet nunc viverra dapibus.",944,queen
t364,739.82,"Quisque arcu libero, rutrum ac, lobortis vel, dapibus at, diam. Nam tristique tortor eu pede.",518,twin
t365,819.09,Nulla justo.,776,studio
t366,896.53,Mauris sit amet eros.,607,double-double
t367,770.24,"Cum sociis natoque penatibus et magnis dis parturient montes, nascetur ridiculus mus.",721,queen
t368,198.39,Duis mattis egestas metus.,752,hollywood twin
t369,434.05,Curabitur at ipsum ac tellus semper interdum. Mauris ullamcorper purus sit amet nulla.,840,king
t370,904.57,Sed ante. Vivamus tortor.,651,studio
t371,621.89,Quisque id justo sit amet sapien dignissim vestibulum. Vestibulum ante ipsum primis in faucibus orci luctus et ultrices posuere cubilia Curae; Nulla dapibus dolor vel est.,496,hollywood twin
t372,188.4,Nulla tellus.,758,twin
t373,274.85,Vivamus vel nulla eget eros elementum pellentesque.,712,hollywood twin
t374,539.91,"Morbi sem mauris, laoreet ut, rhoncus aliquet, pulvinar sed, nisl. Nunc rhoncus dui vel sem. Sed sagittis.",626,twin
t375,515.57,"Nunc nisl. Duis bibendum, felis sed interdum venenatis, turpis enim blandit mi, in porttitor pede justo eu massa. Donec dapibus.",428,hollywood twin
t376,963.75,Proin at turpis a pede posuere nonummy. Integer non velit.,586,king
t377,718.23,"Donec ut mauris eget massa tempor convallis. Nulla neque libero, convallis eget, eleifend luctus, ultricies eu, nibh.",519,hollywood twin
t378,903.61,In sagittis dui vel nisl. Duis ac nibh.,528,double-double
t379,431.35,"Nam nulla. Integer pede justo, lacinia eget, tincidunt eget, tempus vel, pede.",827,hollywood twin
t380,200.11,Nullam varius. Nulla facilisi.,773,twin
t381,166.68,In hac habitasse platea dictumst. Etiam faucibus cursus urna.,478,studio
t382,818.13,"Vestibulum quam sapien, varius ut, blandit non, interdum in, ante. Vestibulum ante ipsum primis in faucibus orci luctus et ultrices posuere cubilia Curae; Duis faucibus accumsan odio. Curabitur convallis.",432,twin
t383,893.19,Nulla tempus.,738,queen
t384,458.5,In hac habitasse platea dictumst.,452,double-double
t385,884.2,"Suspendisse ornare consequat lectus. In est risus, auctor sed, tristique in, tempus sit amet, sem. Fusce consequat.",844,double-double
t386,161.24,"Nunc nisl. Duis bibendum, felis sed interdum venenatis, turpis enim blandit mi, in porttitor pede justo eu massa.",608,king
t387,632.71,Duis ac nibh.,682,double-double
t388,657.74,Mauris sit amet eros. Suspendisse accumsan tortor quis turpis.,752,twin
t389,709.43,Nulla justo.,756,twin
t390,528.15,"Proin eu mi. Nulla ac enim. In tempor, turpis nec euismod scelerisque, quam turpis adipiscing lorem, vitae mattis nibh ligula nec sem.",598,double-double
t391,574.47,"Integer aliquet, massa id lobortis convallis, tortor risus dapibus augue, vel accumsan tellus nisi eu orci. Mauris lacinia sapien quis libero. Nullam sit amet turpis elementum ligula vehicula consequat.",403,double-double
t392,805.7,Donec posuere metus vitae ipsum. Aliquam non mauris.,419,twin
t393,936.56,Suspendisse potenti. Nullam porttitor lacus at turpis. Donec posuere metus vitae ipsum.,538,double-double
t394,646.13,Morbi non quam nec dui luctus rutrum.,675,hollywood twin
t395,960.59,Phasellus in felis.,593,queen
t396,103.93,Maecenas ut massa quis augue luctus tincidunt. Nulla mollis molestie lorem. Quisque ut erat.,760,hollywood twin
t397,999.24,Phasellus sit amet erat. Nulla tempus. Vivamus in felis eu sapien cursus vestibulum.,665,twin
t398,458.35,Phasellus id sapien in sapien iaculis congue.,617,twin
t399,813.16,"Curabitur in libero ut massa volutpat convallis. Morbi odio odio, elementum eu, interdum eu, tincidunt in, leo. Maecenas pulvinar lobortis est.",836,studio
t400,442.4,"Fusce lacus purus, aliquet at, feugiat non, pretium quis, lectus.",572,twin
t401,666.28,Morbi a ipsum. Integer a nibh. In quis justo.,665,twin
t402,399.77,Etiam justo. Etiam pretium iaculis justo.,435,double-double
t403,871.8,"Vivamus vel nulla eget eros elementum pellentesque. Quisque porta volutpat erat. Quisque erat eros, viverra eget, congue eget, semper rutrum, nulla.",985,double-double
t404,516.18,"Mauris enim leo, rhoncus sed, vestibulum sit amet, cursus id, turpis. Integer aliquet, massa id lobortis convallis, tortor risus dapibus augue, vel accumsan tellus nisi eu orci. Mauris lacinia sapien quis libero.",599,hollywood twin
t405,697.22,"Fusce congue, diam id ornare imperdiet, sapien urna pretium nisl, ut volutpat sapien arcu sed augue. Aliquam erat volutpat.",704,hollywood twin
t406,960.99,Nullam varius.,893,king
t407,598.54,"Cum sociis natoque penatibus et magnis dis parturient montes, nascetur ridiculus mus. Vivamus vestibulum sagittis sapien. Cum sociis natoque penatibus et magnis dis parturient montes, nascetur ridiculus mus.",427,king
t408,689.54,In congue. Etiam justo. Etiam pretium iaculis justo.,501,double-double
t409,424.29,Pellentesque eget nunc. Donec quis orci eget orci vehicula condimentum. Curabitur in libero ut massa volutpat convallis.,811,double-double
t410,812.39,In hac habitasse platea dictumst. Maecenas ut massa quis augue luctus tincidunt. Nulla mollis molestie lorem.,505,studio
t411,893.04,Proin at turpis a pede posuere nonummy.,1000,double-double
t412,350.56,Maecenas ut massa quis augue luctus tincidunt.,636,double-double
t413,224.5,Sed accumsan felis. Ut at dolor quis odio consequat varius. Integer ac leo.,508,double-double
t414,406.35,Aenean lectus. Pellentesque eget nunc.,661,hollywood twin
t415,560.77,Donec posuere metus vitae ipsum. Aliquam non mauris.,734,hollywood twin
t416,398.23,"Donec ut dolor. Morbi vel lectus in quam fringilla rhoncus. Mauris enim leo, rhoncus sed, vestibulum sit amet, cursus id, turpis.",615,king
t417,199.6,Nullam molestie nibh in lectus.,652,studio
t418,255.13,Proin interdum mauris non ligula pellentesque ultrices.,737,double-double
t419,549.15,"In tempor, turpis nec euismod scelerisque, quam turpis adipiscing lorem, vitae mattis nibh ligula nec sem. Duis aliquam convallis nunc.",640,double-double
t420,214.77,Cras pellentesque volutpat dui.,770,studio
t421,451.11,"Integer non velit. Donec diam neque, vestibulum eget, vulputate ut, ultrices vel, augue.",539,hollywood twin
t422,825.06,Vivamus in felis eu sapien cursus vestibulum. Proin eu mi. Nulla ac enim.,673,twin
t423,227.59,Ut at dolor quis odio consequat varius. Integer ac leo.,813,king
t424,849.73,Phasellus sit amet erat.,688,studio
t425,706.06,Integer ac neque.,862,twin
t426,860.04,Ut tellus.,647,queen
t427,240.05,"Morbi sem mauris, laoreet ut, rhoncus aliquet, pulvinar sed, nisl.",753,double-double
t428,682.78,"Nam dui. Proin leo odio, porttitor id, consequat in, consequat ut, nulla. Sed accumsan felis.",940,king
t429,242.43,Aliquam erat volutpat. In congue.,781,double-double
t430,214.78,Donec ut mauris eget massa tempor convallis.,509,double-double
t431,650.45,Aliquam erat volutpat. In congue.,723,twin
t432,986.59,Nunc rhoncus dui vel sem. Sed sagittis.,778,hollywood twin
t433,375.89,In quis justo. Maecenas rhoncus aliquam lacus.,573,double-double
t434,535.3,Sed accumsan felis. Ut at dolor quis odio consequat varius. Integer ac leo.,651,king
t435,537.44,"Cum sociis natoque penatibus et magnis dis parturient montes, nascetur ridiculus mus. Etiam vel augue.",839,king
t436,612.15,"Fusce posuere felis sed lacus. Morbi sem mauris, laoreet ut, rhoncus aliquet, pulvinar sed, nisl. Nunc rhoncus dui vel sem.",731,double-double
t437,151.01,"Fusce lacus purus, aliquet at, feugiat non, pretium quis, lectus.",933,hollywood twin
t438,765.48,Integer ac leo.,756,studio
t439,999.67,"Duis bibendum, felis sed interdum venenatis, turpis enim blandit mi, in porttitor pede justo eu massa. Donec dapibus.",662,double-double
t440,945.79,"Vivamus vestibulum sagittis sapien. Cum sociis natoque penatibus et magnis dis parturient montes, nascetur ridiculus mus. Etiam vel augue.",487,hollywood twin
t441,278.1,Praesent blandit.,588,queen
t442,294.21,Aliquam non mauris.,611,king
t443,311.36,Vivamus tortor.,503,queen
t444,667.38,"Cum sociis natoque penatibus et magnis dis parturient montes, nascetur ridiculus mus. Vivamus vestibulum sagittis sapien.",897,double-double
t445,418.58,Integer ac neque.,517,king
t446,544.59,"Nulla neque libero, convallis eget, eleifend luctus, ultricies eu, nibh.",996,twin
t447,688.75,Aenean auctor gravida sem. Praesent id massa id nisl venenatis lacinia.,704,double-double
t448,683.77,Maecenas pulvinar lobortis est. Phasellus sit amet erat. Nulla tempus.,669,twin
t449,288.34,In quis justo.,637,studio
t450,218.48,"Integer aliquet, massa id lobortis convallis, tortor risus dapibus augue, vel accumsan tellus nisi eu orci.",891,king
t451,557.1,Vivamus vestibulum sagittis sapien.,621,hollywood twin
t452,420.45,Sed sagittis.,941,studio
t453,845.2,Duis aliquam convallis nunc. Proin at turpis a pede posuere nonummy. Integer non velit.,539,twin
t454,579.33,"Nam congue, risus semper porta volutpat, quam pede lobortis ligula, sit amet eleifend pede libero quis orci. Nullam molestie nibh in lectus.",597,queen
t455,357.37,"Fusce posuere felis sed lacus. Morbi sem mauris, laoreet ut, rhoncus aliquet, pulvinar sed, nisl.",764,double-double
t456,124.03,"Quisque arcu libero, rutrum ac, lobortis vel, dapibus at, diam. Nam tristique tortor eu pede.",579,studio
t457,205.29,Sed vel enim sit amet nunc viverra dapibus.,530,double-double
t458,863.93,Integer a nibh. In quis justo.,472,studio
t459,989.03,Duis ac nibh.,788,studio
t460,186.01,Aenean auctor gravida sem.,952,queen
t461,638.38,Nulla ut erat id mauris vulputate elementum. Nullam varius.,963,twin
t462,112.62,"Curabitur at ipsum ac tellus semper interdum. Mauris ullamcorper purus sit amet nulla. Quisque arcu libero, rutrum ac, lobortis vel, dapibus at, diam.",809,queen
t463,953.13,Nullam varius. Nulla facilisi. Cras non velit nec nisi vulputate nonummy.,731,king
t464,220.18,Proin risus. Praesent lectus.,505,studio
t465,416.53,Curabitur gravida nisi at nibh. In hac habitasse platea dictumst.,756,studio
t466,123.27,In blandit ultrices enim.,752,king
t467,769.59,Duis bibendum.,436,king
t468,271.27,In congue. Etiam justo.,869,hollywood twin
t469,415.7,Suspendisse accumsan tortor quis turpis. Sed ante. Vivamus tortor.,943,double-double
t470,148.39,Pellentesque eget nunc. Donec quis orci eget orci vehicula condimentum. Curabitur in libero ut massa volutpat convallis.,505,hollywood twin
t471,945.86,Donec semper sapien a libero.,495,twin
t472,246.02,"Nullam orci pede, venenatis non, sodales sed, tincidunt eu, felis.",727,hollywood twin
t473,859.68,Curabitur convallis. Duis consequat dui nec nisi volutpat eleifend. Donec ut dolor.,860,twin
t474,777.46,Morbi porttitor lorem id ligula.,558,queen
t475,274.98,"Fusce lacus purus, aliquet at, feugiat non, pretium quis, lectus. Suspendisse potenti.",558,queen
t476,724.03,Nulla tellus. In sagittis dui vel nisl. Duis ac nibh.,689,studio
t477,503.02,"Vivamus vel nulla eget eros elementum pellentesque. Quisque porta volutpat erat. Quisque erat eros, viverra eget, congue eget, semper rutrum, nulla.",866,hollywood twin
t478,943.42,"Integer pede justo, lacinia eget, tincidunt eget, tempus vel, pede.",588,studio
t479,329.6,Pellentesque eget nunc. Donec quis orci eget orci vehicula condimentum. Curabitur in libero ut massa volutpat convallis.,526,studio
t480,323.91,Morbi porttitor lorem id ligula.,609,studio
t481,109.5,Suspendisse accumsan tortor quis turpis.,581,twin
t482,259.0,"Aenean sit amet justo. Morbi ut odio. Cras mi pede, malesuada in, imperdiet et, commodo vulputate, justo.",548,king
t483,735.05,Nullam sit amet turpis elementum ligula vehicula consequat. Morbi a ipsum.,960,hollywood twin
t484,974.14,Aliquam quis turpis eget elit sodales scelerisque. Mauris sit amet eros.,773,king
t485,777.9,Etiam vel augue. Vestibulum rutrum rutrum neque. Aenean auctor gravida sem.,940,queen
t486,673.4,Nam nulla.,769,twin
t487,498.94,"Morbi sem mauris, laoreet ut, rhoncus aliquet, pulvinar sed, nisl. Nunc rhoncus dui vel sem.",450,king
t488,533.57,"Lorem ipsum dolor sit amet, consectetuer adipiscing elit. Proin interdum mauris non ligula pellentesque ultrices. Phasellus id sapien in sapien iaculis congue.",604,double-double
t489,554.78,Proin at turpis a pede posuere nonummy. Integer non velit.,612,queen
t490,679.55,"Cum sociis natoque penatibus et magnis dis parturient montes, nascetur ridiculus mus. Etiam vel augue.",748,queen
t491,591.5,Donec posuere metus vitae ipsum. Aliquam non mauris. Morbi non lectus.,456,studio
t492,884.66,Sed accumsan felis. Ut at dolor quis odio consequat varius.,760,twin
t493,687.69,"Suspendisse ornare consequat lectus. In est risus, auctor sed, tristique in, tempus sit amet, sem. Fusce consequat.",815,twin
t494,468.51,Etiam faucibus cursus urna.,555,twin
t495,719.89,Nullam porttitor lacus at turpis. Donec posuere metus vitae ipsum. Aliquam non mauris.,533,hollywood twin
t496,997.45,"In tempor, turpis nec euismod scelerisque, quam turpis adipiscing lorem, vitae mattis nibh ligula nec sem.",464,queen
t497,794.28,Aliquam non mauris. Morbi non lectus.,784,studio
t498,427.27,Phasellus sit amet erat.,745,twin
t499,187.34,Sed accumsan felis. Ut at dolor quis odio consequat varius.,755,queen
t500,767.84,"Donec ut dolor. Morbi vel lectus in quam fringilla rhoncus. Mauris enim leo, rhoncus sed, vestibulum sit amet, cursus id, turpis.",594,double-double
t501,197.89,"Donec diam neque, vestibulum eget, vulputate ut, ultrices vel, augue.",649,studio
t502,305.72,Maecenas ut massa quis augue luctus tincidunt. Nulla mollis molestie lorem.,792,queen
t503,626.83,Sed accumsan felis.,510,twin
t504,412.21,"Aenean fermentum. Donec ut mauris eget massa tempor convallis. Nulla neque libero, convallis eget, eleifend luctus, ultricies eu, nibh.",576,double-double
t505,458.53,Donec quis orci eget orci vehicula condimentum.,461,studio
t506,637.01,"In tempor, turpis nec euismod scelerisque, quam turpis adipiscing lorem, vitae mattis nibh ligula nec sem. Duis aliquam convallis nunc.",491,twin
t507,957.45,"In est risus, auctor sed, tristique in, tempus sit amet, sem.",730,twin
t508,708.36,"Duis ac nibh. Fusce lacus purus, aliquet at, feugiat non, pretium quis, lectus. Suspendisse potenti.",620,double-double
t509,104.44,Nulla ut erat id mauris vulputate elementum. Nullam varius. Nulla facilisi.,965,studio
t510,904.19,Ut tellus. Nulla ut erat id mauris vulputate elementum. Nullam varius.,786,twin
t511,492.51,"Vestibulum quam sapien, varius ut, blandit non, interdum in, ante.",990,studio
t512,479.74,Pellentesque eget nunc.,840,queen
t513,615.06,Etiam faucibus cursus urna. Ut tellus.,970,twin
t514,795.8,"Quisque erat eros, viverra eget, congue eget, semper rutrum, nulla.",440,double-double
t515,926.13,Nullam sit amet turpis elementum ligula vehicula consequat. Morbi a ipsum.,545,studio
t516,991.28,Curabitur convallis. Duis consequat dui nec nisi volutpat eleifend.,631,twin
t517,617.27,Duis aliquam convallis nunc. Proin at turpis a pede posuere nonummy. Integer non velit.,940,queen
t518,637.58,Vestibulum ante ipsum primis in faucibus orci luctus et ultrices posuere cubilia Curae; Duis faucibus accumsan odio. Curabitur convallis. Duis consequat dui nec nisi volutpat eleifend.,407,studio
t519,689.35,"Praesent lectus. Vestibulum quam sapien, varius ut, blandit non, interdum in, ante. Vestibulum ante ipsum primis in faucibus orci luctus et ultrices posuere cubilia Curae; Duis faucibus accumsan odio.",853,twin
t520,649.39,"Nullam orci pede, venenatis non, sodales sed, tincidunt eu, felis.",902,double-double
t521,375.05,Suspendisse potenti. Cras in purus eu magna vulputate luctus.,535,studio
t522,675.86,"In est risus, auctor sed, tristique in, tempus sit amet, sem. Fusce consequat. Nulla nisl.",778,king
t523,505.74,"Nam congue, risus semper porta volutpat, quam pede lobortis ligula, sit amet eleifend pede libero quis orci.",417,queen
t524,333.41,"Duis bibendum, felis sed interdum venenatis, turpis enim blandit mi, in porttitor pede justo eu massa.",811,queen
t525,757.96,"Vestibulum ac est lacinia nisi venenatis tristique. Fusce congue, diam id ornare imperdiet, sapien urna pretium nisl, ut volutpat sapien arcu sed augue. Aliquam erat volutpat.",501,king
t526,569.42,Vestibulum sed magna at nunc commodo placerat. Praesent blandit.,800,twin
t527,689.27,"Lorem ipsum dolor sit amet, consectetuer adipiscing elit. Proin risus.",630,double-double
t528,370.93,Duis consequat dui nec nisi volutpat eleifend. Donec ut dolor. Morbi vel lectus in quam fringilla rhoncus.,730,king
t529,692.98,Quisque ut erat. Curabitur gravida nisi at nibh. In hac habitasse platea dictumst.,638,studio
t530,265.35,Nulla facilisi. Cras non velit nec nisi vulputate nonummy. Maecenas tincidunt lacus at velit.,990,hollywood twin
t531,404.25,Quisque id justo sit amet sapien dignissim vestibulum.,666,hollywood twin
t532,813.91,Morbi a ipsum. Integer a nibh. In quis justo.,468,double-double
t533,907.75,"Praesent blandit. Nam nulla. Integer pede justo, lacinia eget, tincidunt eget, tempus vel, pede.",619,double-double
t534,207.32,Etiam vel augue. Vestibulum rutrum rutrum neque. Aenean auctor gravida sem.,631,studio
t535,779.93,"Donec vitae nisi. Nam ultrices, libero non mattis pulvinar, nulla pede ullamcorper augue, a suscipit nulla elit ac nulla. Sed vel enim sit amet nunc viverra dapibus.",678,king
t536,995.44,"Vivamus vestibulum sagittis sapien. Cum sociis natoque penatibus et magnis dis parturient montes, nascetur ridiculus mus. Etiam vel augue.",983,double-double
t537,868.42,In quis justo. Maecenas rhoncus aliquam lacus.,502,king
t538,123.66,"Nunc nisl. Duis bibendum, felis sed interdum venenatis, turpis enim blandit mi, in porttitor pede justo eu massa. Donec dapibus.",835,studio
t539,197.6,Mauris lacinia sapien quis libero.,818,queen
t540,533.2,Duis at velit eu est congue elementum.,598,studio
t541,165.67,"Morbi sem mauris, laoreet ut, rhoncus aliquet, pulvinar sed, nisl. Nunc rhoncus dui vel sem. Sed sagittis.",999,double-double
t542,257.19,"Morbi porttitor lorem id ligula. Suspendisse ornare consequat lectus. In est risus, auctor sed, tristique in, tempus sit amet, sem.",879,twin
t543,261.01,Morbi non lectus.,468,king
t544,528.61,"Quisque erat eros, viverra eget, congue eget, semper rutrum, nulla. Nunc purus. Phasellus in felis.",598,twin
t545,593.21,Nulla ut erat id mauris vulputate elementum.,810,king
t546,115.44,"Donec odio justo, sollicitudin ut, suscipit a, feugiat et, eros.",906,studio
t547,689.26,Etiam faucibus cursus urna. Ut tellus. Nulla ut erat id mauris vulputate elementum.,956,queen
t548,881.39,Maecenas tincidunt lacus at velit.,681,queen
t549,462.02,"Proin interdum mauris non ligula pellentesque ultrices. Phasellus id sapien in sapien iaculis congue. Vivamus metus arcu, adipiscing molestie, hendrerit at, vulputate vitae, nisl.",904,twin
t550,961.22,Praesent blandit lacinia erat. Vestibulum sed magna at nunc commodo placerat.,846,studio
t551,179.21,Vestibulum ante ipsum primis in faucibus orci luctus et ultrices posuere cubilia Curae; Mauris viverra diam vitae quam. Suspendisse potenti.,955,king
t552,176.82,Nulla justo.,704,double-double
t553,794.41,"Mauris ullamcorper purus sit amet nulla. Quisque arcu libero, rutrum ac, lobortis vel, dapibus at, diam.",882,double-double
t554,339.52,Ut at dolor quis odio consequat varius. Integer ac leo. Pellentesque ultrices mattis odio.,662,hollywood twin
t555,764.63,Aliquam quis turpis eget elit sodales scelerisque. Mauris sit amet eros. Suspendisse accumsan tortor quis turpis.,986,hollywood twin
t556,279.3,Suspendisse potenti. Nullam porttitor lacus at turpis. Donec posuere metus vitae ipsum.,796,twin
t557,981.66,Suspendisse accumsan tortor quis turpis. Sed ante.,928,studio
t558,849.06,In quis justo. Maecenas rhoncus aliquam lacus.,832,queen
t559,922.84,"Nulla neque libero, convallis eget, eleifend luctus, ultricies eu, nibh. Quisque id justo sit amet sapien dignissim vestibulum.",799,studio
t560,794.71,Nulla tempus.,600,king
t561,668.72,Proin risus.,904,studio
t562,645.9,"Aenean sit amet justo. Morbi ut odio. Cras mi pede, malesuada in, imperdiet et, commodo vulputate, justo.",956,twin
t563,914.18,Integer a nibh.,901,double-double
t564,913.01,Nullam molestie nibh in lectus. Pellentesque at nulla.,434,double-double
t565,803.5,Etiam faucibus cursus urna.,559,double-double
t566,422.27,Donec posuere metus vitae ipsum.,992,king
t567,497.03,Nam dui.,880,queen
t568,957.67,Donec dapibus.,979,double-double
t569,118.72,"Proin leo odio, porttitor id, consequat in, consequat ut, nulla. Sed accumsan felis. Ut at dolor quis odio consequat varius.",546,studio
t570,607.3,"Vivamus vestibulum sagittis sapien. Cum sociis natoque penatibus et magnis dis parturient montes, nascetur ridiculus mus.",510,king
t571,221.93,Sed ante. Vivamus tortor.,497,queen
t572,348.87,"Fusce lacus purus, aliquet at, feugiat non, pretium quis, lectus. Suspendisse potenti. In eleifend quam a odio.",499,king
t573,740.59,Donec posuere metus vitae ipsum. Aliquam non mauris. Morbi non lectus.,933,queen
t574,639.07,Maecenas rhoncus aliquam lacus.,545,double-double
t575,248.57,In congue.,898,queen
t576,470.77,"Integer non velit. Donec diam neque, vestibulum eget, vulputate ut, ultrices vel, augue. Vestibulum ante ipsum primis in faucibus orci luctus et ultrices posuere cubilia Curae; Donec pharetra, magna vestibulum aliquet ultrices, erat tortor sollicitudin mi, sit amet lobortis sapien sapien non mi.",511,hollywood twin
t577,471.97,Ut at dolor quis odio consequat varius.,435,double-double
t578,105.68,Aliquam non mauris.,1000,twin
t579,284.62,"Mauris enim leo, rhoncus sed, vestibulum sit amet, cursus id, turpis.",808,studio
t580,650.84,Nulla facilisi. Cras non velit nec nisi vulputate nonummy.,616,studio
t581,234.12,Morbi vel lectus in quam fringilla rhoncus.,756,queen
t582,719.72,"Mauris enim leo, rhoncus sed, vestibulum sit amet, cursus id, turpis. Integer aliquet, massa id lobortis convallis, tortor risus dapibus augue, vel accumsan tellus nisi eu orci.",722,studio
t583,706.84,Morbi quis tortor id nulla ultrices aliquet.,758,king
t584,688.67,Vestibulum sed magna at nunc commodo placerat.,451,studio
t585,768.22,"Donec ut mauris eget massa tempor convallis. Nulla neque libero, convallis eget, eleifend luctus, ultricies eu, nibh. Quisque id justo sit amet sapien dignissim vestibulum.",660,queen
t586,287.69,In hac habitasse platea dictumst. Etiam faucibus cursus urna.,683,queen
t587,791.01,"Quisque erat eros, viverra eget, congue eget, semper rutrum, nulla. Nunc purus.",544,queen
t588,667.46,"Vivamus vestibulum sagittis sapien. Cum sociis natoque penatibus et magnis dis parturient montes, nascetur ridiculus mus.",689,studio
t589,876.55,Etiam faucibus cursus urna. Ut tellus.,877,king
t590,833.45,Duis aliquam convallis nunc.,811,twin
t591,368.16,Aenean auctor gravida sem. Praesent id massa id nisl venenatis lacinia. Aenean sit amet justo.,675,queen
t592,531.36,Praesent blandit. Nam nulla.,844,king
t593,990.53,Aenean lectus. Pellentesque eget nunc.,731,studio
t594,642.28,"Vestibulum quam sapien, varius ut, blandit non, interdum in, ante.",713,twin
t595,128.29,Praesent blandit lacinia erat. Vestibulum sed magna at nunc commodo placerat. Praesent blandit.,876,hollywood twin
t596,621.92,"Nam congue, risus semper porta volutpat, quam pede lobortis ligula, sit amet eleifend pede libero quis orci. Nullam molestie nibh in lectus. Pellentesque at nulla.",645,king
t597,949.13,Vestibulum ante ipsum primis in faucibus orci luctus et ultrices posuere cubilia Curae; Duis faucibus accumsan odio.,979,twin
t598,931.76,In congue. Etiam justo. Etiam pretium iaculis justo.,408,queen
t599,250.96,"Suspendisse ornare consequat lectus. In est risus, auctor sed, tristique in, tempus sit amet, sem.",759,hollywood twin
t600,640.86,Curabitur convallis. Duis consequat dui nec nisi volutpat eleifend. Donec ut dolor.,866,king
t601,450.24,"Nullam orci pede, venenatis non, sodales sed, tincidunt eu, felis. Fusce posuere felis sed lacus. Morbi sem mauris, laoreet ut, rhoncus aliquet, pulvinar sed, nisl.",536,king
t602,537.21,Vestibulum rutrum rutrum neque. Aenean auctor gravida sem.,592,twin
t603,802.15,"Nam ultrices, libero non mattis pulvinar, nulla pede ullamcorper augue, a suscipit nulla elit ac nulla. Sed vel enim sit amet nunc viverra dapibus.",689,studio
t604,928.81,"In hac habitasse platea dictumst. Aliquam augue quam, sollicitudin vitae, consectetuer eget, rutrum at, lorem.",653,hollywood twin
t605,495.34,Duis mattis egestas metus. Aenean fermentum.,934,hollywood twin
t606,202.49,Nunc rhoncus dui vel sem.,842,studio
t607,880.03,Pellentesque eget nunc.,903,hollywood twin
t608,815.5,Sed vel enim sit amet nunc viverra dapibus. Nulla suscipit ligula in lacus.,742,twin
t609,384.69,"Cras pellentesque volutpat dui. Maecenas tristique, est et tempus semper, est quam pharetra magna, ac consequat metus sapien ut nunc.",471,studio
t610,648.29,Nullam porttitor lacus at turpis.,411,queen
t611,338.92,Phasellus sit amet erat.,826,double-double
t612,374.43,"Nam ultrices, libero non mattis pulvinar, nulla pede ullamcorper augue, a suscipit nulla elit ac nulla.",563,king
t613,836.05,Integer ac leo. Pellentesque ultrices mattis odio. Donec vitae nisi.,580,hollywood twin
t614,859.03,Nulla nisl. Nunc nisl.,570,twin
t615,704.35,"Donec odio justo, sollicitudin ut, suscipit a, feugiat et, eros. Vestibulum ac est lacinia nisi venenatis tristique.",600,hollywood twin
t616,268.02,Suspendisse accumsan tortor quis turpis. Sed ante. Vivamus tortor.,905,king
t617,413.32,In eleifend quam a odio. In hac habitasse platea dictumst.,442,studio
t618,984.23,"Morbi sem mauris, laoreet ut, rhoncus aliquet, pulvinar sed, nisl. Nunc rhoncus dui vel sem. Sed sagittis.",989,studio
t619,745.21,"Morbi odio odio, elementum eu, interdum eu, tincidunt in, leo. Maecenas pulvinar lobortis est. Phasellus sit amet erat.",626,double-double
t620,417.81,"Nam nulla. Integer pede justo, lacinia eget, tincidunt eget, tempus vel, pede.",762,studio
t621,983.68,Vestibulum ante ipsum primis in faucibus orci luctus et ultrices posuere cubilia Curae; Nulla dapibus dolor vel est.,831,twin
t622,499.48,Quisque ut erat.,652,king
t623,973.02,"Nullam orci pede, venenatis non, sodales sed, tincidunt eu, felis. Fusce posuere felis sed lacus.",792,hollywood twin
t624,807.92,Nullam sit amet turpis elementum ligula vehicula consequat.,556,studio
t625,133.4,"Donec diam neque, vestibulum eget, vulputate ut, ultrices vel, augue. Vestibulum ante ipsum primis in faucibus orci luctus et ultrices posuere cubilia Curae; Donec pharetra, magna vestibulum aliquet ultrices, erat tortor sollicitudin mi, sit amet lobortis sapien sapien non mi. Integer ac neque.",726,double-double
t626,872.85,Curabitur gravida nisi at nibh.,546,double-double
t627,114.33,Etiam justo.,889,king
t628,915.51,Vestibulum ac est lacinia nisi venenatis tristique.,696,double-double
t629,934.18,Aliquam non mauris.,474,hollywood twin
t630,183.4,Mauris sit amet eros.,931,studio
t631,836.26,Nunc purus. Phasellus in felis. Donec semper sapien a libero.,631,studio
t632,621.47,Etiam justo.,937,double-double
t633,387.86,"Maecenas leo odio, condimentum id, luctus nec, molestie sed, justo. Pellentesque viverra pede ac diam.",510,studio
t634,448.67,Vivamus vestibulum sagittis sapien.,534,studio
t635,977.0,"Proin interdum mauris non ligula pellentesque ultrices. Phasellus id sapien in sapien iaculis congue. Vivamus metus arcu, adipiscing molestie, hendrerit at, vulputate vitae, nisl.",688,queen
t636,492.88,"Quisque porta volutpat erat. Quisque erat eros, viverra eget, congue eget, semper rutrum, nulla.",848,queen
t637,757.16,Praesent id massa id nisl venenatis lacinia. Aenean sit amet justo. Morbi ut odio.,685,queen
t638,756.63,"Cum sociis natoque penatibus et magnis dis parturient montes, nascetur ridiculus mus. Vivamus vestibulum sagittis sapien.",911,hollywood twin
t639,222.94,In sagittis dui vel nisl. Duis ac nibh.,848,twin
t640,341.23,Donec posuere metus vitae ipsum. Aliquam non mauris.,709,studio
t641,776.55,Donec dapibus. Duis at velit eu est congue elementum.,810,king
t642,769.91,Pellentesque ultrices mattis odio. Donec vitae nisi.,506,double-double
t643,401.55,Nunc purus. Phasellus in felis.,453,hollywood twin
t644,340.65,Aliquam erat volutpat.,408,queen
t645,189.94,Vestibulum rutrum rutrum neque. Aenean auctor gravida sem. Praesent id massa id nisl venenatis lacinia.,491,hollywood twin
t646,880.65,Vivamus tortor. Duis mattis egestas metus.,658,studio
t647,682.93,Duis consequat dui nec nisi volutpat eleifend.,723,king
t648,695.94,Morbi porttitor lorem id ligula. Suspendisse ornare consequat lectus.,571,studio
t649,649.13,"Donec diam neque, vestibulum eget, vulputate ut, ultrices vel, augue. Vestibulum ante ipsum primis in faucibus orci luctus et ultrices posuere cubilia Curae; Donec pharetra, magna vestibulum aliquet ultrices, erat tortor sollicitudin mi, sit amet lobortis sapien sapien non mi. Integer ac neque.",739,twin
t650,842.47,"Morbi sem mauris, laoreet ut, rhoncus aliquet, pulvinar sed, nisl. Nunc rhoncus dui vel sem. Sed sagittis.",653,queen
t651,928.52,Nulla tellus. In sagittis dui vel nisl.,852,twin
t652,966.0,Vestibulum ante ipsum primis in faucibus orci luctus et ultrices posuere cubilia Curae; Duis faucibus accumsan odio. Curabitur convallis.,822,hollywood twin
t653,976.4,In quis justo.,998,king
t654,317.84,Cras non velit nec nisi vulputate nonummy.,603,hollywood twin
t655,710.68,Integer tincidunt ante vel ipsum. Praesent blandit lacinia erat.,636,double-double
t656,844.25,Nulla justo. Aliquam quis turpis eget elit sodales scelerisque. Mauris sit amet eros.,703,hollywood twin
t657,697.31,"Nulla ac enim. In tempor, turpis nec euismod scelerisque, quam turpis adipiscing lorem, vitae mattis nibh ligula nec sem.",690,studio
t658,561.9,Curabitur at ipsum ac tellus semper interdum. Mauris ullamcorper purus sit amet nulla.,487,queen
t659,743.17,"Maecenas leo odio, condimentum id, luctus nec, molestie sed, justo. Pellentesque viverra pede ac diam.",776,twin
t660,296.28,"Fusce congue, diam id ornare imperdiet, sapien urna pretium nisl, ut volutpat sapien arcu sed augue. Aliquam erat volutpat. In congue.",784,double-double
t661,268.07,Donec dapibus. Duis at velit eu est congue elementum. In hac habitasse platea dictumst.,788,hollywood twin
t662,980.38,Vivamus tortor.,562,twin
t663,409.8,Phasellus sit amet erat. Nulla tempus.,462,double-double
t664,895.54,"Curabitur in libero ut massa volutpat convallis. Morbi odio odio, elementum eu, interdum eu, tincidunt in, leo.",866,double-double
t665,535.15,"Quisque arcu libero, rutrum ac, lobortis vel, dapibus at, diam. Nam tristique tortor eu pede.",794,king
t666,445.13,Mauris sit amet eros. Suspendisse accumsan tortor quis turpis. Sed ante.,582,hollywood twin
t667,219.59,"Donec diam neque, vestibulum eget, vulputate ut, ultrices vel, augue. Vestibulum ante ipsum primis in faucibus orci luctus et ultrices posuere cubilia Curae; Donec pharetra, magna vestibulum aliquet ultrices, erat tortor sollicitudin mi, sit amet lobortis sapien sapien non mi.",505,double-double
t668,635.87,Aliquam erat volutpat. In congue.,463,studio
t669,548.51,Duis mattis egestas metus. Aenean fermentum. Donec ut mauris eget massa tempor convallis.,741,twin
t670,317.25,"In est risus, auctor sed, tristique in, tempus sit amet, sem. Fusce consequat.",541,double-double
t671,146.36,Morbi a ipsum. Integer a nibh.,579,double-double
t672,342.56,Nulla nisl.,739,studio
t673,629.09,Nulla justo. Aliquam quis turpis eget elit sodales scelerisque. Mauris sit amet eros.,625,king
t674,826.43,Maecenas pulvinar lobortis est. Phasellus sit amet erat.,639,hollywood twin
t675,386.69,Praesent id massa id nisl venenatis lacinia. Aenean sit amet justo.,440,hollywood twin
t676,963.65,"Quisque id justo sit amet sapien dignissim vestibulum. Vestibulum ante ipsum primis in faucibus orci luctus et ultrices posuere cubilia Curae; Nulla dapibus dolor vel est. Donec odio justo, sollicitudin ut, suscipit a, feugiat et, eros.",788,queen
t677,786.15,"Cras mi pede, malesuada in, imperdiet et, commodo vulputate, justo. In blandit ultrices enim. Lorem ipsum dolor sit amet, consectetuer adipiscing elit.",662,studio
t678,911.55,Donec ut dolor. Morbi vel lectus in quam fringilla rhoncus.,896,queen
t679,763.61,Nullam varius.,722,hollywood twin
t680,723.71,"Morbi quis tortor id nulla ultrices aliquet. Maecenas leo odio, condimentum id, luctus nec, molestie sed, justo.",766,king
t681,116.26,"In hac habitasse platea dictumst. Aliquam augue quam, sollicitudin vitae, consectetuer eget, rutrum at, lorem. Integer tincidunt ante vel ipsum.",635,hollywood twin
t682,345.67,Integer tincidunt ante vel ipsum. Praesent blandit lacinia erat.,425,king
t683,416.27,Nulla facilisi. Cras non velit nec nisi vulputate nonummy. Maecenas tincidunt lacus at velit.,623,studio
t684,123.62,Phasellus sit amet erat. Nulla tempus. Vivamus in felis eu sapien cursus vestibulum.,486,hollywood twin
t685,629.02,"Phasellus id sapien in sapien iaculis congue. Vivamus metus arcu, adipiscing molestie, hendrerit at, vulputate vitae, nisl.",448,double-double
t686,977.02,Morbi a ipsum. Integer a nibh. In quis justo.,857,king
t687,765.98,"Integer pede justo, lacinia eget, tincidunt eget, tempus vel, pede. Morbi porttitor lorem id ligula. Suspendisse ornare consequat lectus.",536,double-double
t688,356.87,Mauris lacinia sapien quis libero.,577,studio
t689,421.91,In sagittis dui vel nisl. Duis ac nibh.,637,studio
t690,391.93,Vivamus tortor. Duis mattis egestas metus.,611,queen
t691,227.05,Morbi non quam nec dui luctus rutrum.,998,double-double
t692,980.48,Integer ac neque. Duis bibendum. Morbi non quam nec dui luctus rutrum.,644,hollywood twin
t693,512.57,Aenean sit amet justo. Morbi ut odio.,922,twin
t694,697.67,"Cras in purus eu magna vulputate luctus. Cum sociis natoque penatibus et magnis dis parturient montes, nascetur ridiculus mus.",640,studio
t695,241.04,Praesent blandit lacinia erat. Vestibulum sed magna at nunc commodo placerat.,928,double-double
t696,168.48,Etiam justo. Etiam pretium iaculis justo.,599,king
t697,164.48,Morbi non lectus. Aliquam sit amet diam in magna bibendum imperdiet.,463,queen
t698,352.47,"Nam congue, risus semper porta volutpat, quam pede lobortis ligula, sit amet eleifend pede libero quis orci. Nullam molestie nibh in lectus.",611,studio
t699,410.62,"Nulla neque libero, convallis eget, eleifend luctus, ultricies eu, nibh.",772,queen
t700,176.3,"Duis at velit eu est congue elementum. In hac habitasse platea dictumst. Morbi vestibulum, velit id pretium iaculis, diam erat fermentum justo, nec condimentum neque sapien placerat ante.",588,twin
t701,223.54,Etiam justo. Etiam pretium iaculis justo. In hac habitasse platea dictumst.,962,hollywood twin
t702,951.85,In eleifend quam a odio. In hac habitasse platea dictumst. Maecenas ut massa quis augue luctus tincidunt.,501,double-double
t703,432.21,"Mauris enim leo, rhoncus sed, vestibulum sit amet, cursus id, turpis. Integer aliquet, massa id lobortis convallis, tortor risus dapibus augue, vel accumsan tellus nisi eu orci. Mauris lacinia sapien quis libero.",786,queen
t704,593.28,"Donec diam neque, vestibulum eget, vulputate ut, ultrices vel, augue. Vestibulum ante ipsum primis in faucibus orci luctus et ultrices posuere cubilia Curae; Donec pharetra, magna vestibulum aliquet ultrices, erat tortor sollicitudin mi, sit amet lobortis sapien sapien non mi.",521,queen
t705,429.5,"Aenean sit amet justo. Morbi ut odio. Cras mi pede, malesuada in, imperdiet et, commodo vulputate, justo.",492,double-double
t706,895.89,Pellentesque eget nunc.,477,king
t707,919.04,Vestibulum ante ipsum primis in faucibus orci luctus et ultrices posuere cubilia Curae; Mauris viverra diam vitae quam. Suspendisse potenti. Nullam porttitor lacus at turpis.,408,double-double
t708,512.48,Suspendisse potenti.,885,twin
t709,160.65,"Aliquam sit amet diam in magna bibendum imperdiet. Nullam orci pede, venenatis non, sodales sed, tincidunt eu, felis.",663,double-double
t710,917.53,"In sagittis dui vel nisl. Duis ac nibh. Fusce lacus purus, aliquet at, feugiat non, pretium quis, lectus.",541,double-double
t711,941.21,Praesent lectus.,601,twin
t712,407.13,Ut at dolor quis odio consequat varius. Integer ac leo. Pellentesque ultrices mattis odio.,633,king
t713,333.05,"Vestibulum ante ipsum primis in faucibus orci luctus et ultrices posuere cubilia Curae; Donec pharetra, magna vestibulum aliquet ultrices, erat tortor sollicitudin mi, sit amet lobortis sapien sapien non mi.",921,twin
t714,969.15,"Fusce posuere felis sed lacus. Morbi sem mauris, laoreet ut, rhoncus aliquet, pulvinar sed, nisl. Nunc rhoncus dui vel sem.",699,king
t715,785.72,Vestibulum ante ipsum primis in faucibus orci luctus et ultrices posuere cubilia Curae; Mauris viverra diam vitae quam.,417,studio
t716,416.91,Aliquam non mauris. Morbi non lectus.,438,queen
t717,826.56,Praesent blandit lacinia erat.,500,twin
t718,925.96,In eleifend quam a odio.,798,double-double
t719,663.59,Donec ut dolor.,675,queen
t720,208.88,Donec quis orci eget orci vehicula condimentum.,563,double-double
t721,405.94,"Cras pellentesque volutpat dui. Maecenas tristique, est et tempus semper, est quam pharetra magna, ac consequat metus sapien ut nunc. Vestibulum ante ipsum primis in faucibus orci luctus et ultrices posuere cubilia Curae; Mauris viverra diam vitae quam.",514,double-double
t722,269.93,"Nam nulla. Integer pede justo, lacinia eget, tincidunt eget, tempus vel, pede. Morbi porttitor lorem id ligula.",744,hollywood twin
t723,223.82,"Nulla neque libero, convallis eget, eleifend luctus, ultricies eu, nibh. Quisque id justo sit amet sapien dignissim vestibulum.",801,hollywood twin
t724,232.93,"Vestibulum ante ipsum primis in faucibus orci luctus et ultrices posuere cubilia Curae; Donec pharetra, magna vestibulum aliquet ultrices, erat tortor sollicitudin mi, sit amet lobortis sapien sapien non mi. Integer ac neque.",820,studio
t725,732.04,Maecenas pulvinar lobortis est. Phasellus sit amet erat.,688,king
t726,745.35,Quisque ut erat.,631,hollywood twin
t727,984.94,In hac habitasse platea dictumst.,437,twin
t728,243.94,In blandit ultrices enim.,820,twin
t729,250.7,"Cras in purus eu magna vulputate luctus. Cum sociis natoque penatibus et magnis dis parturient montes, nascetur ridiculus mus. Vivamus vestibulum sagittis sapien.",864,king
t730,987.23,"Donec ut mauris eget massa tempor convallis. Nulla neque libero, convallis eget, eleifend luctus, ultricies eu, nibh.",497,twin
t731,647.08,"Aliquam augue quam, sollicitudin vitae, consectetuer eget, rutrum at, lorem.",499,hollywood twin
t732,291.25,"Nulla neque libero, convallis eget, eleifend luctus, ultricies eu, nibh. Quisque id justo sit amet sapien dignissim vestibulum. Vestibulum ante ipsum primis in faucibus orci luctus et ultrices posuere cubilia Curae; Nulla dapibus dolor vel est.",630,hollywood twin
t733,954.53,"Vestibulum ac est lacinia nisi venenatis tristique. Fusce congue, diam id ornare imperdiet, sapien urna pretium nisl, ut volutpat sapien arcu sed augue. Aliquam erat volutpat.",515,studio
t734,374.22,Donec dapibus.,489,hollywood twin
t735,235.69,Proin risus. Praesent lectus.,509,queen
t736,192.79,Etiam pretium iaculis justo.,950,queen
t737,873.19,Duis bibendum.,445,twin
t738,332.61,Cras pellentesque volutpat dui.,574,double-double
t739,739.11,Duis at velit eu est congue elementum. In hac habitasse platea dictumst.,589,twin
t740,693.94,"Praesent lectus. Vestibulum quam sapien, varius ut, blandit non, interdum in, ante. Vestibulum ante ipsum primis in faucibus orci luctus et ultrices posuere cubilia Curae; Duis faucibus accumsan odio.",977,double-double
t741,746.83,"Nulla neque libero, convallis eget, eleifend luctus, ultricies eu, nibh. Quisque id justo sit amet sapien dignissim vestibulum. Vestibulum ante ipsum primis in faucibus orci luctus et ultrices posuere cubilia Curae; Nulla dapibus dolor vel est.",508,queen
t742,640.51,"Vestibulum quam sapien, varius ut, blandit non, interdum in, ante. Vestibulum ante ipsum primis in faucibus orci luctus et ultrices posuere cubilia Curae; Duis faucibus accumsan odio.",804,double-double
t743,336.52,Ut tellus. Nulla ut erat id mauris vulputate elementum.,439,queen
t744,352.56,Vivamus tortor.,417,king
t745,206.35,Morbi porttitor lorem id ligula.,545,king
t746,510.95,Aliquam quis turpis eget elit sodales scelerisque.,485,twin
t747,548.82,"Nullam orci pede, venenatis non, sodales sed, tincidunt eu, felis. Fusce posuere felis sed lacus. Morbi sem mauris, laoreet ut, rhoncus aliquet, pulvinar sed, nisl.",865,double-double
t748,753.57,"Morbi odio odio, elementum eu, interdum eu, tincidunt in, leo. Maecenas pulvinar lobortis est.",711,studio
t749,961.35,Duis consequat dui nec nisi volutpat eleifend. Donec ut dolor. Morbi vel lectus in quam fringilla rhoncus.,890,double-double
t750,151.11,"Donec semper sapien a libero. Nam dui. Proin leo odio, porttitor id, consequat in, consequat ut, nulla.",571,studio
t751,713.82,Donec semper sapien a libero.,768,queen
t752,264.95,Etiam faucibus cursus urna.,667,queen
t753,459.28,"Fusce congue, diam id ornare imperdiet, sapien urna pretium nisl, ut volutpat sapien arcu sed augue. Aliquam erat volutpat.",613,queen
t754,919.88,"Nulla neque libero, convallis eget, eleifend luctus, ultricies eu, nibh.",862,hollywood twin
t755,105.81,Vivamus in felis eu sapien cursus vestibulum. Proin eu mi.,892,twin
t756,870.93,"Integer aliquet, massa id lobortis convallis, tortor risus dapibus augue, vel accumsan tellus nisi eu orci. Mauris lacinia sapien quis libero. Nullam sit amet turpis elementum ligula vehicula consequat.",942,king
t757,627.7,"Quisque porta volutpat erat. Quisque erat eros, viverra eget, congue eget, semper rutrum, nulla. Nunc purus.",909,studio
t758,887.98,Curabitur convallis. Duis consequat dui nec nisi volutpat eleifend.,997,king
t759,655.65,Nullam sit amet turpis elementum ligula vehicula consequat. Morbi a ipsum. Integer a nibh.,926,hollywood twin
t760,563.82,"Vestibulum quam sapien, varius ut, blandit non, interdum in, ante. Vestibulum ante ipsum primis in faucibus orci luctus et ultrices posuere cubilia Curae; Duis faucibus accumsan odio.",936,twin
t761,143.38,"In hac habitasse platea dictumst. Aliquam augue quam, sollicitudin vitae, consectetuer eget, rutrum at, lorem. Integer tincidunt ante vel ipsum.",518,twin
t762,424.82,"Nunc nisl. Duis bibendum, felis sed interdum venenatis, turpis enim blandit mi, in porttitor pede justo eu massa.",435,queen
t763,785.26,Suspendisse accumsan tortor quis turpis.,742,hollywood twin
t764,651.84,"Donec diam neque, vestibulum eget, vulputate ut, ultrices vel, augue. Vestibulum ante ipsum primis in faucibus orci luctus et ultrices posuere cubilia Curae; Donec pharetra, magna vestibulum aliquet ultrices, erat tortor sollicitudin mi, sit amet lobortis sapien sapien non mi. Integer ac neque.",857,king
t765,595.46,Pellentesque at nulla.,498,studio
t766,629.58,Praesent blandit.,892,king
t767,899.95,Morbi a ipsum.,989,double-double
t768,216.3,Aliquam erat volutpat. In congue. Etiam justo.,532,double-double
t769,126.38,Nulla mollis molestie lorem. Quisque ut erat. Curabitur gravida nisi at nibh.,627,studio
t770,301.2,Proin interdum mauris non ligula pellentesque ultrices.,677,studio
t771,660.1,Praesent id massa id nisl venenatis lacinia.,511,hollywood twin
t772,159.22,"Lorem ipsum dolor sit amet, consectetuer adipiscing elit. Proin risus.",972,king
t773,335.69,"Duis bibendum, felis sed interdum venenatis, turpis enim blandit mi, in porttitor pede justo eu massa.",795,king
t774,240.02,Morbi non quam nec dui luctus rutrum. Nulla tellus. In sagittis dui vel nisl.,687,queen
t775,160.68,Aliquam erat volutpat. In congue.,861,queen
t776,135.93,In quis justo. Maecenas rhoncus aliquam lacus. Morbi quis tortor id nulla ultrices aliquet.,809,king
t777,722.02,Morbi non quam nec dui luctus rutrum.,567,studio
t778,675.1,Nunc rhoncus dui vel sem.,742,queen
t779,848.07,"Phasellus id sapien in sapien iaculis congue. Vivamus metus arcu, adipiscing molestie, hendrerit at, vulputate vitae, nisl. Aenean lectus.",741,twin
t780,294.53,Vestibulum ante ipsum primis in faucibus orci luctus et ultrices posuere cubilia Curae; Duis faucibus accumsan odio. Curabitur convallis.,685,king
t781,950.12,Fusce consequat. Nulla nisl. Nunc nisl.,676,queen
t782,555.82,"Nullam orci pede, venenatis non, sodales sed, tincidunt eu, felis. Fusce posuere felis sed lacus. Morbi sem mauris, laoreet ut, rhoncus aliquet, pulvinar sed, nisl.",517,queen
t783,171.5,Ut at dolor quis odio consequat varius. Integer ac leo.,870,twin
t784,167.29,"In blandit ultrices enim. Lorem ipsum dolor sit amet, consectetuer adipiscing elit. Proin interdum mauris non ligula pellentesque ultrices.",557,studio
t785,895.84,"Morbi sem mauris, laoreet ut, rhoncus aliquet, pulvinar sed, nisl.",506,studio
t786,116.26,Morbi non quam nec dui luctus rutrum. Nulla tellus.,884,double-double
t787,614.92,"Maecenas tristique, est et tempus semper, est quam pharetra magna, ac consequat metus sapien ut nunc. Vestibulum ante ipsum primis in faucibus orci luctus et ultrices posuere cubilia Curae; Mauris viverra diam vitae quam.",729,hollywood twin
t788,210.19,"Phasellus id sapien in sapien iaculis congue. Vivamus metus arcu, adipiscing molestie, hendrerit at, vulputate vitae, nisl. Aenean lectus.",888,studio
t789,736.82,"Integer aliquet, massa id lobortis convallis, tortor risus dapibus augue, vel accumsan tellus nisi eu orci. Mauris lacinia sapien quis libero.",519,king
t790,706.86,Duis mattis egestas metus. Aenean fermentum.,897,double-double
t791,660.52,"Cras mi pede, malesuada in, imperdiet et, commodo vulputate, justo.",786,king
t792,634.28,Sed vel enim sit amet nunc viverra dapibus. Nulla suscipit ligula in lacus. Curabitur at ipsum ac tellus semper interdum.,640,hollywood twin
t793,467.23,Maecenas pulvinar lobortis est. Phasellus sit amet erat. Nulla tempus.,707,king
t794,669.25,Sed accumsan felis. Ut at dolor quis odio consequat varius.,486,king
t795,443.93,"Vestibulum ac est lacinia nisi venenatis tristique. Fusce congue, diam id ornare imperdiet, sapien urna pretium nisl, ut volutpat sapien arcu sed augue.",659,studio
t796,731.7,In sagittis dui vel nisl.,689,queen
t797,928.3,Maecenas pulvinar lobortis est. Phasellus sit amet erat. Nulla tempus.,801,double-double
t798,223.64,Sed accumsan felis.,606,double-double
t799,263.69,Proin risus. Praesent lectus.,922,hollywood twin
t800,102.95,"Integer aliquet, massa id lobortis convallis, tortor risus dapibus augue, vel accumsan tellus nisi eu orci. Mauris lacinia sapien quis libero.",596,hollywood twin
t801,888.77,Morbi porttitor lorem id ligula. Suspendisse ornare consequat lectus.,574,twin
t802,902.56,Aenean lectus. Pellentesque eget nunc.,407,double-double
t803,763.06,Duis consequat dui nec nisi volutpat eleifend. Donec ut dolor.,907,king
t804,409.63,"Morbi sem mauris, laoreet ut, rhoncus aliquet, pulvinar sed, nisl.",883,hollywood twin
t805,703.86,"In est risus, auctor sed, tristique in, tempus sit amet, sem.",918,queen
t806,257.18,"Curabitur at ipsum ac tellus semper interdum. Mauris ullamcorper purus sit amet nulla. Quisque arcu libero, rutrum ac, lobortis vel, dapibus at, diam.",511,twin
t807,613.09,Mauris ullamcorper purus sit amet nulla.,567,queen
t808,344.23,Proin interdum mauris non ligula pellentesque ultrices.,805,queen
t809,566.23,Aliquam quis turpis eget elit sodales scelerisque. Mauris sit amet eros. Suspendisse accumsan tortor quis turpis.,695,double-double
t810,471.31,Maecenas rhoncus aliquam lacus. Morbi quis tortor id nulla ultrices aliquet.,789,twin
t811,795.92,"In est risus, auctor sed, tristique in, tempus sit amet, sem. Fusce consequat. Nulla nisl.",528,hollywood twin
t812,171.08,"Curabitur at ipsum ac tellus semper interdum. Mauris ullamcorper purus sit amet nulla. Quisque arcu libero, rutrum ac, lobortis vel, dapibus at, diam.",453,king
t813,561.46,Integer ac leo.,590,king
t814,321.21,Cras non velit nec nisi vulputate nonummy. Maecenas tincidunt lacus at velit. Vivamus vel nulla eget eros elementum pellentesque.,923,king
t815,568.07,"Duis ac nibh. Fusce lacus purus, aliquet at, feugiat non, pretium quis, lectus.",511,hollywood twin
t816,547.49,Nulla facilisi.,639,double-double
t817,815.02,"Aliquam augue quam, sollicitudin vitae, consectetuer eget, rutrum at, lorem. Integer tincidunt ante vel ipsum. Praesent blandit lacinia erat.",857,studio
t818,253.95,"In est risus, auctor sed, tristique in, tempus sit amet, sem.",792,studio
t819,920.29,Maecenas pulvinar lobortis est.,752,king
t820,641.6,Integer a nibh. In quis justo. Maecenas rhoncus aliquam lacus.,999,queen
t821,150.79,Vestibulum rutrum rutrum neque.,438,hollywood twin
t822,193.15,Suspendisse accumsan tortor quis turpis. Sed ante. Vivamus tortor.,421,hollywood twin
t823,784.82,Etiam vel augue.,880,studio
t824,317.13,Sed vel enim sit amet nunc viverra dapibus. Nulla suscipit ligula in lacus.,959,double-double
